PartNumber,OldPartNumber,SupplierProductCode,Brand,ProductName,Designation,RetailPriceIncludingTax,RetailPriceExcludingTax,BaseDealerPriceExcludingTax,BarCode,StockValue,CommodityCode,OnDemand,DropShipping,HtmlDescription,Description,Category1,Category2,Category3,Volume (cm³),Weight (g),Length (mm),Width (mm),Height (mm),Diámetro Ø (mm),Longitud (cm),Picture1,AllPicturesZIP,DeliveryPlant
1050324,892403,892403,FILCAR,FILCA EXTRACTOR SINGLE 5M-100MM,Extractor de gases pared simple FILCAR Ø100mm - 230cv,2008.60,1660.00,1245.00,892403,4,8421398090,0,0,"<p>Aspiradora individual de gases de escape, con ventilador integrado.&nbsp;Sistema de evacuación de gases simple, económico y que responde a las necesidades cotidianas. Montaje sobre pared.&nbsp;&nbsp;Datos técnicos (100 mm de diámetro):&nbsp; Motor: 1 CV / 0,75 KW Corriente de entrada: 230 V (trifásica) / 50 Hz Caudal de aire: 400 m3/h Temperatura máxima: 200 °C &nbsp;Incluye:&nbsp; Aspiradora con ventilador integrado Manguera EUROGAS con espiral de TPE, flexible, antiaplastamiento, de 5 m de longitus Boquerel de goma con boquilla extraíble y orificio para sonda Brida de acople rápido Soporte para pared Interruptor eléctrico""""""""</p>","
Aspiradora individual de gases de escape, con ventilador integrado. Sistema de evacuación de gases simple, económico y que responde a las necesidades cotidianas. Montaje sobre pared.  Datos técnicos (100 mm de diámetro):  Motor: 1 CV / 0,75 KW Corriente de entrada: 230 V (trifásica) / 50 Hz Caudal de aire: 400 m3/h Temperatura máxima: 200 °C  Incluye:  Aspiradora con ventilador integrado Manguera EUROGAS con espiral de TPE, flexible, antiaplastamiento, de 5 m de longitus Boquerel de goma con boquilla extraíble y orificio para sonda Brida de acople rápido Soporte para pared Interruptor eléctrico""""""""",TOOLING & WS,WS,WS. EXH. GAS EXTR.,663247,30000,1110,616,970,,,https://api.mybihr.com/medias/800Wx800H-1050324-1.jpg?context=bWFzdGVyfHJvb3R8Mjg0MDB8aW1hZ2UvanBlZ3xhR1ZqTDJnMlpDODJNalExT0RBd016SXlOalkxTkM4NE1EQlhlRGd3TUVoZk1UQTFNRE15TkMweExtcHdad3wyZjYzZWZkOTIwZGRiN2YyNThjYmFiNTUxNDk1NGVlOWE5MmM1MmRlYzNlM2MxNDA4YjMzNDJkNmUzNGIzOTA3,https://static.bihr.pro/eBihr/Pictures/FILCAR-pictures.zip,Spain Warehouse (Parts)
1050335,892426,BGT75/140,FILCAR,FILCA CONE SINGLE Ø75MM,Boquerel de goma simple FILCAR Ø75mm,160.93,133.00,99.75,BGT75/140,2,8421999099,0,1,"Boquerel de gases de escape de goma, con tapón extraíble y orificio para sondas.","Boquerel de gases de escape de goma, con tapón extraíble y orificio para sondas.",TOOLING & WS,WS,WS. EXH. GAS EXTR.,8627,983,316,175,156,,,https://api.mybihr.com/medias/1050335-1-800Wx800H?context=bWFzdGVyfHJvb3R8MzIxMzh8aW1hZ2UvanBlZ3xhRGhpTDJnM09DODRPVE01TlRReE5qVTVOamM0THpFd05UQXpNelV0TVY4NE1EQlhlRGd3TUVnfGMzYjAwMDFhNDY3NmUxNmExNDgzZGMyMmY0MzBkZTE4YWQ0ZWQ3MTYwY2U0ZWE5NDk2NWQyMjVhN2Q5OTVkYmY,https://static.bihr.pro/eBihr/Pictures/FILCAR-pictures.zip,Spain Warehouse (Parts)
1050337,892419,BRM75,FILCAR,FILCA OUTPUT SUP SINGLE,Boquerel de goma simple con soporte FILCAR Ø75mm,381.15,315.00,236.25,BRM75,1,8421999099,0,0,Boquerel de gases de escape con asta de regulación de altura.,Boquerel de gases de escape con asta de regulación de altura.,TOOLING & WS,WS,WS. EXH. GAS EXTR.,120000,46000,300,400,1000,,,https://api.mybihr.com/medias/1050337-1-800Wx800H?context=bWFzdGVyfHJvb3R8MTQ3NzV8aW1hZ2UvanBlZ3xhREV3TDJnek1pODRPVFEyTURVNU16YzROekU0THpFd05UQXpNemN0TVY4NE1EQlhlRGd3TUVnfGI3NmRkNzgwYjVlOTIxZjM4Y2EwNmZjNTg4OTk3MTc2MGQyNTY5MWU5ZWI3YTc2Mzg1MGMxYzlkZjM2MWY5N2Q,https://static.bihr.pro/eBihr/Pictures/FILCAR-pictures.zip,Spain Warehouse (Parts)
1050340,892466,CLT-100,FILCAR,FILCA ADAPTATOR Y Ø100MM,Conector en Y FILCAR Ø100mm,55.66,46.00,34.50,CLT-100,1,7307998099,0,1,Bifurcación para manguera de aspiración.,Bifurcación para manguera de aspiración.,TOOLING & WS,WS,WS. EXH. GAS EXTR.,22560,545,352,218,294,,,https://api.mybihr.com/medias/1050340-1-800Wx800H?context=bWFzdGVyfHJvb3R8ODg0OTd8aW1hZ2UvanBlZ3xhRFl6TDJnNFl5ODRPVEF5TWpReU5UazRPVFF5THpFd05UQXpOREF0TVY4NE1EQlhlRGd3TUVnfDljMTNmODFjMjE5ZTdhMDFkNjI3NDJlZmIwNmNlNzQ1ZjY5ZGM5YmY3NDkwMWY3ZTUwNzhlNjdmZGMxMjhmMDU,https://static.bihr.pro/eBihr/Pictures/FILCAR-pictures.zip,Spain Warehouse (Parts)
1050341,892465,CLT-75,FILCAR,FILCA ADAPTATOR Y 75MM,Conector en Y FILCAR Ø75mm,53.24,44.00,33.00,CLT-75,1,7307998099,0,1,Bifurcación para manguera de aspiración.,Bifurcación para manguera de aspiración.,TOOLING & WS,WS,WS. EXH. GAS EXTR.,4652,370,273,213,80,,,https://api.mybihr.com/medias/1050341-1-800Wx800H?context=bWFzdGVyfHJvb3R8ODg0OTd8aW1hZ2UvanBlZ3xhREJpTDJneU5TODRPVEkzTmpFMU5UZ3lNak00THpFd05UQXpOREV0TVY4NE1EQlhlRGd3TUVnfGI3ZTRiMTc1NzRmOTg2YTk1MmY3ZjlkOTE4NWE0OTFhODkyZTRmOTk0ZjY2OTI2NjE1MDA0ZmEzZmZiMjdkOTM,https://static.bihr.pro/eBihr/Pictures/FILCAR-pictures.zip,Spain Warehouse (Parts)
1050352,892407,EURO75/1,FILCAR,FILCA PIPE EXTRACTION SYST FOR GAS,Manguera de extracción FILCAR Ø75mm/1m,71.39,59.00,44.25,EURO75/1,1,4009410000,0,1,"Manguera de aspiración EUROGAS: Hecha de TPE, con espiral de nailon flexible, antiaplastamiento y resistencia térmica hasta 200 °C.","Manguera de aspiración EUROGAS: Hecha de TPE, con espiral de nailon flexible, antiaplastamiento y resistencia térmica hasta 200 °C.",TOOLING & WS,WS,WS. EXH. GAS EXTR.,27134,1200,605,390,115,,,https://api.mybihr.com/medias/1050352-1-800Wx800H?context=bWFzdGVyfHJvb3R8NDA4NTV8aW1hZ2UvanBlZ3xhREU0TDJobFlTODRPRFkzTkRJd09ETXhOemMwTHpFd05UQXpOVEl0TVY4NE1EQlhlRGd3TUVnfGQ2MmMxMDM4OTIzY2NjZWZmMDI2ODk1MDgyMzE4NmRmYjJmMjZhZDRlZTFjZWZjOTBiYWQwZjJjZDMzYzVkMTY,https://static.bihr.pro/eBihr/Pictures/FILCAR-pictures.zip,Spain Warehouse (Parts)
1050355,89040003,FSC-100,FILCAR,FILCA COLLAR 100MM,Brida metálica para manguito FILCAR Ø100mm,3.63,3.00,2.25,FSC-100,1,8421999099,0,1,Brida de acople de manguera a boquerel u otros accesorios.,Brida de acople de manguera a boquerel u otros accesorios.,TOOLING & WS,WS,WS. EXH. GAS EXTR.,563,40,124,142,32,,,https://api.mybihr.com/medias/1050355-1-800Wx800H?context=bWFzdGVyfHJvb3R8NDc5OTV8aW1hZ2UvanBlZ3xhRFJsTDJneFpTODRPVEkzTmpFMU56YzRPRFEyTHpFd05UQXpOVFV0TVY4NE1EQlhlRGd3TUVnfGUzYjkzZjc5YmQ1NDA0MTlhOWUxN2UzMWQ1OTFmNjM0ODNmYWEyMjQ5OTE1YTk5ZDEyOGMzNGI5MDRiYzhkZTU,https://static.bihr.pro/eBihr/Pictures/FILCAR-pictures.zip,Spain Warehouse (Parts)
1050360,89040007,TE-100,FILCAR,FILCA CONNECT SLEEVE Ø100MM,Manguitos de empalme FILCAR Ø100mm,29.04,24.00,18.00,TE-100,1,8421999099,0,1,Permite empalmar mangueras de extracción.,Permite empalmar mangueras de extracción.,TOOLING & WS,WS,WS. EXH. GAS EXTR.,1841,207,143,111,116,,,https://api.mybihr.com/medias/1050360-1-800Wx800H?context=bWFzdGVyfHJvb3R8OTg1NnxpbWFnZS9qcGVnfGFHWmxMMmhrTlM4NE9UVXpPRFV3TWpBd01EazBMekV3TlRBek5qQXRNVjg0TURCWGVEZ3dNRWd8ZWRmYzMxZTAyOGE3NTdhMDg3ZGIxNjdlMjhhNWJjNDdkMzk4ZjRjMGMwN2YzOTgwOGVlOWYzMTQzNmEwNTUxZQ,https://static.bihr.pro/eBihr/Pictures/FILCAR-pictures.zip,Spain Warehouse (Parts)
1050361,89040006,TE-75,FILCAR,FILCA CONNECT SLEEVE Ø75MM,Manguitos de empalme FILCAR Ø75mm,25.41,21.00,15.75,TE-75,1,8421999099,0,1,Permite empalmar mangueras de extracción.,Permite empalmar mangueras de extracción.,TOOLING & WS,WS,WS. EXH. GAS EXTR.,1659,161,131,149,85,,,https://api.mybihr.com/medias/1050361-1-800Wx800H?context=bWFzdGVyfHJvb3R8OTg1NnxpbWFnZS9qcGVnfGFEZGxMMmd4Tnk4NE9USTNOakUxT1RjMU5EVTBMekV3TlRBek5qRXRNVjg0TURCWGVEZ3dNRWd8MWNlOTI1MDgxM2Q5NGE1NzY4YjAzYzQ5NDE0M2E4ZGVkNmJiZmE3YmQwODkyODJmOTRlYWQxMmFmMzI2NmNhZA,https://static.bihr.pro/eBihr/Pictures/FILCAR-pictures.zip,Spain Warehouse (Parts)
1050322,892401,892401,FILCAR,FILCA HOSE REEL 7M,Extractor de gases FILCAR,2998.38,2478.00,1858.50,892401,0,8421999099,0,0,"<p><strong>Enrollador mecánico para mangueras de aspiración de gases de escape de motos y vehículos ligeros.</strong></p>
<p>Con sistema de bloqueo y muelle. Se puede fijar a la pared o al techo.</p>
<p>&nbsp;</p>
<p><strong>Datos técnicos:</strong></p>
<p>Motor: 0,51 CV / 0,37 KW</p>
<p>Corriente de entrada: 230 V monofase / 50 Hz</p>
<p>Caudal de aire: 400m<sup>3</sup>/h</p>
<p>Temperatura máxima: 200°C</p>
<p>Peso: 50 Kg</p>
<p>&nbsp;</p>
<p>&nbsp;</p>
<p><strong>Incluye</strong>:</p>
<p>Enrollador automático con ventilador de aspiración</p>
<p>Manguera flexible EUROGAS, de TPE, con 7,5 m de longitud y 100 mm de diámetro, anti aplastamiento</p>
<p>Boquerel de goma de 100 mm de diámetro con boquilla extraíble</p>
<p>Tope de fin de carrera</p>
<p>Dos abrazaderas para manguera Interruptor eléctrico.</p>","
Enrollador mecánico para mangueras de aspiración de gases de escape de motos y vehículos ligeros.

Con sistema de bloqueo y muelle. Se puede fijar a la pared o al techo.

 

Datos técnicos:

Motor: 0,51 CV / 0,37 KW

Corriente de entrada: 230 V monofase / 50 Hz

Caudal de aire: 400m3/h

Temperatura máxima: 200°C

Peso: 50 Kg

 

 

Incluye:

Enrollador automático con ventilador de aspiración

Manguera flexible EUROGAS, de TPE, con 7,5 m de longitud y 100 mm de diámetro, anti aplastamiento

Boquerel de goma de 100 mm de diámetro con boquilla extraíble

Tope de fin de carrera

Dos abrazaderas para manguera Interruptor eléctrico.",TOOLING & WS,WS,WS. EXH. GAS EXTR.,799304,51000,1465,620,880,,,https://api.mybihr.com/medias/800Wx800H-1050322-1.jpg?context=bWFzdGVyfHJvb3R8Mjk4OTZ8aW1hZ2UvanBlZ3xhR0l6TDJneE9DODJNalExT0RBd01qZ3pNelF6T0M4NE1EQlhlRGd3TUVoZk1UQTFNRE15TWkweExtcHdad3wwMzVjNmU0NzA4NTA4NzUzZjU2MzgxYTI2ZWU5MDczOTg5OTgyODIwNjAzYmIxYzU3ZWE1NzQzMWZhNmNiMjA5,https://static.bihr.pro/eBihr/Pictures/FILCAR-pictures.zip,Spain Warehouse (Parts)
1050323,892402,892402,FILCAR,FILCA EXTRACTOR SINGLE 5M-75MM,Extractor de gases pared simple FILCAR Ø75mm - 230cv,1727.88,1428.00,1071.00,892402,1,8421398090,0,0,"<p>Aspiradora individual de gases de escape, con ventilador integrado.&nbsp;Sistema de evacuación de gases simple, económico y que responde a las necesidades cotidianas. Montaje sobre pared.&nbsp;Datos técnicos:&nbsp; Motor: 0,51 CV / 0,37 KW Corriente de entrada: 230 V (trifásica) / 50 Hz Caudal de aire: 300 m3/h Temperatura máxima: 200 °C &nbsp;Incluye:&nbsp; Aspiradora con ventilador integrado Manguera EUROGAS con espiral de TPE, flexible, antiaplastamiento, de 5 m de longitus Boquerel de goma con boquilla extraíble y orificio para sonda Brida de acople rápido Soporte para pared Interruptor eléctrico""""""""</p>","
Aspiradora individual de gases de escape, con ventilador integrado. Sistema de evacuación de gases simple, económico y que responde a las necesidades cotidianas. Montaje sobre pared. Datos técnicos:  Motor: 0,51 CV / 0,37 KW Corriente de entrada: 230 V (trifásica) / 50 Hz Caudal de aire: 300 m3/h Temperatura máxima: 200 °C  Incluye:  Aspiradora con ventilador integrado Manguera EUROGAS con espiral de TPE, flexible, antiaplastamiento, de 5 m de longitus Boquerel de goma con boquilla extraíble y orificio para sonda Brida de acople rápido Soporte para pared Interruptor eléctrico""""""""",TOOLING & WS,WS,WS. EXH. GAS EXTR.,663247,46000,1110,616,970,,,https://api.mybihr.com/medias/800Wx800H-1050323-1.jpg?context=bWFzdGVyfHJvb3R8Mjg0MDB8aW1hZ2UvanBlZ3xhRE13TDJnMk55ODJNalExT0RBd016QXpNREEwTmk4NE1EQlhlRGd3TUVoZk1UQTFNRE15TXkweExtcHdad3wwOTM2Y2FiMzA1Y2Y4NjkyNDk0ZjliYzFhYTQ0MjE3NzEwYzU0YzU0NTUwZTg4Nzk1MTYzZDE5NzdkYjRjMjFi,https://static.bihr.pro/eBihr/Pictures/FILCAR-pictures.zip,Spain Warehouse (Parts)
1050342,89040005,COPRI-FSC-100,FILCAR,FILCA PROTECTION COLLAR Ø100MM,Cinta de protección para brida metálica FILCAR Ø100mm,7.26,6.00,4.50,COPRI-FSC-100,2,4009410000,0,1,Cinta protectora de plástico para cualquier componente que pueda estar en contacto con bridas de cierre métalicas.,Cinta protectora de plástico para cualquier componente que pueda estar en contacto con bridas de cierre métalicas.,TOOLING & WS,WS,WS. EXH. GAS EXTR.,415,23,111,101,37,,,https://api.mybihr.com/medias/1050342-1-800Wx800H?context=bWFzdGVyfHJvb3R8MTI5MTZ8aW1hZ2UvanBlZ3xhRFV3TDJoaU5pODRPVEV3TXpZeU9EQTBNalUwTHpFd05UQXpOREl0TVY4NE1EQlhlRGd3TUVnfGE2YzNmY2E5ZmU3Y2FiNWUwNjMyYWU5N2YwNjk2MjQ5ZTg1Zjg3Y2E4ZDg5MzkxMjk5ZTY0OTkxNDExOTA1MjY,https://static.bihr.pro/eBihr/Pictures/FILCAR-pictures.zip,Spain Warehouse (Parts)
1050343,89040004,COPRI-FSC-75,FILCAR,FILCA PROTECTION COLLAR Ø75MM,Cinta de protección para brida metálica FILCAR Ø75mm,6.05,5.00,3.75,COPRI-FSC-75,2,4009410000,0,1,Cinta protectora de plástico para cualquier componente que pueda estar en contacto con bridas de cierre métalicas.,Cinta protectora de plástico para cualquier componente que pueda estar en contacto con bridas de cierre métalicas.,TOOLING & WS,WS,WS. EXH. GAS EXTR.,518,40,108,96,50,,,https://api.mybihr.com/medias/1050343-1-800Wx800H?context=bWFzdGVyfHJvb3R8MTI5MTZ8aW1hZ2UvanBlZ3xhR1ZtTDJneU5pODRPVFV6T0RRNU9EQTJPRGM0THpFd05UQXpORE10TVY4NE1EQlhlRGd3TUVnfDAzODQ5MDczODk2ZTYxY2I2MDhlODIwMDViZTk2ZTBhNzMwYjE4M2E3MTI0MTUyODgwNmVhMGQ2YjZkM2Y4Y2U,https://static.bihr.pro/eBihr/Pictures/FILCAR-pictures.zip,Spain Warehouse (Parts)
1050344,89040001,D24288,FILCAR,FILCA HOSE REEL AUTO 7M,Extractor de gases automático con ventilador integrado FILCAR 7m,4433.44,3664.00,2748.00,89040001,1,8421999099,0,0,"Enrollador automático de manguera de aspiración de gases, con funcionamiento por mando. Reduce las molestias que normalmente provoca el manejo o el peso de la manguera.  Se puede fijar a la pared o al techo. Datos técnicos: 			Motor: 1 CV / 0,75 KW Corriente de entrada: 230 V monofase / 50 Hz Caudal de aire: 650 m3/h Temperatura máxima: 200°C Peso: 52 Kg		 Incluye: 			Enrollador automático con ventilador de aspiración Manguera flexible EUROGAS, de TPE, con 7,5 m de longitud y 100 mm de diámetro, antiaplastamiento Boquerel de goma de 100 mm de diámetro con boquilla extraíble Tope de fin de carrera Dos abrazaderas para manguera Interruptor eléctrico","Enrollador automático de manguera de aspiración de gases, con funcionamiento por mando. Reduce las molestias que normalmente provoca el manejo o el peso de la manguera.  Se puede fijar a la pared o al techo. Datos técnicos: 			Motor: 1 CV / 0,75 KW Corriente de entrada: 230 V monofase / 50 Hz Caudal de aire: 650 m3/h Temperatura máxima: 200°C Peso: 52 Kg		 Incluye: 			Enrollador automático con ventilador de aspiración Manguera flexible EUROGAS, de TPE, con 7,5 m de longitud y 100 mm de diámetro, antiaplastamiento Boquerel de goma de 100 mm de diámetro con boquilla extraíble Tope de fin de carrera Dos abrazaderas para manguera Interruptor eléctrico",TOOLING & WS,WS,WS. EXH. GAS EXTR.,1251360,100000,1760,790,900,,,https://api.mybihr.com/medias/800Wx800H-1050344-1.jpg?context=bWFzdGVyfHJvb3R8MzI2NzB8aW1hZ2UvanBlZ3xhRGd6TDJoa055ODJNalExT0RBd05ESXdPVFk1TkM4NE1EQlhlRGd3TUVoZk1UQTFNRE0wTkMweExtcHdad3wxNzM4ODRiZTk3NGUwY2JkNTBkMDA4YjRiZTExYmJhY2Y3MGE4M2IxYjI2Yjg4NTRjYmUwZDMyZjFiZDg1Njdi,https://static.bihr.pro/eBihr/Pictures/FILCAR-pictures.zip,France Warehouse (Parts)
1050348,892408,EURO100/1,FILCAR,FILCA PIPE EXTRACTION SYST FOR GAS,Manguera de extracción FILCAR Ø100mm/1m,81.07,67.00,50.25,EURO100/1,2,4009410000,0,1,"Manguera de aspiración EUROGAS: Hecha de TPE, con espiral de nailon flexible, antiaplastamiento y resistencia térmica hasta 200 °C.","Manguera de aspiración EUROGAS: Hecha de TPE, con espiral de nailon flexible, antiaplastamiento y resistencia térmica hasta 200 °C.",TOOLING & WS,WS,WS. EXH. GAS EXTR.,44256,2050,605,385,190,,,https://api.mybihr.com/medias/1050348-1-800Wx800H?context=bWFzdGVyfHJvb3R8NDA4NTV8aW1hZ2UvanBlZ3xhR1ppTDJnd1lTODRPVFE1TXpFME1EWXdNekU0THpFd05UQXpORGd0TVY4NE1EQlhlRGd3TUVnfGU2NDc2YzhiMDk5MTc5ODE3OWY5N2FiNzE5ZWEwZTA2MTFhZjkzYzBjOTMwMTY2Mzc2YTM5ODU2NDk5MDYyNjg,https://static.bihr.pro/eBihr/Pictures/FILCAR-pictures.zip,Spain Warehouse (Parts)
1050333,892427,BGT100/140,FILCAR,FILCA CONE SINGLE Ø100MM,Boquerel de goma simple FILCAR Ø100mm,160.93,133.00,99.75,BGT100/140,2,8421999099,0,1,"Boquerel de gases de escape de goma, con tapón extraíble y orificio para sondas.","Boquerel de gases de escape de goma, con tapón extraíble y orificio para sondas.",TOOLING & WS,WS,WS. EXH. GAS EXTR.,8166,994,319,159,161,,,https://api.mybihr.com/medias/1050333-1-800Wx800H?context=bWFzdGVyfHJvb3R8MzIxNzV8aW1hZ2UvanBlZ3xhRFExTDJoaU9TODRPVEkwT0RjMU1qa3lOekF5THpFd05UQXpNek10TVY4NE1EQlhlRGd3TUVnfGFmNzhkNWQ4ODg5NGIzNzdjNzU2NDJjNTRhYmIwY2E2OTYyMDA5OTg4NGQ4ZWIyZmVjNmFlMDljOTU3NjE1ZTc,https://static.bihr.pro/eBihr/Pictures/FILCAR-pictures.zip,Spain Warehouse (Parts)
1050350,89110005,EURO100/3,FILCAR,FILCA PIPE EXTRACTION SYST FOR GAS,Manguera de extracción FILCAR Ø100mm/3m,243.21,201.00,150.75,EURO100/3,2,4009410000,0,0,"Manguera de aspiración EUROGAS: Hecha de TPE, con espiral de nailon flexible, antiaplastamiento y resistencia térmica hasta 200 °C.","Manguera de aspiración EUROGAS: Hecha de TPE, con espiral de nailon flexible, antiaplastamiento y resistencia térmica hasta 200 °C.",TOOLING & WS,WS,WS. EXH. GAS EXTR.,88200,3900,500,420,420,,,https://api.mybihr.com/medias/1050350-1-800Wx800H?context=bWFzdGVyfHJvb3R8NDA4NTV8aW1hZ2UvanBlZ3xhR05tTDJoa1l5ODRPVFV6T0RVd01EQXpORGcyTHpFd05UQXpOVEF0TVY4NE1EQlhlRGd3TUVnfDlkOWQ0MmRjYjA2YTFkYzBjYmNmMGZlZmY1OTNiYTU5ZWNhMTRmN2JmNGRiODE0ZjI2MjlkNjE3YTNmNTZiZmI,https://static.bihr.pro/eBihr/Pictures/FILCAR-pictures.zip,Spain Warehouse (Parts)
1050351,89110007,EURO100/5,FILCAR,FILCA PIPE EXTRACTION SYST FOR GAS,Manguera de extracción FILCAR Ø100mm/5m,406.56,336.00,252.00,EURO100/5,1,4009410000,0,0,"Manguera de aspiración EUROGAS: Hecha de TPE, con espiral de nailon flexible, antiaplastamiento y resistencia térmica hasta 200 °C.","Manguera de aspiración EUROGAS: Hecha de TPE, con espiral de nailon flexible, antiaplastamiento y resistencia térmica hasta 200 °C.",TOOLING & WS,WS,WS. EXH. GAS EXTR.,226957,6677,760,617,484,,,https://api.mybihr.com/medias/1050351-1-800Wx800H?context=bWFzdGVyfHJvb3R8NDA4NTV8aW1hZ2UvanBlZ3xhR1V3TDJnek9DODRPVFEyTURVNU5UYzFNekkyTHpFd05UQXpOVEV0TVY4NE1EQlhlRGd3TUVnfDViNTdiODQ1ODIzYjBmMmQyZWE1NmU0OGNmMTI3OGNmYjI1MGI2NTY5YmRmYWZjODk1ZGFlMWNkNWY3ZDYzYzI,https://static.bihr.pro/eBihr/Pictures/FILCAR-pictures.zip,Spain Warehouse (Parts)
1050353,892417,EURO75/3,FILCAR,FILCA PIPE EXTRACTION SYST FOR GAS,Manguera de extracción FILCAR Ø75mm/3m,214.17,177.00,132.75,EURO75/3,1,4009410000,0,1,"Manguera de aspiración EUROGAS: Hecha de TPE, con espiral de nailon flexible, antiaplastamiento y resistencia térmica hasta 200 °C.","Manguera de aspiración EUROGAS: Hecha de TPE, con espiral de nailon flexible, antiaplastamiento y resistencia térmica hasta 200 °C.",TOOLING & WS,WS,WS. EXH. GAS EXTR.,65000,3650,650,500,200,,,https://api.mybihr.com/medias/1050353-1-800Wx800H?context=bWFzdGVyfHJvb3R8NDA4NTV8aW1hZ2UvanBlZ3xhR1kzTDJnNFl5ODRPVE0xTVRneE5qUTNPVEF5THpFd05UQXpOVE10TVY4NE1EQlhlRGd3TUVnfDIyMDNhYzI4ODk0ZWI0MzY3MzQ1MzNjZDEzNGFkMmVjMzE1MzBmNDdlNWUzOGQ5MWExNWVjYWQ1ZWJkMDMxODI,https://static.bihr.pro/eBihr/Pictures/FILCAR-pictures.zip,Spain Warehouse (Parts)
1050332,892422,ATR75,FILCAR,FILCA COUPLING QUICK Ø75MM,Conector rápido FILCAR Ø75mm,340.01,281.00,210.75,ATR75,0,7307998099,0,1,Racor rápido para empalmar sistemas de aspiración o para alargar tubos de extracción.,Racor rápido para empalmar sistemas de aspiración o para alargar tubos de extracción.,TOOLING & WS,WS,WS. EXH. GAS EXTR.,2552,650,135,135,140,,,https://api.mybihr.com/medias/800Wx800H-1050332-1.jpg?context=bWFzdGVyfHJvb3R8NDYzMDF8aW1hZ2UvanBlZ3xhRFJoTDJnNE1pODJNalExT0RBd016Z3hOalEzT0M4NE1EQlhlRGd3TUVoZk1UQTFNRE16TWkweExtcHdad3xkNWU1NjIyMGI4ZDJmMzVhYTBiZDg0M2ViNzljZGYyMjRjNDdhMGIxZmM0ZGJkMjVjMDEwM2VkYzBlZWU0ZjMx,https://static.bihr.pro/eBihr/Pictures/FILCAR-pictures.zip,Spain Warehouse (Parts)
1050331,892421,ATR100,FILCAR,FILCA COUPLING QUICK Ø100MM,Conector rápido FILCAR Ø100mm,340.01,281.00,210.75,ATR100,1,7307998099,0,1,"<html>	<head>		<meta http-equiv=""Content-Type"" content=""text/html; charset=utf-8""><title>		</title>		<style type=""text/css"">.cs95E872D0{text-align:left;margin:0pt 0pt 0pt 0pt;}.csA7555675{color:#000;background-color:transparent;font-weight:normal;font-style:normal;}</style>	</head>	<body>		<p>Quick coupling for connection to an extraction system to extend a extraction pipe.</p></body></html>",											Quick coupling for connection to an extraction system to extend a extraction pipe.,TOOLING & WS,WS,WS. EXH. GAS EXTR.,2552,650,135,135,140,,,https://api.mybihr.com/medias/800Wx800H-1050331-1.jpg?context=bWFzdGVyfHJvb3R8NDYzMDF8aW1hZ2UvanBlZ3xhRGRoTDJnM1lpODJNalExT0RBd016WXhPVGczTUM4NE1EQlhlRGd3TUVoZk1UQTFNRE16TVMweExtcHdad3wyNjNkZTQxMmZhYjY2OGNhZmIwNWVjMTI3ZTY1YmZiYTgwMTAwYWU5OTAxMDY1ZWE1MmFhMTRkZGZkNTZkZjNh,https://static.bihr.pro/eBihr/Pictures/FILCAR-pictures.zip,Spain Warehouse (Parts)
1050336,892423,BRM100,FILCAR,FILCA OUTPUT SUP SINGLE,Boquerel de goma simple con soporte FILCAR Ø100mm,431.97,357.00,267.75,BRM100,1,8421999099,0,0,Boquerel de gases de escape con asta de regulación de altura.,Boquerel de gases de escape con asta de regulación de altura.,TOOLING & WS,WS,WS. EXH. GAS EXTR.,120000,46000,300,400,1000,,,https://api.mybihr.com/medias/800Wx800H-1050336-1.jpg?context=bWFzdGVyfHJvb3R8MTcxODR8aW1hZ2UvanBlZ3xhR00yTDJoa01DODJNalExT0RBd05EQXhNekE0Tmk4NE1EQlhlRGd3TUVoZk1UQTFNRE16TmkweExtcHdad3xkNTk5YjYzY2YzOGM4MWZkMmY3YjkxMTg0YzE5NTFlZDIwYWNhODNlMzM4YTkyMTQyYWIxMDMwMTU3NTBmZjJl,https://static.bihr.pro/eBihr/Pictures/FILCAR-pictures.zip,Spain Warehouse (Parts)
1050338,892406,BRMS100,FILCAR,FILCA OUTPUT SUP DUAL,Doble boquerel de goma con soporte FILCAR Ø100mm,1016.40,840.00,630.00,BRMS100,1,8421999099,0,0,"Extractor de pared con salida doble, con altura y longitud regulables. 			Incluye dos boquereles, dos mangueras de aspiración y una bifurcación para manguera.""""""""","Extractor de pared con salida doble, con altura y longitud regulables. 			Incluye dos boquereles, dos mangueras de aspiración y una bifurcación para manguera.""""""""",TOOLING & WS,WS,WS. EXH. GAS EXTR.,960000,46000,1200,800,1000,,,https://api.mybihr.com/medias/1050338-1-800Wx800H?context=bWFzdGVyfHJvb3R8MjM3NzN8aW1hZ2UvanBlZ3xhR0kwTDJnNU15ODRPVE0xTVRneE5EVXhNamswTHpFd05UQXpNemd0TVY4NE1EQlhlRGd3TUVnfDcxMWJkMzllYzQyNDNiNzQ5ODQzZWQ0NTkxN2IyOWZmNjM5ZjAyODRiOTdhZDJmYzNjNmNjNzUzMjJmMGY5ZjI,https://static.bihr.pro/eBihr/Pictures/FILCAR-pictures.zip,Spain Warehouse (Parts)
1050354,89110003,EURO75/5,FILCAR,FILCA PIPE EXTRACTION SYST FOR GAS,Manguera de extracción FILCAR Ø75mm/5m,355.74,294.00,220.50,EURO75/5,1,4009410000,0,1,"Manguera de aspiración EUROGAS: Hecha de TPE, con espiral de nailon flexible, antiaplastamiento y resistencia térmica hasta 200 °C.","Manguera de aspiración EUROGAS: Hecha de TPE, con espiral de nailon flexible, antiaplastamiento y resistencia térmica hasta 200 °C.",TOOLING & WS,WS,WS. EXH. GAS EXTR.,85307,5082,520,441,372,,,https://api.mybihr.com/medias/1050354-1-800Wx800H?context=bWFzdGVyfHJvb3R8NDA4NTV8aW1hZ2UvanBlZ3xhR1EzTDJoalpDODRPVE01TlRReU1EVXlPRGswTHpFd05UQXpOVFF0TVY4NE1EQlhlRGd3TUVnfGFkMjhlMDRhMWVjNGEzMTE3NThmYjcxN2E0MjQ0MWVjZjFlZTJhNmU1NzcwYzEyYzM1YWE5YmYwODQ5ZmVmYzQ,https://static.bihr.pro/eBihr/Pictures/FILCAR-pictures.zip,Spain Warehouse (Parts)
1050356,89040002,FSC-75,FILCAR,FILCA COLLAR Ø75MM,Brida metálica para manguito FILCAR Ø75mm,2.42,2.00,1.50,FSC-75,0,8421999099,0,1,Brida de acople de manguera a boquerel u otros accesorios.,Brida de acople de manguera a boquerel u otros accesorios.,TOOLING & WS,WS,WS. EXH. GAS EXTR.,123,31,85,85,17,,,https://api.mybihr.com/medias/1050356-1-800Wx800H?context=bWFzdGVyfHJvb3R8NDc5OTV8aW1hZ2UvanBlZ3xhR00yTDJobU5pODRPVEV3TXpZek1UazNORGN3THpFd05UQXpOVFl0TVY4NE1EQlhlRGd3TUVnfGZmNWY1NThjNDQ3N2FkYmMzYzY2ZmJkODI4MmM1NDNkM2VlMGYyYzczMjVmOTQ2MTAwMGU1OTllOWIwMWJiZTU,https://static.bihr.pro/eBihr/Pictures/FILCAR-pictures.zip,Spain Warehouse (Parts)
1050359,892413,KITREFLAT-160,FILCAR,FILCA CHIMNEY HORIZONTAL,Kit de salida de gases Filcar,381.15,315.00,236.25,KITREFLAT-160,4,7307998099,0,0,"Kit de evacuación de gases, con manguera de aluminio de 3 m de longitud y 160 mm de diámetro.","Kit de evacuación de gases, con manguera de aluminio de 3 m de longitud y 160 mm de diámetro.",TOOLING & WS,WS,WS. EXH. GAS EXTR.,51767,3513,518,347,288,,,https://api.mybihr.com/medias/1050359-1-800Wx800H?context=bWFzdGVyfHJvb3R8MjU4ODV8aW1hZ2UvanBlZ3xhR1F3TDJneFpDODRPRFkzTkRJek5UZzBNamcyTHpFd05UQXpOVGt0TVY4NE1EQlhlRGd3TUVnfDk4MDBlODRhZTViOTc0MmM1OGNlNDk2NTc2NTgzY2I3M2RkNmY0MGI1YmMxMTgwMWQ3ZDRiNGUwNDYwYTZlMGI,https://static.bihr.pro/eBihr/Pictures/FILCAR-pictures.zip,Spain Warehouse (Parts)
