PartNumber,OldPartNumber,SupplierProductCode,Brand,ProductName,Designation,RetailPriceIncludingTax,RetailPriceExcludingTax,BaseDealerPriceExcludingTax,BarCode,StockValue,CommodityCode,OnDemand,DropShipping,HtmlDescription,Description,Category1,Category2,Category3,V-Talla,Volume (cm³),Weight (g),Length (mm),Width (mm),Height (mm),Capacidad (ml/l),Color,Especificaciones,Homologación,Potencia máxima (lúmenes),Talla,Tipo de luz,Picture1,Picture2,Picture3,Picture4,Picture5,Picture6,Picture7,Picture8,Picture9,Picture10,Picture11,Picture12,AllPicturesZIP,Document1,Document2,DeliveryPlant
1070735,,00204-N,RISK RACING,RISK BIKE STAND RISK LOCK & LOAD PRO MIN,Caballete de transporte mini RISK RACING stand Lock & Load,325.49,269.00,174.85,64000002,0,7326909890,0,1,"<html> <head> <meta http-equiv=""Content-Type"" content=""text/html; charset=utf-8""><title> </title> <style type=""text/css"">.cs95E872D0{text-align:left;margin:0pt 0pt 0pt 0pt;}.cs20EE0811{color:#000;background-color:transparent;font-weight:bold;font-style:normal;}.csC235ED31{color:#000;background-color:transparent;font-weight:normal;font-style:normal;}</style> </head> <body> <p>Transport your dirt bike without straps !</p><p></p><p>RISK RACING Lock-N-Load Pro systems are fully adjustable in both width and height. This allow to capture a much broader range of bikes, from 85cc to big bore up to 140kg. Users simply set the appropriate width and then roll the bike into the system and press down on the ratcheting jaws until the bike is secure. This new system knows few limits and can haul numerous bikes from a Cobra 50cc to a KTM 690 Enduro!</p><p></p><p>It grabs the bike by foot pegs which keeps the front and rear of the bike secure. The system distributes the load to both suspensions, minimizing blown fork seals. There is no need for tie-downs straps or wheel chocks, providing huge space saving benefits when transporting bikes in trucks, vans, trailers or toy haulers. The system eliminates the need to space bikes out and triangulate a web of straps. In fact, riders can position bikes side by side to save even more space for additional gear.</p><p></p><p>This next generation transport system is made from extruded aluminum. Not only is the aluminum material durable yet extremely light-weight, the extruded design allows for the struts to be removed from your truck, van, or trailer in mere seconds, leaving only the low-profile aluminum base plate. The necessary mounting hardware is included.</p><p></p></body> </html>","       Transport your dirt bike without straps !RISK RACING Lock-N-Load Pro systems are fully adjustable in both width and height. This allow to capture a much broader range of bikes, from 85cc to big bore up to 140kg. Users simply set the appropriate width and then roll the bike into the system and press down on the ratcheting jaws until the bike is secure. This new system knows few limits and can haul numerous bikes from a Cobra 50cc to a KTM 690 Enduro!It grabs the bike by foot pegs which keeps the front and rear of the bike secure. The system distributes the load to both suspensions, minimizing blown fork seals. There is no need for tie-downs straps or wheel chocks, providing huge space saving benefits when transporting bikes in trucks, vans, trailers or toy haulers. The system eliminates the need to space bikes out and triangulate a web of straps. In fact, riders can position bikes side by side to save even more space for additional gear.This next generation transport system is made from extruded aluminum. Not only is the aluminum material durable yet extremely light-weight, the extruded design allows for the struts to be removed from your truck, van, or trailer in mere seconds, leaving only the low-profile aluminum base plate. The necessary mounting hardware is included. ",VEHICLE PARTS & ACCESSORIES,ACCESSORIES,ACC. ACCESS.,,42069,5532,613,258,266,,,,,,,,https://api.mybihr.com/medias/1070735-1-800Wx800H?context=bWFzdGVyfHJvb3R8MTY3MzE1fGltYWdlL2pwZWd8YUdRekwyZzNOeTg0T1RjMU5UazRPRGM0TnpVd0x6RXdOekEzTXpVdE1WODRNREJYZURnd01FZ3wzYTE1Njg1MDNiYTRmMzdlOGMyZWYxZWU0ZThlZjc3ZDBjNzg4ZmQyMGI1M2E4YmFiZDE4Y2E5ODY1MjEwM2M4,https://api.mybihr.com/medias/1070735-3-800Wx800H?context=bWFzdGVyfHJvb3R8MTY1Nzc3fGltYWdlL2pwZWd8YUdZMkwyaGpPQzg0T1RjMU5UazVNVEE0TVRJMkx6RXdOekEzTXpVdE0xODRNREJYZURnd01FZ3wwMzA4ZDJiZTVmYTQ1YjE2M2QxNTE2MjBkZTgxMDRjNTAxYWJiZDgzNTA3NGQ1MGI5MWFjM2Q5MmVhMmY4YWNm,https://api.mybihr.com/medias/1070735-4-800Wx800H?context=bWFzdGVyfHJvb3R8MTYyNzM0fGltYWdlL2pwZWd8YUdNMkwyaGpaaTg0T1RjMU5UazVNekEwTnpNMEx6RXdOekEzTXpVdE5GODRNREJYZURnd01FZ3xmZDI2ZTI0ZTIxMGYwM2UwOGI5MzE1YzcwYjIwYWQwNWQ1ZGE4NmZmMTcyMDM3YzMxMDM0OTFjNzg0YTYzMjY2,https://api.mybihr.com/medias/1070735-5-800Wx800H?context=bWFzdGVyfHJvb3R8MTY1ODExfGltYWdlL2pwZWd8YURrM0wyaGtOaTg0T1RjMU5UazVOVEF4TXpReUx6RXdOekEzTXpVdE5WODRNREJYZURnd01FZ3xhZmMzMmY1YmZlMzg0MjkzODViZjk0OTY1Y2Y3MWQxNjg1YzA5MmU1MjdjMzlmZWY2OTk5NmJlNmFiOGY0YTYz,https://api.mybihr.com/medias/1070735-6-800Wx800H?context=bWFzdGVyfHJvb3R8MTk0MDA3fGltYWdlL2pwZWd8YURBMEwyaGtZaTg0T1RjMU5UazVOamszT1RVd0x6RXdOekEzTXpVdE5sODRNREJYZURnd01FZ3xkMDUwZDgwMmUxYjVmNmQ1NDBmNDk5ODI0MTZkMzE3ODdlODQ3NmVmMGQwZTJmYmI3YjEyYzM2OTczNzI2ZThi,https://api.mybihr.com/medias/1070735-7-800Wx800H?context=bWFzdGVyfHJvb3R8MTY3NjI0fGltYWdlL2pwZWd8YUdRMEwyaGxNUzg0T1RjMU5UazVPRGswTlRVNEx6RXdOekEzTXpVdE4xODRNREJYZURnd01FZ3wzZWMzZjc1YWIxYjIyYmFhOWZlNDE2YmUzODI0NzAwODQ4ZDQzNTk0NDljYjE1OGNmYTUyNTVhNTg0MWY2ZDA1,,,,,,,https://static.bihr.pro/eBihr/Pictures/RISK_RACING-pictures.zip,,,Spain Warehouse (Parts)
1061191,63500046,00395,RISK RACING,RISK SPARE PART RISK ROLL OFF RIPPER,Roll-Off automático Risk,159.50,131.82,85.68,894717003955,0,8714109090,0,1,"<p>El Ripper es un sistema revolucionario para gafas con roll-off. Con solo pulsar el botón del mando inalámbrico en el manillar, el Ripper tira del rollo en la mayoría de los sistemas roll-off para despejar la visión del piloto en menos de un segundo.</p><p><br></p><p>Despeja la visión de tus gafas en tan solo 1 segundo</p><p>Se acabó retirar las manos del manillar para quitar el roll-off</p><p>Se puede usar con casi todas las gafas con roll-off*</p><p>Control manual en caso de fallo o daño mecánico</p><p>Configuración rápida</p><p>Modo ráfaga o modo continuo</p><p>Permite sincronizar varios Rippers a un único mando para un cambio rápido durante la carrera.</p><p>Sincroniza el Ripper con multitud de mandos inalámbricos, para establecer diferentes configuraciones en tu moto. Más botones disponibles</p><p>Recarga por microUSB</p><p>Autonomía de la batería hasta 10 rollos</p><p>Resistente a la intemperie</p><p>Ligero, solo pesa 116 g</p><p><br></p><p> </p><p><br></p><p> </p><p><br></p>""","
El Ripper es un sistema revolucionario para gafas con roll-off. Con solo pulsar el botón del mando inalámbrico en el manillar, el Ripper tira del rollo en la mayoría de los sistemas roll-off para despejar la visión del piloto en menos de un segundo.

Despeja la visión de tus gafas en tan solo 1 segundo
Se acabó retirar las manos del manillar para quitar el roll-off
Se puede usar con casi todas las gafas con roll-off*
Control manual en caso de fallo o daño mecánico
Configuración rápida
Modo ráfaga o modo continuo
Permite sincronizar varios Rippers a un único mando para un cambio rápido durante la carrera.
Sincroniza el Ripper con multitud de mandos inalámbricos, para establecer diferentes configuraciones en tu moto. Más botones disponibles
Recarga por microUSB
Autonomía de la batería hasta 10 rollos
Resistente a la intemperie
Ligero, solo pesa 116 g

 

 
""",VEHICLE PARTS & ACCESSORIES,ACCESSORIES,ACC. ACCESS.,,1060,231,198,103,52,,,,,,,,https://api.mybihr.com/medias/1061191-1-800Wx800H?context=bWFzdGVyfHJvb3R8NjEyMDR8aW1hZ2UvanBlZ3xhR0ppTDJobE5TODRPVGN6TVRjd09UazVNekkyTHpFd05qRXhPVEV0TVY4NE1EQlhlRGd3TUVnfDRhNDMyMjViNmI3ZmUwZGQ3ZGM2MWVlYzYwYmU2NTc1NjIwMDQ2OTM2ZjZiNjgwMGM0YjdiYjIxZmRlMjI2OTg,https://api.mybihr.com/medias/1061191-2-800Wx800H?context=bWFzdGVyfHJvb3R8NzM0MzZ8aW1hZ2UvanBlZ3xhRE5tTDJnNU55ODRPVGN6TVRjeE1UazFPVE0wTHpFd05qRXhPVEV0TWw4NE1EQlhlRGd3TUVnfDE0ZDAzY2Q5M2YzYjliZTdiZWNmYTM1MjJmMzMyY2JmNjk4MDc1MjM4YmJmNDBhNmVlNmQ1ZDk4M2Q3N2M0ZTQ,https://api.mybihr.com/medias/1061191-3-800Wx800H?context=bWFzdGVyfHJvb3R8OTk5MjV8aW1hZ2UvanBlZ3xhRFptTDJnNU1DODRPVGN6TVRjeE16a3lOVFF5THpFd05qRXhPVEV0TTE4NE1EQlhlRGd3TUVnfDNlY2E4NGI0NjlmNmNmNGZkNjlkNzkxMDA5ZTY0NWE1OWE1ODE4YmZkNGI1MmY5OTcwY2FmNDVhODRkZTA5MmU,https://api.mybihr.com/medias/1061191-4-800Wx800H?context=bWFzdGVyfHJvb3R8OTc4OTJ8aW1hZ2UvanBlZ3xhR0l4TDJnNE9TODRPVGN6TVRjeE5UZzVNVFV3THpFd05qRXhPVEV0TkY4NE1EQlhlRGd3TUVnfDJiOTJkMDdhYzUyODg4ZjI5ODQ2OWIzMTJjZDU0MmM4ZGJhY2IxYmMxODE2MDM1MjQzZTYzNTVjNjRhOGRkYTE,https://api.mybihr.com/medias/1061191-5-800Wx800H?context=bWFzdGVyfHJvb3R8MTExNTAwfGltYWdlL2pwZWd8YUdVeEwyZzRNaTg0T1Rjek1UY3hOemcxTnpVNEx6RXdOakV4T1RFdE5WODRNREJYZURnd01FZ3wyODdiODBmMGU5YTA1ODMyNTgzZDQyNjNiYmRmYzczNDc0MGFiOGY3YTFlZWY5OTE1NDMyYWI5MGJmZTUzODFl,https://api.mybihr.com/medias/1061191-6-800Wx800H?context=bWFzdGVyfHJvb3R8NjU2NTR8aW1hZ2UvanBlZ3xhREV4TDJnM1l5ODRPVGN6TVRjeE9UZ3lNelkyTHpFd05qRXhPVEV0Tmw4NE1EQlhlRGd3TUVnfDMzN2EyMDU4YTY1ODhmNDAwYTY3ODRkMzAyOTRlNGIyYTUwNDg3NTYzMDYyZmI2ZTBiNDEyNWIzYjRlYTY4N2M,,,,,,,https://static.bihr.pro/eBihr/Pictures/RISK_RACING-pictures.zip,https://api.mybihr.com/medias/The-Ripper-Risk-Racing-EN.pdf?context=bWFzdGVyfGRvY3VtZW50c3wyMzI3MDM1fGFwcGxpY2F0aW9uL3BkZnxhRGRqTDJoaE5DODJORGcwTkRFNE9EVTBPVEUxTUM5VWFHVWdVbWx3Y0dWeUlDMGdVbWx6YXlCU1lXTnBibWNnUlU0dWNHUm18MTIwMDlmNGYwNzk3NjAyNTI0NTZlZGMxOTIzZjExY2Y1ZjEzYzE0ZDFjMjQ5NmY0Y2FhZDRlMmJlNDhmYzdhMA,https://api.mybihr.com/medias/The-Ripper-Risk-racing.pdf?context=bWFzdGVyfGRvY3VtZW50c3wyMzIzOTgyfGFwcGxpY2F0aW9uL3BkZnxhRGxpTDJnd1pTODJORGcwTURRek5UZzVNakkxTkM5VWFHVWdVbWx3Y0dWeUlDMGdVbWx6YXlCeVlXTnBibWN1Y0dSbXw5NTk3NTMxMTQ4MWIzNGJjOTFmMTQxYTNlYTZmYTJmMGM4ZmY1MTRkNjE0NWNkMmYzMDhhNjcwYTRkMGZiMzNj,Spain Warehouse (Parts)
1061188,58968,77849,RISK RACING,RISK BIKE STAND LOCK & LOAD,Fijador para transporte RISK RACING Lock and load,279.99,231.40,150.41,8430525589681,2,7326909890,0,1,<p>Sujeta fuertemente tu moto al carro o furgoneta</p><p>Evita sustos y accidentes</p><p>Se ancla directamente al suelo</p>,"
Sujeta fuertemente tu moto al carro o furgoneta
Evita sustos y accidentes
Se ancla directamente al suelo",VEHICLE PARTS & ACCESSORIES,ACCESSORIES,ACC. ACCESS.,,67051,8955,511,472,278,,,,,,,,https://api.mybihr.com/medias/1061188-1-800Wx800H?context=bWFzdGVyfHJvb3R8MzIxMjZ8aW1hZ2UvanBlZ3xhR0U1TDJobVlTODRPVGN6TVRjd01ERTJNamcyTHpFd05qRXhPRGd0TVY4NE1EQlhlRGd3TUVnfDYwY2ZlN2EyZWY0NTkzZGQ4ZmJmOWYzODRjNGQ4NWEzY2UyN2E1M2E5ZWY4YjZiM2ZkYzA0MzllMjdjODY0YTU,,,,,,,,,,,,https://static.bihr.pro/eBihr/Pictures/RISK_RACING-pictures.zip,,,Spain Warehouse (Parts)
1070736,,00174,RISK RACING,RISK BIKE STAND RISK LOCK & LOAD PRO,Caballete de transporte RISK RACING stand Lock & Load,356.99,295.03,191.77,894717001746,1,7326909890,0,1,"<html> <head> <meta http-equiv=""Content-Type"" content=""text/html; charset=utf-8""><title> </title> <style type=""text/css"">.cs95E872D0{text-align:left;margin:0pt 0pt 0pt 0pt;}.cs20EE0811{color:#000;background-color:transparent;font-weight:bold;font-style:normal;}.csC235ED31{color:#000;background-color:transparent;font-weight:normal;font-style:normal;}</style> </head> <body> <p>Transport your dirt bike without straps !</p><p></p><p>RISK RACING Lock-N-Load Pro systems are fully adjustable in both width and height. This allow to capture a much broader range of bikes, from 85cc to big bore up to 140kg. Users simply set the appropriate width and then roll the bike into the system and press down on the ratcheting jaws until the bike is secure. This new system knows few limits and can haul numerous bikes from a Cobra 50cc to a KTM 690 Enduro!</p><p></p><p>It grabs the bike by foot pegs which keeps the front and rear of the bike secure. The system distributes the load to both suspensions, minimizing blown fork seals. There is no need for tie-downs straps or wheel chocks, providing huge space saving benefits when transporting bikes in trucks, vans, trailers or toy haulers. The system eliminates the need to space bikes out and triangulate a web of straps. In fact, riders can position bikes side by side to save even more space for additional gear.</p><p></p><p>This next generation transport system is made from extruded aluminum. Not only is the aluminum material durable yet extremely light-weight, the extruded design allows for the struts to be removed from your truck, van, or trailer in mere seconds, leaving only the low-profile aluminum base plate. The necessary mounting hardware is included.</p><p></p></body> </html>","       Transport your dirt bike without straps !RISK RACING Lock-N-Load Pro systems are fully adjustable in both width and height. This allow to capture a much broader range of bikes, from 85cc to big bore up to 140kg. Users simply set the appropriate width and then roll the bike into the system and press down on the ratcheting jaws until the bike is secure. This new system knows few limits and can haul numerous bikes from a Cobra 50cc to a KTM 690 Enduro!It grabs the bike by foot pegs which keeps the front and rear of the bike secure. The system distributes the load to both suspensions, minimizing blown fork seals. There is no need for tie-downs straps or wheel chocks, providing huge space saving benefits when transporting bikes in trucks, vans, trailers or toy haulers. The system eliminates the need to space bikes out and triangulate a web of straps. In fact, riders can position bikes side by side to save even more space for additional gear.This next generation transport system is made from extruded aluminum. Not only is the aluminum material durable yet extremely light-weight, the extruded design allows for the struts to be removed from your truck, van, or trailer in mere seconds, leaving only the low-profile aluminum base plate. The necessary mounting hardware is included. ",VEHICLE PARTS & ACCESSORIES,ACCESSORIES,ACC. ACCESS.,,43970,6026,606,261,278,,,,,,,,https://api.mybihr.com/medias/1070736-1-800Wx800H?context=bWFzdGVyfHJvb3R8MTA5NjczfGltYWdlL2pwZWd8YURBM0wyaGxPUzg0T1RjMU5qQXdNRGt4TVRZMkx6RXdOekEzTXpZdE1WODRNREJYZURnd01FZ3w4YTliZDA3NmYyYTk2MjZhOTA1ZjgwZTQyNWJlNGY3NThmNjE5ZjE0NThkZTlkNDQ3NWIxODE3OTliMjZkNjli,https://api.mybihr.com/medias/1070736-2-800Wx800H?context=bWFzdGVyfHJvb3R8MTYzMzgyfGltYWdlL2pwZWd8YUdNMEwyaGxaaTg0T1RjMU5qQXdNamczTnpjMEx6RXdOekEzTXpZdE1sODRNREJYZURnd01FZ3w3ZmJmMmUwM2E0ZmVkYTdkMjY4NWQzMWFjZDQ5OTZlY2YyNzc2M2U3Zjk2MGFkMjM0ZjhhYjlhMjJkZDA3MzY2,https://api.mybihr.com/medias/1070736-3-800Wx800H?context=bWFzdGVyfHJvb3R8MjM4NzkxfGltYWdlL2pwZWd8YURrMUwyaG1OaTg0T1RjMU5qQXdORGcwTXpneUx6RXdOekEzTXpZdE0xODRNREJYZURnd01FZ3wxMzA4YTE0ODQxYTAwYjQ4OGVjYWE1OWE3ODkxYTQ5YjUyMjI1ZmExODU1NzQxMmVhN2IxOTRhZjMyOTNiMzRh,https://api.mybihr.com/medias/1070736-5-800Wx800H?context=bWFzdGVyfHJvb3R8MTM5Njg2fGltYWdlL2pwZWd8YUdZekwyaG1aaTg0T1RjMU5qQXdOekV6TnpVNEx6RXdOekEzTXpZdE5WODRNREJYZURnd01FZ3xkNTA2OWY0MTVjMGU1NjNjNzE5YWM4OWMxZDYyMjllZjc3ZDVhYjcwYjBlNTZiYjQxNmNlZWY2NWUxOWE0MzY2,https://api.mybihr.com/medias/1070736-6-800Wx800H?context=bWFzdGVyfHJvb3R8Mjk4MDg5fGltYWdlL2pwZWd8YURJekwyaG1PUzg0T1RjMU5qQXdPVEV3TXpZMkx6RXdOekEzTXpZdE5sODRNREJYZURnd01FZ3wyY2MwZWE4NzdmMzVlZGQ1M2I5NGM3Yjc0MjIyODkxMWZiY2VlNDllMmFkODYyYTQ0ODFiYzIxMDYyMGI4MjBj,https://api.mybihr.com/medias/1070736-7-800Wx800H?context=bWFzdGVyfHJvb3R8MTUyMjc1fGltYWdlL2pwZWd8YUdKaEwyaGhZUzg0T1RjMU5qQXhNVEEyT1RjMEx6RXdOekEzTXpZdE4xODRNREJYZURnd01FZ3xiMmU0M2E5NTJkOTkzOWU4OTk1N2U3MGRkNDQ0NTEwMTRiMjhlMjFmZTVkNzA5NGJlZWYwM2MxNjU5NjdmMTky,https://api.mybihr.com/medias/1070736-8-800Wx800H?context=bWFzdGVyfHJvb3R8MjEzNTI5fGltYWdlL2pwZWd8YUdWaEwyaGhNeTg0T1RjMU5qQXhNekF6TlRneUx6RXdOekEzTXpZdE9GODRNREJYZURnd01FZ3wyYWQ3NWRjNDNhZTU0OTY3MzVlOGRiNzFjYzdjNzViNTkwYjJlNTNhZTliYjhjMTkxMTM1NjMzZGYwODFiZGU0,https://api.mybihr.com/medias/1070736-9-800Wx800H?context=bWFzdGVyfHJvb3R8MTY0ODg0fGltYWdlL2pwZWd8YURFNUwyZzVaQzg0T1RjMU5qQXhOVEF3TVRrd0x6RXdOekEzTXpZdE9WODRNREJYZURnd01FZ3xhMGM4MWI3NDQyNWMzOWZiYTMwZDBlNTg1NDI2OWVhMjJhMTczZWIyN2U0ZmI1MDhmYWU5Yzk3NWVjNmMwNTNj,https://api.mybihr.com/medias/1070736-10-800Wx800H?context=bWFzdGVyfHJvb3R8MjI2OTU5fGltYWdlL2pwZWd8YUdGakwyZzVPQzg0T1RjMU5qQXhOamsyTnprNEx6RXdOekEzTXpZdE1UQmZPREF3VjNnNE1EQkl8MTcyODVjMjdhNzYxZDRhODkyNDQzNzE3M2Q3NjQxYmNiNWY4MDM1YzI1ZWZiZGFlNTNhYzdhY2Q1YjUxNzRhYw,https://api.mybihr.com/medias/1070736-11-800Wx800H?context=bWFzdGVyfHJvb3R8MjA0MDY0fGltYWdlL2pwZWd8YUdSakwyZzVNUzg0T1RjMU5qQXhPRGt6TkRBMkx6RXdOekEzTXpZdE1URmZPREF3VjNnNE1EQkl8OWY2YTc4ZDA1MGI5Mjk3ODJhMzFiOWNlNTExN2IwYjQ0NzU5MWM0Y2Q3ZTRjNzA1OWY4ODIyNGU1ZmQ3YmFlZA,https://api.mybihr.com/medias/1070736-12-800Wx800H?context=bWFzdGVyfHJvb3R8ODc5ODF8aW1hZ2UvanBlZ3xhRFl3TDJnME15ODRPVGMxTmpBeU1Ea3dNREUwTHpFd056QTNNell0TVRKZk9EQXdWM2c0TURCSXw3NTVlYmIyZWNiYjZjZWVlOGU4MmI3M2ZiNmE3ODQ2YzE4NjhmMGVhNDQ4NDQzZmQ0MjViMzJhMzY0ZWJkZmFj,https://api.mybihr.com/medias/1070736-13-800Wx800H?context=bWFzdGVyfHJvb3R8MTkzOTk5fGltYWdlL2pwZWd8YUdFekwyZ3pZeTg0T1RjMU5qQXlNamcyTmpJeUx6RXdOekEzTXpZdE1UTmZPREF3VjNnNE1EQkl8OWY5YjgyYjJlMmMyYmZmOWE1MjA2ZDc3NTg0Yzg3YTkzZTI5ODcwY2YzZmUxODQwZGQ3NDk1NTNjMzljNTBkZQ,https://static.bihr.pro/eBihr/Pictures/RISK_RACING-pictures.zip,,,Spain Warehouse (Parts)
1120992,,00281-CAP,RISK RACING,RISK REPLACEMENT CAP FOR EZ3/5 FUEL CAN,Tapa de repuesto para garrafa de gasolina RISK RACING EZ3/EZ5,7.05,5.83,4.37,,0,3917320090,0,1,<p>Tapa recambio para EZ3/EZ5.</p>,"
Tapa recambio para EZ3/EZ5.",VEHICLE PARTS & ACCESSORIES,ACCESSORIES,ACC. ACCESS.,,249,61,78,71,45,,,,,,,,https://api.mybihr.com/medias/800Wx800H-1120992-1.jpg?context=bWFzdGVyfHJvb3R8NjAyMzR8aW1hZ2UvanBlZ3xhRFF5TDJoa055OHpNRGsxTkRReU1EY3pNVGt6TkM4NE1EQlhlRGd3TUVoZk1URXlNRGs1TWkweExtcHdad3wyNTgwYzBjOGU5N2YxNjFjODNlZjE0MThiMjI2NGQ3NzgzY2E2MzFjMDBhM2VmOGIzODhmNmM4NWNjZjIwZWMy,,,,,,,,,,,,https://static.bihr.pro/eBihr/Pictures/RISK_RACING-pictures.zip,,,Spain Warehouse (Parts)
1070734,,00381,RISK RACING,RISK BIKE STAND ADJUSTABLTOP MAGNET SLID,Caballete inclinación ajustable RISK RACING con paneles laterales magneticos,223.73,184.90,120.19,894717003818,0,7326909890,0,1,"<html> <head> <meta http-equiv=""Content-Type"" content=""text/html; charset=utf-8""><title> </title> <style type=""text/css"">.cs95E872D0{text-align:left;margin:0pt 0pt 0pt 0pt;}.csC57700C4{color:#000;background-color:transparent;font-weight:bold;font-style:normal;}.csA7555675{color:#000;background-color:transparent;font-weight:normal;font-style:normal;}.cs4FC7BF42{text-align:left;margin:0pt 0pt 0pt 0pt;list-style-type:disc;color:#000;background-color:transparent;font-weight:normal;font-style:normal;}</style> </head> <body> <p><a id=""_dx_frag_StartFragment""></a>The stand that can level any bike<a id=""_dx_frag_EndFragment""></a> !</p><p></p><p><a id=""_dx_frag_StartFragment""></a>The chassis for every dirt bike brand, year, and model are designed a little differently, and as a result, not all bikes sit level on a traditional dirt bike stand. Subsequently the front or back tire often touches the ground when placed on a stand.  The Risk Racing A.T.S. Stand solves this issue.<a id=""_dx_frag_EndFragment""></a> </p><p></p><p>Features :</p><p></p><ul> <li><a id=""_dx_frag_StartFragment""></a>Fully Adjustable Top</li><li>Magnetic side panels to store bolts and tools</li><li>Anodized, CNC, Aluminum Turnbuckles</li><li>Oversized top and base for stability</li><li>Large oil drain hole in center of durable top plate<a id=""_dx_frag_EndFragment""></a></li></ul> </body> </html>","       The stand that can level any bike !The chassis for every dirt bike brand, year, and model are designed a little differently, and as a result, not all bikes sit level on a traditional dirt bike stand. Subsequently the front or back tire often touches the ground when placed on a stand.  The Risk Racing A.T.S. Stand solves this issue. Features : Fully Adjustable TopMagnetic side panels to store bolts and toolsAnodized, CNC, Aluminum TurnbucklesOversized top and base for stabilityLarge oil drain hole in center of durable top plate  ",VEHICLE PARTS & ACCESSORIES,ACCESSORIES,ACC. ACCESS.,,84433,7287,446,408,464,,,,,,,,https://api.mybihr.com/medias/1070734-1-800Wx800H?context=bWFzdGVyfHJvb3R8Mjk4NzEyfGltYWdlL2pwZWd8YURaakwyZ3dOeTg0T1RjMU5UazNOams1TVRBeUx6RXdOekEzTXpRdE1WODRNREJYZURnd01FZ3wzNWUwMzM0NDRiZDIzNjBjZjYzMzYwNTkwOTMzOTUxMWIxNjBhOTY0Mjc4NTJiNjA2NzcwMTBjOTVmOWI3NDdl,https://api.mybihr.com/medias/1070734-2-800Wx800H?context=bWFzdGVyfHJvb3R8MjMzMzEzfGltYWdlL2pwZWd8YUROakwyZ3daUzg0T1RjMU5UazNPRGsxTnpFd0x6RXdOekEzTXpRdE1sODRNREJYZURnd01FZ3w4MTRhYzI1ZDFjYjA0MWY5YjEwYmIxN2IxNmY4ZDI0Y2JiNWI2NDA1MWM3OGU3ODRjNjYxNDg0Y2RjYjE1MDU0,https://api.mybihr.com/medias/1070734-3-800Wx800H?context=bWFzdGVyfHJvb3R8MTY1MDkyfGltYWdlL2pwZWd8YUdJNEwyZzFZeTg0T1RjMU5UazRNRGt5TXpFNEx6RXdOekEzTXpRdE0xODRNREJYZURnd01FZ3xhMjE5YjhmY2M1NDVhNGU4NGMzNjRlMjgwNTFjYjRmOTc0YjBhMGU4ZjkwODdlOGE2MTZkMzJlMmFiMjFkNmEw,https://api.mybihr.com/medias/1070734-4-800Wx800H?context=bWFzdGVyfHJvb3R8NTcwMjg4fGltYWdlL2pwZWd8YURjMUwyZzJNeTg0T1RjMU5UazRNamc0T1RJMkx6RXdOekEzTXpRdE5GODRNREJYZURnd01FZ3xiNDIxNWNjODUyMjZhZjdkZjViODg1YTgyNDIyZDJhYmE2OGFiOTEwNThkMWI3NGRjYTAwZGE5YzE0YTdmODRh,https://api.mybihr.com/medias/1070734-5-800Wx800H?context=bWFzdGVyfHJvb3R8ODcwNDF8aW1hZ2UvanBlZ3xhRFEyTDJnMllTODRPVGMxTlRrNE5EZzFOVE0wTHpFd056QTNNelF0TlY4NE1EQlhlRGd3TUVnfGYzNjBiZGVjMGMyMmIyYWM3MzgzZmY0Zjg3MzlmNTg4MjcyNmQ5NzFjMTY3YjUxY2VmYTJkZDMwOGY1MjQwZTU,https://api.mybihr.com/medias/1070734-6-800Wx800H?context=bWFzdGVyfHJvb3R8MTU5Njc4fGltYWdlL2pwZWd8YURFMkwyZzNNUzg0T1RjMU5UazROamd5TVRReUx6RXdOekEzTXpRdE5sODRNREJYZURnd01FZ3w4MjgwMDdjYWUzZGI5YTkwNjViNmI2NjM2ZDA2NGY4YWY4NzYyYTliY2FiYTc5ZjMyNjFiZDdiYzY1ZjQ3Y2My,,,,,,,https://static.bihr.pro/eBihr/Pictures/RISK_RACING-pictures.zip,,,Spain Warehouse (Parts)
1070733,,00204,RISK RACING,RISK BIKE STAND JUNIOR MOTORBIKE,Caballete moto junior RISK RACING,290.28,239.90,155.94,980581,0,7326909890,0,1,"<html> <head> <meta http-equiv=""Content-Type"" content=""text/html; charset=utf-8""><title> </title> <style type=""text/css"">.csC583D0C8{text-align:left;margin:12pt 0pt 12pt 0pt;}.csA7555675{color:#000;background-color:transparent;font-weight:normal;font-style:normal;}.cs4FC7BF42{text-align:left;margin:0pt 0pt 0pt 0pt;list-style-type:disc;color:#000;background-color:transparent;font-weight:normal;font-style:normal;}</style> </head> <body> <p>This Risk Racing motorbike stand enables your motorbike to be fixed securely in your truck or trailer without using a strap or wheel chocks.</p><ul start=""1""> <li>fastening system with no stress on the forks</li><li>rapid loading of your motorbike</li><li>effective stability</li><li>specific for junior bikes</li></ul> </body> </html>","       This Risk Racing motorbike stand enables your motorbike to be fixed securely in your truck or trailer without using a strap or wheel chocks. fastening system with no stress on the forksrapid loading of your motorbikeeffective stabilityspecific for junior bikes  ",VEHICLE PARTS & ACCESSORIES,ACCESSORIES,ACC. ACCESS.,,67051,8955,511,472,278,,,,,,,,https://api.mybihr.com/medias/1070733-1-800Wx800H?context=bWFzdGVyfHJvb3R8MzIxMjZ8aW1hZ2UvanBlZ3xhR1F4TDJnd015ODRPVGMxTlRrM016QTFPRGcyTHpFd056QTNNek10TVY4NE1EQlhlRGd3TUVnfDBjYjczZjQyMjRjODBhOGVkMTNkZWJlNjhjNjM4YmYxMTc5NGJjODc4ZjI1NmYzMTM5MTMwMzM5NmI3Mzc5YjA,https://api.mybihr.com/medias/1070733-2-800Wx800H?context=bWFzdGVyfHJvb3R8ODkxNzZ8aW1hZ2UvanBlZ3xhR1ptTDJnd01pODRPVGMxTlRrM05UQXlORGswTHpFd056QTNNek10TWw4NE1EQlhlRGd3TUVnfDljYzM1M2M4Y2IzZjJmYTQ1NWQ0MjZjODVjYzZhM2NkMWQ2MmY0MDBkZTQ5MGE1ZjVkMDMwNGE0ZTRiOWJiMGE,,,,,,,,,,,https://static.bihr.pro/eBihr/Pictures/RISK_RACING-pictures.zip,,,Spain Warehouse (Parts)
1129577,,14263,RISK RACING,RISK ADJUSTABLE STARTING BLOCKS,Taco de salida ajustable RISK RACING,101.58,83.95,58.77,850040142631,0,7616999099,0,1,"<ul>
	<li>Altura regulable en 5 puntos</li>
	<li>Apilable para facilitar su almacenamiento y transporte</li>
	<li>Ideal para alcanzar mejores salidas</li>
	<li>Apto para pilotos de todos los tamaños</li>
</ul>","
	Altura regulable en 5 puntos
	Apilable para facilitar su almacenamiento y transporte
	Ideal para alcanzar mejores salidas
	Apto para pilotos de todos los tamaños
",VEHICLE PARTS & ACCESSORIES,ACCESSORIES,ACC. ACCESS.,,7976,2235,464,191,90,,Negro,,,,,,https://api.mybihr.com/medias/800Wx800H-1129577-1.jpg?context=bWFzdGVyfHJvb3R8MjQ3NjB8aW1hZ2UvanBlZ3xhREkwTDJobE1pODJPVGsyT1RReE1EY3hPVGMzTkM4NE1EQlhlRGd3TUVoZk1URXlPVFUzTnkweExtcHdad3xhMDdjODFlMmZjNDY4NGE3MmJkYmRhYWQ2ZDBmMWFkYTA0ZTQxMzI0YWQzZjM2ODIwYWJmNjEyM2Q5ZGM0OTM3,https://api.mybihr.com/medias/800Wx800H-1129577-2.jpg?context=bWFzdGVyfHJvb3R8MjY4Nzh8aW1hZ2UvanBlZ3xhR1E0TDJnNFl5ODJPVGsyT1RReE1URXhNams1TUM4NE1EQlhlRGd3TUVoZk1URXlPVFUzTnkweUxtcHdad3xiNWNkYzExMzkzNzZiZGQ2YWJkZmQxZDMwMGZmYzkyNTkxN2Q3ZmI3YmNmZWZjYTQzYzAxMDI3M2VmNTdiNDI1,https://api.mybihr.com/medias/800Wx800H-1129577-3.jpg?context=bWFzdGVyfHJvb3R8Mjg1Nzd8aW1hZ2UvanBlZ3xhRFJoTDJnM1ppODJPVGsyT1RReE1UVXdOakl3Tmk4NE1EQlhlRGd3TUVoZk1URXlPVFUzTnkwekxtcHdad3w0ODhhYmQwOGQxYzA3YWIyODNlYjlkMzllMTZjM2NlNjU0MzExMzAwY2Q1OTcxZWEzNWY4ZDhmNTA3ZDJmNmQx,https://api.mybihr.com/medias/800Wx800H-1129577-4.jpg?context=bWFzdGVyfHJvb3R8MzM3ODF8aW1hZ2UvanBlZ3xhREJrTDJnM05DODJPVGsyT1RReE1UZzVPVFF5TWk4NE1EQlhlRGd3TUVoZk1URXlPVFUzTnkwMExtcHdad3w4OTZkNjZjMzgwY2FmODQ3MmFjOTBmOTdkMTM0ZDk0N2E4Mjc4ZWRiMTVmZTIyNDg2ZGRkODE2OGFjNTE0ZWM1,https://api.mybihr.com/medias/800Wx800H-1129577-5.jpg?context=bWFzdGVyfHJvb3R8MzkzNzV8aW1hZ2UvanBlZ3xhR014TDJneFpTODJPVGsyT1RReE1qSTVNall6T0M4NE1EQlhlRGd3TUVoZk1URXlPVFUzTnkwMUxtcHdad3xhMTk3Y2Q3ZDY3YzkyMGVmNzE3YWUxM2FiN2EyMGE0ZDYwZDgyZmIwODg2ZWY1ZWFmZTliZDViZTYyYTY1ZjY1,https://api.mybihr.com/medias/800Wx800H-1129577-6.jpg?context=bWFzdGVyfHJvb3R8MTA1MTEzfGltYWdlL2pwZWd8YURJeUwyZ3daUzgyT1RrMk9UUXhNamMxTVRNNU1DODRNREJYZURnd01FaGZNVEV5T1RVM055MDJMbXB3Wnd8MTA4NWFiZjFmZjE0YWZmNWQ3YmU4MWM1MjZhYWNjN2Y5MmNhODM0ZWNlYTUxODFmYWQwNWRiMWQyYjI0OTE0YQ,,,,,,,https://static.bihr.pro/eBihr/Pictures/RISK_RACING-pictures.zip,,,Spain Warehouse (Parts)
1130217,,00122OLD,RISK RACING,RISK MUD REMOVER,Rascador de barro RISK RACING forma curva,30.00,24.79,17.35,894717001227,0,3926909790,0,1,"<html> <head> <meta http-equiv=""Content-Type"" content=""text/html; charset=utf-8""><title> </title> <style type=""text/css"">.cs95E872D0{text-align:left;margin:0pt 0pt 0pt 0pt;}.csA7555675{color:#000;background-color:transparent;font-weight:normal;font-style:normal;}</style> </head> <body> <p><p>La paleta quitabarro RISK RACING está especialmente diseñada para limpiar rápida y eficazmente su motocicleta.</p> <ul> <li>Mango de goma moldeado para un excelente agarre</li> <li>Diseño ""curvo"" que favorece la ergonomía y permite raspar con facilidad el interior del guardabarros</li> <li>Muy resistente al calor para limpiar el motor y el tubo de escape</li></ul> </body> </html>","       La paleta quitabarro RISK RACING está especialmente diseñada para limpiar rápida y eficazmente su motocicleta.  Mango de goma moldeado para un excelente agarre Diseño ""curvo"" que favorece la ergonomía y permite raspar con facilidad el interior del guardabarros Muy resistente al calor para limpiar el motor y el tubo de escape  ",VEHICLE PARTS & ACCESSORIES,ACCESSORIES,ACC. ACCESS.,,4095,198,420,130,75,,,,,,,,https://api.mybihr.com/medias/8000956-1-800Wx800H?context=bWFzdGVyfHJvb3R8Mzc4Nzd8aW1hZ2UvanBlZ3xhR0V6TDJoaVlTODRPRGM0TmpreU1qQTBOVGMwTHpnd01EQTVOVFl0TVY4NE1EQlhlRGd3TUVnfDA4YzIzYTJlNWQwNjE2YWI5NzZiNTE4YjE1NDA4OGY2ZDBiYzUxNmU5OGYzMGU1OGU4ODY5NjBjYWI2ODg5ZmM,,,,,,,,,,,,https://static.bihr.pro/eBihr/Pictures/RISK_RACING-pictures.zip,,,Spain Warehouse (Parts)
1130183002,,12697,RISK RACING,"RISK GLOVE UNDER PALM PROTECT, S/M",Protectores de palma RISK RACING - Talla S/M,12.09,9.99,6.99,1130183002,4,4015190000,0,1,"<p><strong>Protección total</strong></p>
<p>Los protectores de palma son muy delgados; cuentan con una capa de protección que cubre por completo las palmas, así como el área entre el dedo índice y el pulgar. </p>
<p><strong>Reduce el síndrome compartimental o «arm pump»</strong></p>
<p>Los protectores de palma también contribuyen a reducir los síntomas de la patología comúnmente llamada «arm pump», ya que absorben las vibraciones generadas por el manillar.</p>
<p><strong>Uso por debajo de los guantes</strong></p>
<p>Puesto que los protectores se usan por debajo de los guantes, son casi imperceptibles. No obstante, reducen las vibraciones y reducen la aparición de ampollas.</p>
<p><strong>Características</strong></p>
<ul>
<li>Protección máxima para evitar la aparición de ampollas</li>
<li>Protección total de la palma de la mano</li>
<li>Protección del reborde de agarre entre el pulgar y el índice</li>
<li>Diseño ultrafino que se lleva debajo de los guantes</li>
<li>Reduce las vibraciones</li>
</ul>","
Protección total

Los protectores de palma son muy delgados; cuentan con una capa de protección que cubre por completo las palmas, así como el área entre el dedo índice y el pulgar. 

Reduce el síndrome compartimental o «arm pump»

Los protectores de palma también contribuyen a reducir los síntomas de la patología comúnmente llamada «arm pump», ya que absorben las vibraciones generadas por el manillar.

Uso por debajo de los guantes

Puesto que los protectores se usan por debajo de los guantes, son casi imperceptibles. No obstante, reducen las vibraciones y reducen la aparición de ampollas.

Características

Protección máxima para evitar la aparición de ampollas
Protección total de la palma de la mano
Protección del reborde de agarre entre el pulgar y el índice
Diseño ultrafino que se lleva debajo de los guantes
Reduce las vibraciones
",VEHICLE PARTS & ACCESSORIES,ACCESSORIES,ACC. ACCESS.,S/M,305,100,140,145,15,,Negro,,,,S/M,,https://api.mybihr.com/medias/800Wx800H-1130183002-1.jpg?context=bWFzdGVyfHJvb3R8MTQ3ODg3fGltYWdlL2pwZWd8YUdRd0wyZzJZaTg0TWpBNE1qY3pOalV3TkRnMk1pODRNREJYZURnd01FaGZNVEV6TURFNE16QXdNaTB4TG1wd1p3fDI5NGRjNGRlZWFkMDJlMTc0MDQ1ODdiZjVjMzcyMWNmMzdiOWNlNDJhYTkyYjY2MDhlNjRmNmFiYjk3YmFiM2U,,,,,,,,,,,,https://static.bihr.pro/eBihr/Pictures/RISK_RACING-pictures.zip,,,Spain Warehouse (Parts)
1130183003,,12699,RISK RACING,"RISK GLOVE UNDER PALM PROTECT, XL",Protectores de palma RISK RACING - Talla XL,12.09,9.99,6.99,1130183003,2,4015190000,0,1,"<p><strong>Protección total</strong></p>
<p>Los protectores de palma son muy delgados; cuentan con una capa de protección que cubre por completo las palmas, así como el área entre el dedo índice y el pulgar. </p>
<p><strong>Reduce el síndrome compartimental o «arm pump»</strong></p>
<p>Los protectores de palma también contribuyen a reducir los síntomas de la patología comúnmente llamada «arm pump», ya que absorben las vibraciones generadas por el manillar.</p>
<p><strong>Uso por debajo de los guantes</strong></p>
<p>Puesto que los protectores se usan por debajo de los guantes, son casi imperceptibles. No obstante, reducen las vibraciones y reducen la aparición de ampollas.</p>
<p><strong>Características</strong></p>
<ul>
<li>Protección máxima para evitar la aparición de ampollas</li>
<li>Protección total de la palma de la mano</li>
<li>Protección del reborde de agarre entre el pulgar y el índice</li>
<li>Diseño ultrafino que se lleva debajo de los guantes</li>
<li>Reduce las vibraciones</li>
</ul>","
Protección total

Los protectores de palma son muy delgados; cuentan con una capa de protección que cubre por completo las palmas, así como el área entre el dedo índice y el pulgar. 

Reduce el síndrome compartimental o «arm pump»

Los protectores de palma también contribuyen a reducir los síntomas de la patología comúnmente llamada «arm pump», ya que absorben las vibraciones generadas por el manillar.

Uso por debajo de los guantes

Puesto que los protectores se usan por debajo de los guantes, son casi imperceptibles. No obstante, reducen las vibraciones y reducen la aparición de ampollas.

Características

Protección máxima para evitar la aparición de ampollas
Protección total de la palma de la mano
Protección del reborde de agarre entre el pulgar y el índice
Diseño ultrafino que se lleva debajo de los guantes
Reduce las vibraciones
",VEHICLE PARTS & ACCESSORIES,ACCESSORIES,ACC. ACCESS.,XL,305,100,140,145,15,,Negro,,,,XL,,https://api.mybihr.com/medias/800Wx800H-1130183003-1.jpg?context=bWFzdGVyfHJvb3R8MTQ3ODg3fGltYWdlL2pwZWd8YURBd0wyZzJOUzg0TWpBNE1qY3pOamN3TVRRM01DODRNREJYZURnd01FaGZNVEV6TURFNE16QXdNeTB4TG1wd1p3fGI5MDhmZDdiMzJiMjIxMWQ1NzdhYjc1ZGRjMGUyNTBkZmIwMzk4MzM4MTgyNzY4NTRiOWU1MGQ4MTMxM2I4Mzc,,,,,,,,,,,,https://static.bihr.pro/eBihr/Pictures/RISK_RACING-pictures.zip,,,Spain Warehouse (Parts)
1130183001,,12698,RISK RACING,"RISK GLOVE UNDER PALM PROTECT, L",Protectores de palma RISK RACING - Talla L,12.09,9.99,6.99,820000049870,8,4015190000,0,1,"<p><strong>Protección total</strong></p>
<p>Los protectores de palma son muy delgados; cuentan con una capa de protección que cubre por completo las palmas, así como el área entre el dedo índice y el pulgar. </p>
<p><strong>Reduce el síndrome compartimental o «arm pump»</strong></p>
<p>Los protectores de palma también contribuyen a reducir los síntomas de la patología comúnmente llamada «arm pump», ya que absorben las vibraciones generadas por el manillar.</p>
<p><strong>Uso por debajo de los guantes</strong></p>
<p>Puesto que los protectores se usan por debajo de los guantes, son casi imperceptibles. No obstante, reducen las vibraciones y reducen la aparición de ampollas.</p>
<p><strong>Características</strong></p>
<ul>
<li>Protección máxima para evitar la aparición de ampollas</li>
<li>Protección total de la palma de la mano</li>
<li>Protección del reborde de agarre entre el pulgar y el índice</li>
<li>Diseño ultrafino que se lleva debajo de los guantes</li>
<li>Reduce las vibraciones</li>
</ul>","
Protección total

Los protectores de palma son muy delgados; cuentan con una capa de protección que cubre por completo las palmas, así como el área entre el dedo índice y el pulgar. 

Reduce el síndrome compartimental o «arm pump»

Los protectores de palma también contribuyen a reducir los síntomas de la patología comúnmente llamada «arm pump», ya que absorben las vibraciones generadas por el manillar.

Uso por debajo de los guantes

Puesto que los protectores se usan por debajo de los guantes, son casi imperceptibles. No obstante, reducen las vibraciones y reducen la aparición de ampollas.

Características

Protección máxima para evitar la aparición de ampollas
Protección total de la palma de la mano
Protección del reborde de agarre entre el pulgar y el índice
Diseño ultrafino que se lleva debajo de los guantes
Reduce las vibraciones
",VEHICLE PARTS & ACCESSORIES,ACCESSORIES,ACC. ACCESS.,L,305,100,140,145,15,,Negro,,,,L,,https://api.mybihr.com/medias/800Wx800H-1130183001-1.jpg?context=bWFzdGVyfHJvb3R8MTQ3ODg3fGltYWdlL2pwZWd8YUdRNEwyZ3hNaTg0TWpBNE1qY3pOekF5T1RFMU1DODRNREJYZURnd01FaGZNVEV6TURFNE16QXdNUzB4TG1wd1p3fDFlZDViNDhiMTIzNDA1MWQ4M2UyNzZlOGE4ZDA3ZTdlMTI0Y2U5ZWYyYjAxZjE5MjdlNmMwNWU1NjlmODVjMDA,,,,,,,,,,,,https://static.bihr.pro/eBihr/Pictures/RISK_RACING-pictures.zip,,,Spain Warehouse (Parts)
1129575,,14261,RISK RACING,RISK HOLE SHOT GATE PRO,RISK RACING Electronic Holeshot Gate - Pro,406.50,335.95,235.17,850040142617,0,7616999099,0,1,"<p>¡Lleva tu entrenamiento al siguiente nivel! Monta fácilmente el control remoto inalámbrico en tu manillar y entrena de forma independiente, o permite que un entrenador controle la puerta con la secuencia de caída instantánea. Conecta de forma inalámbrica varias puertas PRO para entrenar cara a cara replicando la intensidad real de una carrera. Finalmente, el pedal permite un reinicio instantáneo para repeticiones rápidas y sencillas.</p>
<p>Características</p>
<ul>
  <li>Caída aleatoria o instantánea</li>
  <li>Control remoto inalámbrico</li>
  <li>Recargable por USB-C</li>
  <li>Conecta varias puertas</li>
</ul>
<p>Especificaciones</p>
<ul>
  <li>Control remoto inalámbrico (incluido)</li>
  <li>Tamaño: 36"" x 29"" x 5"" (91,44 cm x 73,66 cm x 12,7 cm)</li>
  <li>Peso: 21 lb (8,16 kg)</li>
  <li>Garantía de 1 año</li>
</ul>
<p>Incluido</p>
<ul>
  <li>[1] Puerta Holeshot Pro</li>
  <li>[1] Control remoto inalámbrico</li>
  <li>[2] Estacas para suelo</li>
  <li>[1] Bloque de carga USB-C</li>
  <li>[1] Cable USB-C a USB-C</li>
  <li>[1] Pedal</li>
  <li>[1] Paquete de tornillos y tuercas</li>
  <li>[1] Instrucciones</li>
</ul>","
¡Lleva tu entrenamiento al siguiente nivel! Monta fácilmente el control remoto inalámbrico en tu manillar y entrena de forma independiente, o permite que un entrenador controle la puerta con la secuencia de caída instantánea. Conecta de forma inalámbrica varias puertas PRO para entrenar cara a cara replicando la intensidad real de una carrera. Finalmente, el pedal permite un reinicio instantáneo para repeticiones rápidas y sencillas.

Características

  Caída aleatoria o instantánea
  Control remoto inalámbrico
  Recargable por USB-C
  Conecta varias puertas


Especificaciones

  Control remoto inalámbrico (incluido)
  Tamaño: 36"" x 29"" x 5"" (91,44 cm x 73,66 cm x 12,7 cm)
  Peso: 21 lb (8,16 kg)
  Garantía de 1 año


Incluido

  [1] Puerta Holeshot Pro
  [1] Control remoto inalámbrico
  [2] Estacas para suelo
  [1] Bloque de carga USB-C
  [1] Cable USB-C a USB-C
  [1] Pedal
  [1] Paquete de tornillos y tuercas
  [1] Instrucciones
",VEHICLE PARTS & ACCESSORIES,ACCESSORIES,ACC. ACCESS.,,423890,9785,970,460,950,,,,,,,,https://api.mybihr.com/medias/800Wx800H-1129575-1.jpg?context=bWFzdGVyfHJvb3R8MjE0Mjh8aW1hZ2UvanBlZ3xhR1k0TDJnNU1DODRNREV5TXpNME5USXdOek15Tmk4NE1EQlhlRGd3TUVoZk1URXlPVFUzTlMweExtcHdad3wxYjQwYjJjMzNhMjNjMTVhMjQ4NzFhMzMxNjdmOGY3MmM4MTNjZjcxNTUwZjNlMWVjZGVjM2JmYmU3ZjM5MWY1,https://api.mybihr.com/medias/800Wx800H-1129575-2.jpg?context=bWFzdGVyfHJvb3R8NDM2NjF8aW1hZ2UvanBlZ3xhRGs1TDJnNVpTODRNREV5TXpNME5UWXdNRFUwTWk4NE1EQlhlRGd3TUVoZk1URXlPVFUzTlMweUxtcHdad3w0YWNlNjgwMjkzMWIyMGQzODUyOGVlMDgzYjVjMDk3ZTUxNGI4MjViN2M3NzU1MTIxMGQzNzJhZGJiNzMwNGVh,https://api.mybihr.com/medias/800Wx800H-1129575-3.jpg?context=bWFzdGVyfHJvb3R8ODY3MzJ8aW1hZ2UvanBlZ3xhR1EyTDJoaE9TODRNREV5TXpNME5UazVNemMxT0M4NE1EQlhlRGd3TUVoZk1URXlPVFUzTlMwekxtcHdad3wyNDNlZTgyN2I5Y2Q5NjdmYTFhZTdjMDY5OTI2YmQ1NGM4NTdlNmUzNTg0ZTc4MjQ2YjlhNTRkYmQ1OGJmMThi,https://api.mybihr.com/medias/800Wx800H-1129575-4.jpg?context=bWFzdGVyfHJvb3R8Mjc2MzV8aW1hZ2UvanBlZ3xhREJtTDJobVppODRNREV5TXpNME5qTTROamszTkM4NE1EQlhlRGd3TUVoZk1URXlPVFUzTlMwMExtcHdad3wzMTQ0MzljMWQzMDI3YTYxNzgyMThlYWNlMmJjNWU0ZDgzMjkxZWIwZjY0NDY2Njk3NDY2YjU5Nzk4NDA1MzRl,https://api.mybihr.com/medias/800Wx800H-1129575-5.jpg?context=bWFzdGVyfHJvb3R8Mzk0MTl8aW1hZ2UvanBlZ3xhRFV4TDJobU1DODRNREV5TXpNME5qZzBOVGN5Tmk4NE1EQlhlRGd3TUVoZk1URXlPVFUzTlMwMUxtcHdad3wyN2ZiYjNmMmNmN2NiNzA2ODM2YWY1ZjhjMmVkMDlkZDBmOTM2YmEyMjIzNmE1MTYyMDA0YmQ2NGYxMGNiZDQ4,https://api.mybihr.com/medias/800Wx800H-1129575-6.jpg?context=bWFzdGVyfHJvb3R8NDU4NzN8aW1hZ2UvanBlZ3xhREU0TDJnNVlpODRNREV5TXpNME56SXpPRGswTWk4NE1EQlhlRGd3TUVoZk1URXlPVFUzTlMwMkxtcHdad3w0OGUxNzE3NGNkYmE1ODUxY2NhNjc0OWRkOGY1ZjRiYmY1ZWNmNWQ0OGI4ZDgyYjAwNzhhODU1MDBkNTVlYTQ2,,,,,,,https://static.bihr.pro/eBihr/Pictures/RISK_RACING-pictures.zip,,,Spain Warehouse (Parts)
1151375,,77849-WN,RISK RACING,RISK LOCK&LOAD WING NUTS,RISK RACING Wing Nuts for Lock & Load,10.29,8.50,5.95,1151375,5,7616999099,0,1,"<p>Compatible con el Lock-N-Load y el Lock-N-Load Junior.</p>
<p><strong>Contenido</strong></p>
<p>4 tuercas de mariposa</p>","
Compatible con el Lock-N-Load y el Lock-N-Load Junior.

Contenido

4 tuercas de mariposa",VEHICLE PARTS & ACCESSORIES,ACCESSORIES,ACC. ACCESS.,,407,93,158,78,33,,,,,,,,https://api.mybihr.com/medias/800Wx800H-1151375-1.jpg?context=bWFzdGVyfHJvb3R8MzQ3ODZ8aW1hZ2UvanBlZ3xhREExTDJobE15OHhNREkzT1RZNE5UazJNRFV3TWpJdk9EQXdWM2c0TURCSVh6RXhOVEV6TnpVdE1TNXFjR2N8MDJmZDRlMTNjMGQzNmIyYzU4ZTA5ZmZmNGQ3MmZlOWE0NGUxMjU1Y2Y0YjY5OWEwMzI2NDMwNzE4NmI3MDAwMQ,,,,,,,,,,,,https://static.bihr.pro/eBihr/Pictures/RISK_RACING-pictures.zip,,,Spain Warehouse (Parts)
1151374,,JAWSV2,RISK RACING,RISK LOCK&LOAD REPL RUBBER JAWS V2,RISK RACING Lock & Load Pro Spare Part - Replacement Rubber Jaws V2,9.68,8.00,5.60,1151374,5,7616999099,0,1,"<p>Estas mordazas de goma están diseñadas para reemplazar las mordazas desgastadas del sistema Lock-N-Load PRO. Dado que las estriberas de motocross son especialmente agresivas, las mordazas de goma absorben la mayor parte del desgaste con el tiempo. El reemplazo se realiza fácilmente retirando cuatro tornillos.</p>
<p>Compatible con el Lock-N-Load PRO y el Lock-N-Load PRO Mini.</p>
<p>Las mordazas de goma están diseñadas para reducir el desgaste y los daños en las estriberas durante el transporte. El desgaste varía según el tipo de estribera.</p>
<p><strong>Contenido</strong></p>
<p>1 par de mordazas de repuesto de goma</p>","
Estas mordazas de goma están diseñadas para reemplazar las mordazas desgastadas del sistema Lock-N-Load PRO. Dado que las estriberas de motocross son especialmente agresivas, las mordazas de goma absorben la mayor parte del desgaste con el tiempo. El reemplazo se realiza fácilmente retirando cuatro tornillos.

Compatible con el Lock-N-Load PRO y el Lock-N-Load PRO Mini.

Las mordazas de goma están diseñadas para reducir el desgaste y los daños en las estriberas durante el transporte. El desgaste varía según el tipo de estribera.

Contenido

1 par de mordazas de repuesto de goma",VEHICLE PARTS & ACCESSORIES,ACCESSORIES,ACC. ACCESS.,,700,122,161,145,30,,,,,,,,https://api.mybihr.com/medias/800Wx800H-1151374-1.png?context=bWFzdGVyfHJvb3R8MTc1MjU0fGltYWdlL3BuZ3xhREEwTDJnd05pOHhNREk0TWpFeU1qa3dNREkzT0RJdk9EQXdWM2c0TURCSVh6RXhOVEV6TnpRdE1TNXdibWN8ZTlhZDlkMGY5NjY0MDgxMGM4MjRlZTdjZWQ4ZWUyYzI1MjEzMDdjNzE5NWZjMTRkMWEyYzI2NDhhYzI4MzY0ZQ,,,,,,,,,,,,https://static.bihr.pro/eBihr/Pictures/RISK_RACING-pictures.zip,,,Spain Warehouse (Parts)
1151373,,00281-GOR,RISK RACING,RISK EZ GAS CAN JUG CAP SEALS,RISK RACING Spare Part - Replacement Seal for EZ3/EZ5,10.89,9.00,6.30,1151373,5,8714109090,0,1,"<p>Junta de tapa y o-ring de ventilación de repuesto para bidón EZ3/EZ5 + o-ring para el curvador de manguera.</p>
<p><strong>Contenido</strong></p>
<p>1x Junta de tapa<br>
1x O-ring de ventilación<br>
1x O-ring de curvador de manguera</p>","
Junta de tapa y o-ring de ventilación de repuesto para bidón EZ3/EZ5 + o-ring para el curvador de manguera.

Contenido

1x Junta de tapa
1x O-ring de ventilación
1x O-ring de curvador de manguera",VEHICLE PARTS & ACCESSORIES,ACCESSORIES,ACC. ACCESS.,,400,13,143,100,28,,,,,,,,https://api.mybihr.com/medias/800Wx800H-1151373-1.jpg?context=bWFzdGVyfHJvb3R8Mzk4NTd8aW1hZ2UvanBlZ3xhR0k0TDJoaE9DOHhNREkzT1RZNE5qWTBNakEzTmpZdk9EQXdWM2c0TURCSVh6RXhOVEV6TnpNdE1TNXFjR2N8YjU2MTJmMzJmNjc1YjA1MTViZWVkZTVkMTQ3OWIwM2I0ZTQyYjVkN2EyZWYyZTI5NTJhMjMwMzNiNDZmYTcxNA,,,,,,,,,,,,https://static.bihr.pro/eBihr/Pictures/RISK_RACING-pictures.zip,,,Spain Warehouse (Parts)
1147784,,00188,RISK RACING,RISK LOCK & LOAD PRO MOUNTING PLATE,Soporte de montaje RISK RACING Lock-N-Load Pro,58.08,48.00,33.60,,2,7326909890,0,1,"<p>Este soporte es compatible con los sistemas Lock-N-Load Pro HD, Pro y Pro Mini.</p>
<p>LEl soporte de montaje permite instalar fácilmente tu sistema de transporte Lock-N-Load PRO en distintos vehículos como furgonetas, remolques o camionetas, facilitando un cambio rápido y seguro sin necesidad de herramientas compleja.</p>
<p>Dimensiones<br>21.25&rdquo; x 6.75&rdquo; x 0.5&rdquo; (54 cm x 17.1 cm x 1.3 cm)</p>","
Este soporte es compatible con los sistemas Lock-N-Load Pro HD, Pro y Pro Mini.

LEl soporte de montaje permite instalar fácilmente tu sistema de transporte Lock-N-Load PRO en distintos vehículos como furgonetas, remolques o camionetas, facilitando un cambio rápido y seguro sin necesidad de herramientas compleja.

Dimensiones21.25” x 6.75” x 0.5” (54 cm x 17.1 cm x 1.3 cm)",VEHICLE PARTS & ACCESSORIES,ACCESSORIES,ACC. ACCESS.,,1960,1322,560,175,20,,,,,,,,https://api.mybihr.com/medias/800Wx800H-1147784-1.jpg?context=bWFzdGVyfHJvb3R8Mjg1ODV8aW1hZ2UvanBlZ3xhRE13TDJneFl5ODRNamt3T0RVd056STNOVEk1TkM4NE1EQlhlRGd3TUVoZk1URTBOemM0TkMweExtcHdad3xjODkxNDNkZWI1OTlkOTI0ZGIzMTk1NWI1MmI1MzczODdlM2ViNWI1NTcxYTE1MGM2YzI5ZjBlZjhlZWY0ZDI2,https://api.mybihr.com/medias/800Wx800H-1147784-2.jpg?context=bWFzdGVyfHJvb3R8NTcyMTZ8aW1hZ2UvanBlZ3xhR0V6TDJnd1pTODRNamt3T0RVd056WTJPRFV4TUM4NE1EQlhlRGd3TUVoZk1URTBOemM0TkMweUxtcHdad3w0NjVhMjZhYzIyYzk3ZmEzMWUyZjY1M2E1YTYxNmZmYWY2MjhhMjhkNTk4NmJiNmNkYTlkYWM2YzgyOTU4ZTll,,,,,,,,,,,https://static.bihr.pro/eBihr/Pictures/RISK_RACING-pictures.zip,,,Spain Warehouse (Parts)
1061190,63500044,00199,RISK RACING,RISK SPARE PART RUBBER JAW REPLACEMENT,Goma de recambio roja para mordaza Risk Lock'n'Load Pro,27.83,23.00,14.95,63500044,1,8714109090,0,1,"<p>Goma de recambio diseñada para reducir el desgaste y el daño de las estriberas durante el transporte de la moto. Dependiendo del tipo de estribera, el desgaste de esta parte variará. </p><p><br></p><p>Encaja tanto en el Lock-N-Load PRO como en el Lock-N-Load PRO Mini.</p>","
Goma de recambio diseñada para reducir el desgaste y el daño de las estriberas durante el transporte de la moto. Dependiendo del tipo de estribera, el desgaste de esta parte variará. 

Encaja tanto en el Lock-N-Load PRO como en el Lock-N-Load PRO Mini.",VEHICLE PARTS & ACCESSORIES,ACCESSORIES,ACC. ACCESS.,,505,71,147,101,34,,,,,,,,https://api.mybihr.com/medias/1061190-1-800Wx800H?context=bWFzdGVyfHJvb3R8NzI3MTR8aW1hZ2UvanBlZ3xhR1k0TDJobU1DODRPVGN6TVRjd05qQTJNVEV3THpFd05qRXhPVEF0TVY4NE1EQlhlRGd3TUVnfGFjNzliMjcyODE4YjQ3NmNhNjUxZjViMjVmYTU4YjkxODE2OTRmM2ZmYmFjODA1MjgxNDUxZDA0MDFhMTk2ZjM,https://api.mybihr.com/medias/800Wx800H-1061190-2.jpg?context=bWFzdGVyfHJvb3R8Mjc4MjR8aW1hZ2UvanBlZ3xhRFkyTDJnek5TODJNekU1TnpBME9EVXdORE0xTUM4NE1EQlhlRGd3TUVoZk1UQTJNVEU1TUMweUxtcHdad3xlOTViZGI3ZDE0NjY1ZDhlYjMxNTc5ZWNjOGY3ZGNjMjQwZWQ3NDcyMDI5MTBhYmM4YjI0NjRhYzdiYjc5NDNm,,,,,,,,,,,https://static.bihr.pro/eBihr/Pictures/RISK_RACING-pictures.zip,,,Spain Warehouse (Parts)
1061192,63500045,00398,RISK RACING,RISK SPARE PART RISK WIRELESS BUTTON,Botonera Risk sin cables para sistema Ripper,30.81,25.46,16.55,63500045,2,8714109090,0,1,"<p>A través de este botón sincroniza el Ripper con multitud de mandos inalámbricos, para establecer diferentes configuraciones en tu moto.</p>","
A través de este botón sincroniza el Ripper con multitud de mandos inalámbricos, para establecer diferentes configuraciones en tu moto.",VEHICLE PARTS & ACCESSORIES,ACCESSORIES,ACC. ACCESS.,,52,10,56,42,22,,,,,,,,https://api.mybihr.com/medias/1061192-1-800Wx800H?context=bWFzdGVyfHJvb3R8MjI3MDZ8aW1hZ2UvanBlZ3xhR0U1TDJneVpDODRPVGN6TVRjeU1UYzRPVGMwTHpFd05qRXhPVEl0TVY4NE1EQlhlRGd3TUVnfGQyMDNkZWJiNzk2MmIxNjhlYmU4MDk3N2IzYWNmZGQ0ZDAyOTY0YThkOThkZWFmYjU4MDQyNTc4MzVhNTBlOTU,https://api.mybihr.com/medias/1061192-2-800Wx800H?context=bWFzdGVyfHJvb3R8MTExNTAwfGltYWdlL2pwZWd8YUdRNEwyZ3lOaTg0T1Rjek1UY3lNemMxTlRneUx6RXdOakV4T1RJdE1sODRNREJYZURnd01FZ3w0OTlhYjUwNTNlYjQxZWY1N2Q2Njg4NjI0MDM2YTE2ODdiNTUyMDc4YWEzM2Y3MjcxMDc2YTIxNThjNGFlYWY4,,,,,,,,,,,https://static.bihr.pro/eBihr/Pictures/RISK_RACING-pictures.zip,https://api.mybihr.com/medias/The-Ripper-Risk-Racing-EN.pdf?context=bWFzdGVyfGRvY3VtZW50c3wyMzI3MDM1fGFwcGxpY2F0aW9uL3BkZnxhRGRqTDJoaE5DODJORGcwTkRFNE9EVTBPVEUxTUM5VWFHVWdVbWx3Y0dWeUlDMGdVbWx6YXlCU1lXTnBibWNnUlU0dWNHUm18MTIwMDlmNGYwNzk3NjAyNTI0NTZlZGMxOTIzZjExY2Y1ZjEzYzE0ZDFjMjQ5NmY0Y2FhZDRlMmJlNDhmYzdhMA,https://api.mybihr.com/medias/The-Ripper-Risk-racing.pdf?context=bWFzdGVyfGRvY3VtZW50c3wyMzIzOTgyfGFwcGxpY2F0aW9uL3BkZnxhRGxpTDJnd1pTODJORGcwTURRek5UZzVNakkxTkM5VWFHVWdVbWx3Y0dWeUlDMGdVbWx6YXlCeVlXTnBibWN1Y0dSbXw5NTk3NTMxMTQ4MWIzNGJjOTFmMTQxYTNlYTZmYTJmMGM4ZmY1MTRkNjE0NWNkMmYzMDhhNjcwYTRkMGZiMzNj,Spain Warehouse (Parts)
1070737,,00281,RISK RACING,RISK GAS CAN EZ3 10L SILVER,"Garrafa de gasolina RISK RACING HDPE - 11,3L",72.48,59.90,38.94,00281,2,3917320090,0,1,"<p>Características</p>
<ul>
	<li>Jarra de utilidad de 11,35L&nbsp;litros con diseño ergonómico del asa.</li>
	<li>Plástico HDPE de paredes gruesas duraderas.</li>
	<li>Translúcido y graduado para ver fácilmente el nive de combustible.</li>
	<li>El respiro único permite ventilación ajustable,<br>
	evita fugas/derrames y no se caerá ni se perderá</li>
</ul>

<p>&nbsp;</p>

<p>Dimensiones</p>

<ul>
	<li>
	<ul>
		<li>11,35 litros</li>
		<li>Tamaño: 26.67 cm x 20.96cm x 49.85 cm</li>
		<li>Peso: 1.95 kg</li>
	</ul>
	</li>
</ul>","
Características

	Jarra de utilidad de 11,35L litros con diseño ergonómico del asa.
	Plástico HDPE de paredes gruesas duraderas.
	Translúcido y graduado para ver fácilmente el nive de combustible.
	El respiro único permite ventilación ajustable,
	evita fugas/derrames y no se caerá ni se perderá



 


Dimensiones


	
	
		11,35 litros
		Tamaño: 26.67 cm x 20.96cm x 49.85 cm
		Peso: 1.95 kg
	
	
",VEHICLE PARTS & ACCESSORIES,ACCESSORIES,ACC. ACCESS.,,22185,1406,450,290,170,,,N'est pas vendu ou destiné à être utilisé comme conteneur de transport de carburant,No homologado carretera,,,,https://api.mybihr.com/medias/800Wx800H-1070737-1.jpg?context=bWFzdGVyfHJvb3R8MjEwMTR8aW1hZ2UvanBlZ3xhRE0zTDJnNVpDODROekEzTkRJNU1Ua3dPRFl6T0M4NE1EQlhlRGd3TUVoZk1UQTNNRGN6TnkweExtcHdad3wyYzhiOWI5MTYwZTE2MjdjZDIzM2JhZDExYTljMWQ1YTcyYTNkMjI2YTBmZTJhNGYxYTk4MWE2MmJmZDIxYzMz,https://api.mybihr.com/medias/800Wx800H-1070737-3.jpg?context=bWFzdGVyfHJvb3R8MzEzMDV8aW1hZ2UvanBlZ3xhR0l6TDJobFlpODROekEzTkRJNU1qRXdOVEkwTmk4NE1EQlhlRGd3TUVoZk1UQTNNRGN6TnkwekxtcHdad3xiODQwYmQ3MzMxNjFlZTkzNDYzY2ViOTE1ZDE2ZGM5NDA5NTI2YzNiNzQ5M2MzM2FmNTg2NzEyMjVmZjkyZjE1,,,,,,,,,,,https://static.bihr.pro/eBihr/Pictures/RISK_RACING-pictures.zip,,,Spain Warehouse (Parts)
1052197,48547,00121,RISK RACING,RISK SEAL DR Ø45-55MM,Limpia retenes de horquilla 45-55mm RISK RACING Seal Doctor,35.90,29.67,19.29,8430525485471,107,3926909790,0,1,<p>Limpiador de retenes y guardapolvos</p><p>Diseñado para abrazar la horquilla y limpiar el retén sin ser dañado</p><p>Se sirve con soporte para poder llevarlo sin riesgo de rotura o enganche con otros artículos</p><p>Producto patentado por Risk racing</p><p>Fácil uso y limpieza</p>,"
Limpiador de retenes y guardapolvos
Diseñado para abrazar la horquilla y limpiar el retén sin ser dañado
Se sirve con soporte para poder llevarlo sin riesgo de rotura o enganche con otros artículos
Producto patentado por Risk racing
Fácil uso y limpieza",TOOLING & WS,TOOLING,TOOLING CHASSIS,,1149,41,162,129,55,,,,,,,,https://api.mybihr.com/medias/800Wx800H-1052197-2.jpg?context=bWFzdGVyfHJvb3R8ODgzNjN8aW1hZ2UvanBlZ3xhREUxTDJobVlpODJNamszTXpnM09UVXhOekl4TkM4NE1EQlhlRGd3TUVoZk1UQTFNakU1TnkweUxtcHdad3wzN2I1ZGE0NTRhMTRmNzAxMjFlNjEzYzQzY2Q1Y2RkZGVlMWM2NWYwNDg4ODRlNGJlYzc0MTIwZjA2ZTdiZDI2,https://api.mybihr.com/medias/800Wx800H-1052197-1.png?context=bWFzdGVyfHJvb3R8MjY3NTE2fGltYWdlL3BuZ3xhRFU0TDJobU5DODJNamszTXpnM09UTXlNRFl3Tmk4NE1EQlhlRGd3TUVoZk1UQTFNakU1TnkweExuQnVad3wxYTdmN2NmMjQxNjc1MzY0MTllMDY0MjcyNWFhY2I5YjlmMWViMGZiZjc5NjJlYjFjNzA2MDAyZmQwMmViYzJj,https://api.mybihr.com/medias/800Wx800H-1052197-3.png?context=bWFzdGVyfHJvb3R8MzMzNTk2fGltYWdlL3BuZ3xhRFpqTDJobVpDODJNamszTXpnM09UYzNPVE0xT0M4NE1EQlhlRGd3TUVoZk1UQTFNakU1TnkwekxuQnVad3xhNTM2YWIwNjQ2NDJjNTkxMWQ3OWFhYzQ2ZTBlY2MwYWM2YmIwNWYzZjAyODdlNWMyZjEwOGIzOGVkZDcwOGM4,,,,,,,,,,https://static.bihr.pro/eBihr/Pictures/RISK_RACING-pictures.zip,,,Spain Warehouse (Parts)
1052198,48548,00123,RISK RACING,RISK SEAL DR Ø35-45MM,Limpia retenes de horquilla 35-45mm RISK RACING Seal Doctor,35.90,29.67,19.29,894717001234,29,3926909790,0,1,<p>Limpiador de retenes y guardapolvos</p><p>Diseñado para abrazar la horquilla y limpiar el retén sin ser dañado</p><p>Medida 35-45mm</p><p>Se sirve con soporte para poder llevarlo sin riesgo de rotura o enganche con otros artículos</p><p>Producto patentado por Risk racing</p><p>Fácil uso y limpieza</p>,"
Limpiador de retenes y guardapolvos
Diseñado para abrazar la horquilla y limpiar el retén sin ser dañado
Medida 35-45mm
Se sirve con soporte para poder llevarlo sin riesgo de rotura o enganche con otros artículos
Producto patentado por Risk racing
Fácil uso y limpieza",TOOLING & WS,TOOLING,TOOLING CHASSIS,,957,38,174,131,42,,,,,,,,https://api.mybihr.com/medias/800Wx800H-1052198-1.jpg?context=bWFzdGVyfHJvb3R8MTk0NzJ8aW1hZ2UvanBlZ3xhRGcyTDJnd1lpODJNelkxTkRReU5Ua3hPVFV4T0M4NE1EQlhlRGd3TUVoZk1UQTFNakU1T0MweExtcHdad3w4YTFiZGY3YjQ1MGQ2MTczMWNhMDU3MWUzOTMyY2UyZDM2N2Y4YjkzMjAxMTFjNDcyMzk2OWI4OTczM2YwNmZm,https://api.mybihr.com/medias/1052198-2-800Wx800H?context=bWFzdGVyfHJvb3R8NTkwOTd8aW1hZ2UvanBlZ3xhREl4TDJoa1ppODRPVEkwT1RVeE1ERTVOVFV3THpFd05USXhPVGd0TWw4NE1EQlhlRGd3TUVnfDM2M2IwM2U0MjQzM2E2M2RkM2UxZTA3NGMyZjNkNThiNWU4NjAwNTJlODU4NWE2YjUzZGZmZTAzYzFhNjNjODg,,,,,,,,,,,https://static.bihr.pro/eBihr/Pictures/RISK_RACING-pictures.zip,,,Spain Warehouse (Parts)
1052319,,00140,RISK RACING,RISK LAMP LIGHT MINE,Linterna magnetica RISK RACING Light mine,13.79,11.40,7.41,894717001401,2,8541290000,0,1,"<p>La mina de luz Risk Racing dispone de 12 imanes que permiten fijarla en todas las piezas metálicas y dirigir la luz en la dirección deseada.</p>
<ul>
	<li>Pequeña y potente para usar en las esquinas más estrechas (alrededor del tamaño de una pelota de golf).</li>
	<li>1 gran LED con gran angular y de gran potencia.</li>
	<li>12 imanes que también pueden utilizarse como herramientas de ""recogida”.</li>
</ul>
","
La mina de luz Risk Racing dispone de 12 imanes que permiten fijarla en todas las piezas metálicas y dirigir la luz en la dirección deseada.

	Pequeña y potente para usar en las esquinas más estrechas (alrededor del tamaño de una pelota de golf).
	1 gran LED con gran angular y de gran potencia.
	12 imanes que también pueden utilizarse como herramientas de ""recogida”.

",TOOLING & WS,TOOLING,TOOLING POWER,,374,18,141,83,32,,,,,,,,https://api.mybihr.com/medias/800Wx800H-1052319-1.jpg?context=bWFzdGVyfHJvb3R8Nzk4MTd8aW1hZ2UvanBlZ3xhRFEzTDJobFpDODBOVGc0TWpreE5UazBOalV5Tmk4NE1EQlhlRGd3TUVoZk1UQTFNak14T1MweExtcHdad3w1YTUwYjQzOWQxOWM1N2UyYmFiODM4Y2NkZDA4NjY5MDI4ZjE3MmE4ZTZlYzEzZjZhNzE5ZWI2ZjkwZWVmZTdl,https://api.mybihr.com/medias/800Wx800H-1052319-2.jpg?context=bWFzdGVyfHJvb3R8ODk1Njh8aW1hZ2UvanBlZ3xhRE5tTDJoak1TODBOVGc0TWpreE5qSXdPRFkzTUM4NE1EQlhlRGd3TUVoZk1UQTFNak14T1MweUxtcHdad3xiMTVjMWU3NDljNGVjM2UwNzQxZjJlNWM0MjdiN2M1ZGRmM2E4NGMzNGQ1OTlmZDVhMmFiZjRjMjlhODlmZTg0,https://api.mybihr.com/medias/800Wx800H-1052319-3.jpg?context=bWFzdGVyfHJvb3R8MTE0MjI4fGltYWdlL2pwZWd8YURsbEwyaGlNeTgwTlRnNE1qa3hOall3TVRnNE5pODRNREJYZURnd01FaGZNVEExTWpNeE9TMHpMbXB3Wnd8OGJiM2IxMjU5MDgzY2JkMjg5MWVlYWZkMzBiNzI0NjNkNTdkNWU2YWFmMDBhMGNjNDQzNzhjZmNmNjg0ZDk3OA,https://api.mybihr.com/medias/800Wx800H-1052319-4.jpg?context=bWFzdGVyfHJvb3R8MTAyNzE4fGltYWdlL2pwZWd8YURZd0wyaGhPQzgwTlRnNE1qa3hOams1TlRFd01pODRNREJYZURnd01FaGZNVEExTWpNeE9TMDBMbXB3Wnd8MTFlYzBhZGUzYTNhYmI0MmU4Njk1MTMwODA1ZTk3ODkyZjU0ZGNjOWMyMzVjYmY5MDAwZjNlNzE3YzE0OWQyZA,,,,,,,,,https://static.bihr.pro/eBihr/Pictures/RISK_RACING-pictures.zip,,,Spain Warehouse (Parts)
1052320,,00173,RISK RACING,RISK LAMP STRIKER ROVER LIGHT,Lámpara de taller LED RISK RACING Striker Rover 1200 lúmenes,80.86,66.83,43.44,2089471700173,0,8541290000,0,1,"<html> <head> <meta http-equiv=""Content-Type"" content=""text/html; charset=utf-8""><title> </title> <style type=""text/css"">.cs95E872D0{text-align:left;margin:0pt 0pt 0pt 0pt;}.csC235ED31{color:#000;background-color:transparent;font-weight:normal;font-style:normal;}.cs1CE77CA1{text-align:justify;margin:0pt 0pt 0pt 0pt;list-style-type:disc;color:#000;background-color:transparent;font-weight:normal;font-style:normal;}</style> </head> <body> <p>RISK RACING Striker Rover’s is bringing much needed evolution to the world of mobile lighting by offering consumers a versatile, bright, rechargeable task light. Lightweight, durable, and easily packed, the Rover can flood a room, work area, or campsite with a powerful array of light.</p><p> </p><ul> <li>Durable cast aluminum head, twistable 180° </li><li>Cool touch light, thanks to his heatsink</li><li>Two lens mode: Over 1200 lumens over 180°, or 120° for a more focused mode</li><li>4 Lighting modes: High/Low/S.O.S/Strobe</li><li>Powered by 2 lithium-ion rechargeable batteries, up to 4000mAh</li></ul> <p> </p></body> </html>","       RISK RACING Striker Rover’s is bringing much needed evolution to the world of mobile lighting by offering consumers a versatile, bright, rechargeable task light. Lightweight, durable, and easily packed, the Rover can flood a room, work area, or campsite with a powerful array of light.  Durable cast aluminum head, twistable 180° Cool touch light, thanks to his heatsinkTwo lens mode: Over 1200 lumens over 180°, or 120° for a more focused mode4 Lighting modes: High/Low/S.O.S/StrobePowered by 2 lithium-ion rechargeable batteries, up to 4000mAh   ",TOOLING & WS,TOOLING,TOOLING POWER,,2422,502,176,124,111,,,,,,,,https://api.mybihr.com/medias/1052320-1-800Wx800H?context=bWFzdGVyfHJvb3R8OTA4MTl8aW1hZ2UvanBlZ3xhREUyTDJnNFlpODRPRGMwTkRnNE9UZzNOamM0THpFd05USXpNakF0TVY4NE1EQlhlRGd3TUVnfDNmYmViMWZkYTUyOGEyZmUyYzJiNTNlYmE5ZWU5YjIzN2YyZDFjMDc4NGM5Nzk0NjI1NmU5YzU5ZWMyM2M2Yjk,https://api.mybihr.com/medias/1052320-2-800Wx800H?context=bWFzdGVyfHJvb3R8NTk3MDd8aW1hZ2UvanBlZ3xhRGt6TDJoa09TODRPRGMwTkRnNU1UZzBNamcyTHpFd05USXpNakF0TWw4NE1EQlhlRGd3TUVnfGI5ZTQ0YmFhM2ZiNjA3MTg2MTY4MGQ5Yjc2ZTk4NDVhZGExNGU4MmY4YmM0M2RiMmU2NjEyOTMwMzIwOGY5MDA,https://api.mybihr.com/medias/1052320-3-800Wx800H?context=bWFzdGVyfHJvb3R8MTUxNjMwfGltYWdlL2pwZWd8YURZekwyaGxNQzg0T0RjME5EZzVNemd3T0RrMEx6RXdOVEl6TWpBdE0xODRNREJYZURnd01FZ3w2MzRhNzNjMjIxOTFkZjY5MWU0ZDFkZGFkMTA5ZjM3NTI1NWIzZmY0ZjAxYzA3MWMwZTliNTk3OWZmMmZlOTU3,https://api.mybihr.com/medias/1052320-4-800Wx800H?context=bWFzdGVyfHJvb3R8MjIxMjI0fGltYWdlL2pwZWd8YURJd0wyaGxOeTg0T0RjME5EZzVOVGMzTlRBeUx6RXdOVEl6TWpBdE5GODRNREJYZURnd01FZ3w4YTJkZWRhN2QwN2ZkZGNjYjI3OTY3Mjc0MTRmMWI5YWZjOWI2YzA4MjM2ZmJhY2VmYzU2YmQ5OTg3M2RlZmZl,https://api.mybihr.com/medias/1052320-5-800Wx800H?context=bWFzdGVyfHJvb3R8MTA0NjE5fGltYWdlL2pwZWd8YUdZeEwyaGxaQzg0T0RjME5EZzVOemMwTVRFd0x6RXdOVEl6TWpBdE5WODRNREJYZURnd01FZ3xmZmFmZTMwNjcyODg3MjA3NzE0NGE0YmNiNWIxY2Y3OTFlYmRiMTZiNTQ0MGVkNjgxOTZjN2EzZDViNTkyOThm,https://api.mybihr.com/medias/1052320-7-800Wx800H?context=bWFzdGVyfHJvb3R8MjEwNTc5fGltYWdlL2pwZWd8YURJMkwyZ3hNeTg0T0RjME5Ea3dNREF6TkRnMkx6RXdOVEl6TWpBdE4xODRNREJYZURnd01FZ3wwMGMwNTdhYjI3ZWY5YTY1MmM0NzM3MmJiYjQ4NzAyZDYxMzM1MTY1MGE2OTk1OGQ2NzgzMzFiYmNjNTYxZGRk,https://api.mybihr.com/medias/1052320-8-800Wx800H?context=bWFzdGVyfHJvb3R8MTgxMjg4fGltYWdlL2pwZWd8YURVMkwyZ3dZeTg0T0RjME5Ea3dNakF3TURrMEx6RXdOVEl6TWpBdE9GODRNREJYZURnd01FZ3w5OGIwNGExMjFmODI5ZjAyMWU0NDg1OThiNDBjNjFkNjhlOThmM2E3ZTcyNGUxMDg1YjQxYmI0ODc3MmFkMzc0,,,,,,https://static.bihr.pro/eBihr/Pictures/RISK_RACING-pictures.zip,,,Spain Warehouse (Parts)
1129184,,00115,RISK RACING,RISK FLASHLIGHT 200 LUMENS,Linterna flexible RISK RACING Flexit 2.0 - 200 Lumen,30.25,25.00,17.50,894717001159,0,8541290000,0,1,"<p>Risk Racing&reg; se enorgullece de anunciar una de las luces de trabajo innovadoras m&aacute;s singulares de todos los tiempos.</p>
<p>Imagina tener una luz que pudieras doblar como una hoja de papel para enfocar o difundir la luz en cualquier lugar, una luz que pudiera envolver tuber&iacute;as, doblarse en esquinas estrechas y adherirse magn&eacute;ticamente a objetos met&aacute;licos. Un foco que pudieras sostener en la mano para iluminar un camino oscuro o colocar sobre una mesita para iluminar toda una habitaci&oacute;n durante un apag&oacute;n. Una superficie de trabajo baja que podr&iacute;a deslizarse f&aacute;cilmente en un compartimento estrecho del motor o detr&aacute;s de un mueble estrecho del equipo de m&uacute;sica para apagar drones.Una luz de trabajo de cuello de cisne que puede colocarse f&aacute;cilmente para resaltar un punto brillante para reparaciones de peque&ntilde;os detalles. Una luz de acampada que se enrolla alrededor del poste de una tienda de campa&ntilde;a para iluminar el lugar o que puede meterse en la correa delantera de la mochila para iluminar el oscuro sendero que hay por delante.Una luz direccional que puede inundar de luz toda una habitaci&oacute;n.</p>
<p>Risk Racing&reg; se enorgullece de anunciar el lanzamiento de esta luz, a la que llaman FLEXIT.La luz FLEXIT es una luz LED de trabajo flexible y manos libres.El cuerpo de silicona ultrafino y flexible permite una cantidad ilimitada de proyecci&oacute;n de luz.El duradero armaz&oacute;n Shape-LocTM facilita a los usuarios doblar, plegar, envolver,</p>
<p>doblar, plegar, envolver, pegar o colocar la FLEXITalrededor de objetos y orientar la luz.</p>
<p>FLEXIT utiliza 16 LED Lumen TechTM con tres funciones de luz (baja, media y alta) que se pueden doblar en posiciones para crear una luz puntual focalizada o una luz de inundaci&oacute;n amplia. La duradera base de ABS contiene tres pilas AA (incluidas), el interruptor y el circuito electr&oacute;nicos, dos grandes imanes de neodimio (tierras raras) y un lazo para colgar o enganchar la luz.El FLEXIT mide 0,85' de grosor, 7' de ancho y 13' de alto.</p>
<p><strong>Caracter&iacute;sticas</strong></p>
<ul>
<li>Cuerpo de silicona flexible ultrafino</li>
<li>16 LED tecnol&oacute;gicos de l&uacute;menes brillantes</li>
<li>4 funciones de luz (baja, media, alta, intermitente)</li>
<li>Largo tiempo de funcionamiento con (3) pilas AA incluidas</li>
<li>2 imanes de tierras raras para un manejo f&aacute;cil y manos libres</li>
</ul>
<p><strong>Incluye:</strong></p>
<ul>
<li>1 luz FLEXIT</li>
<li>3 pilas AA</li>
</ul>","
Risk Racing® se enorgullece de anunciar una de las luces de trabajo innovadoras más singulares de todos los tiempos.

Imagina tener una luz que pudieras doblar como una hoja de papel para enfocar o difundir la luz en cualquier lugar, una luz que pudiera envolver tuberías, doblarse en esquinas estrechas y adherirse magnéticamente a objetos metálicos. Un foco que pudieras sostener en la mano para iluminar un camino oscuro o colocar sobre una mesita para iluminar toda una habitación durante un apagón. Una superficie de trabajo baja que podría deslizarse fácilmente en un compartimento estrecho del motor o detrás de un mueble estrecho del equipo de música para apagar drones.Una luz de trabajo de cuello de cisne que puede colocarse fácilmente para resaltar un punto brillante para reparaciones de pequeños detalles. Una luz de acampada que se enrolla alrededor del poste de una tienda de campaña para iluminar el lugar o que puede meterse en la correa delantera de la mochila para iluminar el oscuro sendero que hay por delante.Una luz direccional que puede inundar de luz toda una habitación.

Risk Racing® se enorgullece de anunciar el lanzamiento de esta luz, a la que llaman FLEXIT.La luz FLEXIT es una luz LED de trabajo flexible y manos libres.El cuerpo de silicona ultrafino y flexible permite una cantidad ilimitada de proyección de luz.El duradero armazón Shape-LocTM facilita a los usuarios doblar, plegar, envolver,

doblar, plegar, envolver, pegar o colocar la FLEXITalrededor de objetos y orientar la luz.

FLEXIT utiliza 16 LED Lumen TechTM con tres funciones de luz (baja, media y alta) que se pueden doblar en posiciones para crear una luz puntual focalizada o una luz de inundación amplia. La duradera base de ABS contiene tres pilas AA (incluidas), el interruptor y el circuito electrónicos, dos grandes imanes de neodimio (tierras raras) y un lazo para colgar o enganchar la luz.El FLEXIT mide 0,85' de grosor, 7' de ancho y 13' de alto.

Características

Cuerpo de silicona flexible ultrafino
16 LED tecnológicos de lúmenes brillantes
4 funciones de luz (baja, media, alta, intermitente)
Largo tiempo de funcionamiento con (3) pilas AA incluidas
2 imanes de tierras raras para un manejo fácil y manos libres


Incluye:

1 luz FLEXIT
3 pilas AA
",TOOLING & WS,TOOLING,TOOLING POWER,,1861,315,235,176,45,,Rojo,,,,,LED,https://api.mybihr.com/medias/800Wx800H-1129184-1.jpg?context=bWFzdGVyfHJvb3R8NTY1NzR8aW1hZ2UvanBlZ3xhREF5TDJnMllpODJPRGN6TmpNME1UVTBNRGc1TkM4NE1EQlhlRGd3TUVoZk1URXlPVEU0TkMweExtcHdad3wyN2FhNTc1MWI2ODgyNTEzNzYyOTc4NjAxODlhM2I1MGM4YmYyMWVhZDY0OTIyM2FlNWI5YjhkMTAwMGQ2YzRk,https://api.mybihr.com/medias/800Wx800H-1129184-2.jpg?context=bWFzdGVyfHJvb3R8MjEyNjZ8aW1hZ2UvanBlZ3xhRGMwTDJnMVpDODJPRGN6TmpNME1Ua3pOREV4TUM4NE1EQlhlRGd3TUVoZk1URXlPVEU0TkMweUxtcHdad3xhMTU3YmMxMWUzMDQ1ZDBmNDc2ODI5ZTgwODE1NTc0Nzk2M2IyODU3ZDU3MjVmNjg0MjI2MDM1MDQzZDNlYzI0,https://api.mybihr.com/medias/800Wx800H-1129184-3.jpg?context=bWFzdGVyfHJvb3R8MzQyMTN8aW1hZ2UvanBlZ3xhRE5pTDJnd09DODJPRGN6TmpNME1qTXlOek15Tmk4NE1EQlhlRGd3TUVoZk1URXlPVEU0TkMwekxtcHdad3w3MjExNzExNmE2NzE1YTY4MzY5NTRhZWYxNjFjMmYxYTIzOTY2YTU5M2M0MzY5MjBlYWI0NDkxNDVkODU2NmU4,https://api.mybihr.com/medias/800Wx800H-1129184-4.jpg?context=bWFzdGVyfHJvb3R8ODE5MDZ8aW1hZ2UvanBlZ3xhRFkxTDJnd05TODJPRGN6TmpNME1qY3lNRFUwTWk4NE1EQlhlRGd3TUVoZk1URXlPVEU0TkMwMExtcHdad3w1N2RhZTIxZGJiMjlkMTQ2M2M3M2NhMTAyNGM2OGRjYmU0YzVjZWZjZjY0MTBjNDQ1NjQ1YjQ3NGQ1MWRlZWNk,https://api.mybihr.com/medias/800Wx800H-1129184-5.jpg?context=bWFzdGVyfHJvb3R8NTg0NDV8aW1hZ2UvanBlZ3xhRGxrTDJnMVlTODJPRGN6TmpNME16RXhNemMxT0M4NE1EQlhlRGd3TUVoZk1URXlPVEU0TkMwMUxtcHdad3w4YzlmMWEwMzc3MWI4NTkwNzM5YjViZTQ2ZTNjMjgxMGRjYmU4MTY3ZDU1OGYxNjg4MWYzMmZiMDQ3NTViZGFl,https://api.mybihr.com/medias/800Wx800H-1129184-6.jpg?context=bWFzdGVyfHJvb3R8NjAzNTR8aW1hZ2UvanBlZ3xhREppTDJnMk9DODJPRGN6TmpNME16VXdOamszTkM4NE1EQlhlRGd3TUVoZk1URXlPVEU0TkMwMkxtcHdad3xjNzc0OWY5YjhhODRmY2YxMDQ1MjNmNzA5MjE4M2I5ZmRmOTUxNzk5MTkzYjgzM2JhZjczYzkzNjA2ZTg5ZWVl,,,,,,,https://static.bihr.pro/eBihr/Pictures/RISK_RACING-pictures.zip,,,Spain Warehouse (Parts)
1129185,,00114,RISK RACING,RISK LAMP LIGHT MINE PRO,Linterna RISK RACING Magnetic Light Mine Professional - Iluminación manos libres 250 Lumen,26.62,22.00,15.40,894717001142,1,8541290000,0,1,"<ul>
<li>LED blanco brillante de 250 l&uacute;menes</li>
<li>Luz roja trasera de visi&oacute;n nocturna/peligro</li>
<li>12 imanes de neodimio para orientar la luz en muchos &aacute;ngulos</li>
<li>Util&iacute;zala como herramienta de recogida</li>
<li>Interruptor de bot&oacute;n de 4 modos</li>
<li>Resistente a la intemperie</li>
</ul>","
LED blanco brillante de 250 lúmenes
Luz roja trasera de visión nocturna/peligro
12 imanes de neodimio para orientar la luz en muchos ángulos
Utilízala como herramienta de recogida
Interruptor de botón de 4 modos
Resistente a la intemperie
",TOOLING & WS,TOOLING,TOOLING POWER,,983,154,105,104,90,,,,,,,LED,https://api.mybihr.com/medias/800Wx800H-1129185-1.jpg?context=bWFzdGVyfHJvb3R8NTY5OTR8aW1hZ2UvanBlZ3xhR05qTDJnM05TODJPRGN6TmpNME16a3dNREU1TUM4NE1EQlhlRGd3TUVoZk1URXlPVEU0TlMweExtcHdad3xhY2M2ZTk3Y2Y1ZmVkZjU0MzRlYjM5YzJmNTI0ZGE5ODk2ZGZlZjliOTQzZDY4NGJiNzg0NTYxM2VlOWU5MDY5,https://api.mybihr.com/medias/800Wx800H-1129185-2.jpg?context=bWFzdGVyfHJvb3R8OTk2MTF8aW1hZ2UvanBlZ3xhR0kxTDJoak9DODJPRGN6TmpNME5ESTVNelF3Tmk4NE1EQlhlRGd3TUVoZk1URXlPVEU0TlMweUxtcHdad3w3Y2ZlYTY5ODllYmEyNDAzNjdhNjgyMWEwOGNkNWYzOGYxNzJmYjU0NmU5MzlmZWJkNmIxY2RhOTcyNDU4Yjgy,,,,,,,,,,,https://static.bihr.pro/eBihr/Pictures/RISK_RACING-pictures.zip,,,Spain Warehouse (Parts)
