PartNumber,OldPartNumber,SupplierProductCode,Brand,ProductName,Designation,RetailPriceIncludingTax,RetailPriceExcludingTax,BaseDealerPriceExcludingTax,BarCode,StockValue,CommodityCode,OnDemand,DropShipping,HtmlDescription,Description,Category1,Category2,Category3,Volume (cm³),Weight (g),Length (mm),Width (mm),Height (mm),BCD (Mm),Dientes,Peso (g),Transmisión,Uso recomendado,Velocidades,Picture1,Picture2,AllPicturesZIP,DeliveryPlant
1101366,41603,R-MH1-C-32T,FIRST COMPONENTS,FIRST CHAINRING 32T 1X10. BCD 104MM,Plato First Components 32 dientes. 32T 1x10. BCD 104mm,32.00,26.45,8.00,8430525416031,101,8714963010,0,1,"<p>Plato First Components 32 dientes. 32T 1x10. BCD 104mm. Aluminio 7075 mecanizado CNC Full Black. Peso: 40gr. Distancia entre tornillos: &Oslash;104mm.&nbsp;Para conversi&oacute;n de transmisiones 2x10 o 3x10 a 1x10. Apto para bielas BCD104 y transmisiones de cadena de 9, 10 y 11V.&nbsp;Sistema espec&iacute;fico &ldquo;Narrow-Wide&rdquo; con combinaci&oacute;n de dientes anchos y estrechos intercalados consecutivamente, que junto a una mayor longitud evitan salidas de cadena y se mejora la transmisi&oacute;n de potencia a la rueda. Completa tu sistema de transmisi&oacute;n con la corona Ref.41604. Aligera tu bici, elimina cables, desviador y pulsador, &iexcl;c&aacute;mbiate al monoplato!</p>","
Plato First Components 32 dientes. 32T 1x10. BCD 104mm. Aluminio 7075 mecanizado CNC Full Black. Peso: 40gr. Distancia entre tornillos: Ø104mm. Para conversión de transmisiones 2x10 o 3x10 a 1x10. Apto para bielas BCD104 y transmisiones de cadena de 9, 10 y 11V. Sistema específico “Narrow-Wide” con combinación de dientes anchos y estrechos intercalados consecutivamente, que junto a una mayor longitud evitan salidas de cadena y se mejora la transmisión de potencia a la rueda. Completa tu sistema de transmisión con la corona Ref.41604. Aligera tu bici, elimina cables, desviador y pulsador, ¡cámbiate al monoplato!",VEHICLE PARTS & ACCESSORIES,BICYCLE PARTS & ACCESSORIES,BICYCLE PARTS,261,61,143,152,12,,,,,MTB,12,https://api.mybihr.com/medias/1101366-1-800Wx800H?context=bWFzdGVyfHJvb3R8NTkzMDR8aW1hZ2UvanBlZ3xhRGxsTDJnd015OHhNRFV4TnpZME5EUXhNRGt4TUM4eE1UQXhNelkyTFRGZk9EQXdWM2c0TURCSXw2NDY2Y2M3NTg0YzU1MWRkNzFiYTkzZGY1NGY5MTdmYmQ1NGUxNWRkNTA2ODc2ZTA2MGJiZTMyZjFkYjc0YmIx,https://api.mybihr.com/medias/1101366-2-800Wx800H?context=bWFzdGVyfHJvb3R8Njk1MDR8aW1hZ2UvanBlZ3xhRFZqTDJnd1lTOHhNRFV4TnpZME5EWXdOelV4T0M4eE1UQXhNelkyTFRKZk9EQXdWM2c0TURCSXw3NzdhZTY1NjBhZjg4YWMzYmIyMmU0OGQ2ZjQwNDQxYWMwNDQwNmJjM2ZhYzJiMjc3NmM0Y2JiYzljMTZkZjA0,https://static.bihr.pro/eBihr/Pictures/FIRST_COMPONENTS-pictures.zip,Spain Warehouse (Parts)
1101911,41604,Y80A-42T,FIRST COMPONENTS,FIRST CASSETTE SPROCKET 42T 1X10,Corona 42 dientes FIRST COMPONENTS  para conversión a monoplato (1x10),45.00,37.19,8.10,8430525416048,71,7315111000,0,1,"<p>Corona Cassette First Components 42 dientes. 42T 1x10.<br>
Aluminio 7075 mecanizado CNC Full Black. Peso: 80gr.<br>
Para conversi&oacute;n de transmisiones 2x10 o 3x10 a 1x10. Compatible exclusivamente con cassettes de coronas desmontables y nucleos de 10V.<br>
Se debe suprimir la corona de 15 o 17 del cassette para conservar un cambio adecuado. Extremadamente ligero (80gr) gracias a su mecanizado con sistema de 12 radios. Mecanizado espec&iacute;fico para situar correctamente el resto del cassette sobre la corona. Completa el sistema de transmisi&oacute;n con el plato Ref.41603. Incluye tornillo de regulaci&oacute;n de cambio mas largo, para una correcta instalaci&oacute;n y funcionamiento (M4 x 25mm)<br>
Aligera tu bici, elimina cables, desviador y pulsador, &iexcl;c&aacute;mbiate al monoplato!</p>","
Corona Cassette First Components 42 dientes. 42T 1x10.
Aluminio 7075 mecanizado CNC Full Black. Peso: 80gr.
Para conversión de transmisiones 2x10 o 3x10 a 1x10. Compatible exclusivamente con cassettes de coronas desmontables y nucleos de 10V.
Se debe suprimir la corona de 15 o 17 del cassette para conservar un cambio adecuado. Extremadamente ligero (80gr) gracias a su mecanizado con sistema de 12 radios. Mecanizado específico para situar correctamente el resto del cassette sobre la corona. Completa el sistema de transmisión con el plato Ref.41603. Incluye tornillo de regulación de cambio mas largo, para una correcta instalación y funcionamiento (M4 x 25mm)
Aligera tu bici, elimina cables, desviador y pulsador, ¡cámbiate al monoplato!",VEHICLE PARTS & ACCESSORIES,BICYCLE PARTS & ACCESSORIES,BICYCLE PARTS,145,124,170,170,5,,,,,MTB,10,https://api.mybihr.com/medias/1101911-1-800Wx800H?context=bWFzdGVyfHJvb3R8NzM0ODF8aW1hZ2UvanBlZ3xhRFpsTDJnNE55OHhNRE0wTVRNeU9EYzBPRFUzTkM4eE1UQXhPVEV4TFRGZk9EQXdWM2c0TURCSXxmOGU4MWIyNjQ0NDQ2MTcxMzA1NzZiMWNjM2JlNzc0Yjc0ZTI0ZWM4ODg3MzNiZTcwZTAxNTBjZTYxYTk0M2Rk,https://api.mybihr.com/medias/1101911-2-800Wx800H?context=bWFzdGVyfHJvb3R8MTU3OTQwfGltYWdlL2pwZWd8YUdaa0wyZzVaaTg1TmpNeU16RTVPRE15TURrMEx6RXhNREU1TVRFdE1sODRNREJYZURnd01FZ3xmM2VmMWQ0OGE5NzI0ZmVjZTczZjIwZjU0ZjU5MGIzOTYxNGVlYWM1MmJhMGYwMmJkMjgyNDNkYTZkYzY2NzNm,https://static.bihr.pro/eBihr/Pictures/FIRST_COMPONENTS-pictures.zip,Spain Warehouse (Parts)
