PartNumber,OldPartNumber,SupplierProductCode,Brand,ProductName,Designation,RetailPriceIncludingTax,RetailPriceExcludingTax,BaseDealerPriceExcludingTax,BarCode,StockValue,CommodityCode,OnDemand,DropShipping,HtmlDescription,Description,Category1,Category2,Category3,Volume (cm³),Weight (g),Length (mm),Width (mm),Height (mm),Picture1,Picture2,Picture3,Picture4,AllPicturesZIP,Document1,DeliveryPlant
1123418,,RAM-HOL-UN9U,RAM,RAM X-GRIP UNIVERSAL 10 TABLET HOLDER,"Soporte universal para tablet de 10"" RAM MOUNTS X-Grip™ III",118.50,97.93,47.79,793442935916,1,3926909790,0,1,"<p>El soporte universal RAM® X-Grip® para tabletas de 9""-10"" presenta un diseño en ""X"" que se expande y contrae para proporcionar un ajuste perfecto a tu dispositivo, incluso si está en una funda. Incluye mandos de agarre de fácil acceso situados en la parte posterior del soporte para liberar rápidamente tu tableta. Sea cual sea el brazo de doble encaje y la base de montaje con los que emparejes el X-Grip® RAM®, la tecnología de bola y encaje RAM® permite una ajustabilidad casi infinita para conseguir el ángulo de visión ideal, al tiempo que prolonga la vida útil de tu teléfono al amortiguar los golpes y las vibraciones. Esta versión del soporte RAM® X-Grip® es compatible con tabletas que se ajusten a las dimensiones indicadas a continuación. Es importante verificar las dimensiones del dispositivo con su funda, estuche o carcasa a la hora de determinar el tamaño total.</p>
<ul>
	<li>Anchura mínima = 6,25"" (15,87cm)</li>
	<li>Anchura máxima = 20,57 cm (8,1"")</li>
	<li>Longitud máxima (utilizando soportes adicionales) = 26,03cm (10,25"")</li>
	<li>Profundidad = 0,875"" (2,22cm)</li>
</ul>

<p><strong>Amazon</strong></p>

<ul>
	<li>Fire HD 10</li>
</ul>

<p><strong>Apple</strong></p>

<ul>
	<li>iPad (1ª Generación)</li>
	<li>iPad (3ª Generación)</li>
	<li>iPad (4ª Generación)</li>
	<li>iPad (5ª Generación)</li>
	<li>iPad (6ª Generación)</li>
	<li>iPad (7ª Generación)</li>
	<li>iPad (8ª Generación)</li>
	<li>iPad 2</li>
	<li>iPad 9.7 (2017)</li>
	<li>iPad 9.7 (2018)</li>
	<li>iPad Air</li>
	<li>iPad Air 2</li>
	<li>iPad Air 3</li>
	<li>iPad Air 4</li>
	<li>iPad Air 5</li>
	<li>iPad Pro 9.7 (1ª Generación)</li>
	<li>iPad Pro 10.5 (2ª Generación)</li>
	<li>iPad Pro 11</li>
	<li>iPad Pro 11"" (2020)</li>
</ul>

<p><strong>ASUS</strong></p>

<ul>
	<li>MeMO Pad FHD 10</li>
	<li>Transformer Pad</li>
	<li>ZenPad 10</li>
	<li>ZenPad 3S 10</li>
	<li>ZenPad Z10</li>
</ul>

<p><strong>Dell</strong></p>

<ul>
	<li>Venue 10 7000</li>
	<li>Venue 11 Pro</li>
	<li>Venue 11 Pro 7000</li>
</ul>

<p><strong>Google</strong></p>

<ul>
	<li>Nexus 10</li>
	<li>Pixel C</li>
</ul>

<p><strong>HP</strong></p>

<ul>
	<li>ElitePad 900</li>
	<li>ElitePad 900 G1</li>
	<li>Pro 610</li>
	<li>Pizarra Pro 10.1</li>
</ul>

<p><strong>Huawei</strong></p>

<ul>
	<li>MediaPad M2 10.0</li>
	<li>MediaPad M3 Lite 10.0</li>
	<li>MediaPad T3 10</li>
</ul>

<p><strong>Lenovo</strong></p>

<ul>
	<li>Miix 3</li>
	<li>S6000</li>
	<li>Tab 2 A10-70</li>
	<li>Tab 4 10</li>
	<li>Tab 4 10 Plus</li>
	<li>Tab A10</li>
	<li>Tab3 10 Business</li>
	<li>ThinkPad 10</li>
	<li>ThinkPad Tablet 2</li>
	<li>Yoga Book</li>
	<li>Yoga Tab 3 10</li>
	<li>Yoga Tab 3 Pro</li>
	<li>Tableta Yoga 10</li>
	<li>Yoga Tablet 10 HD</li>
	<li>Yoga Tablet 2 (10 pulgadas)</li>
</ul>

<p><strong>LG</strong></p>

<ul>
	<li>G Pad 10.1</li>
	<li>G Pad II 10.1</li>
	<li>G Pad X 10.1</li>
	<li>G Pad X II 10.1</li>
</ul>

<p><strong>Microsoft</strong></p>

<ul>
	<li>Surface 2</li>
	<li>Surface Pro</li>
	<li>Surface Pro 2</li>
</ul>

<p><strong>Samsung</strong></p>

<ul>
	<li>Galaxy Book 10.6</li>
	<li>Galaxy Tab 10.1</li>
	<li>Galaxy Tab 2 10.1</li>
	<li>Galaxy Tab 3 10.1</li>
	<li>Galaxy Tab 4 10.1</li>
	<li>Galaxy Tab A 9,7</li>
	<li>Galaxy Tab A 10,5</li>
	<li>Galaxy Tab A8 10,5</li>
	<li>Galaxy Tab Active Pro</li>
	<li>Galaxy Tab Active4 Pro</li>
	<li>Galaxy Tab Pro 10.1</li>
	<li>Galaxy Tab S 10.5</li>
	<li>Galaxy Tab S2 9,7</li>
	<li>Galaxy Tab S3 9,7</li>
	<li>Galaxy Tab S4 10,5</li>
	<li>Galaxy Tab S5e</li>
	<li>Galaxy Tab S6</li>
	<li>Galaxy Tab S7</li>
	<li>Galaxy Tab S7 FE</li>
	<li>Galaxy Tab S7 Plus</li>
	<li>Galaxy Tab S8</li>
	<li>Galaxy Tab S8 Plus</li>
</ul>

<p><strong>Sony</strong></p>

<ul>
	<li>Vaio Tap 11</li>
	<li>Xperia Tablet S</li>
	<li>Xperia Tablet Z</li>
</ul>

<p><strong>Vankyo</strong></p>

<ul>
	<li>MatrixPad Z4 10</li>
</ul>

<p><strong>Zebra</strong></p>

<ul>
	<li>ET50 10</li>
	<li>ET55 10</li>
</ul>
","
El soporte universal RAM® X-Grip® para tabletas de 9""-10"" presenta un diseño en ""X"" que se expande y contrae para proporcionar un ajuste perfecto a tu dispositivo, incluso si está en una funda. Incluye mandos de agarre de fácil acceso situados en la parte posterior del soporte para liberar rápidamente tu tableta. Sea cual sea el brazo de doble encaje y la base de montaje con los que emparejes el X-Grip® RAM®, la tecnología de bola y encaje RAM® permite una ajustabilidad casi infinita para conseguir el ángulo de visión ideal, al tiempo que prolonga la vida útil de tu teléfono al amortiguar los golpes y las vibraciones. Esta versión del soporte RAM® X-Grip® es compatible con tabletas que se ajusten a las dimensiones indicadas a continuación. Es importante verificar las dimensiones del dispositivo con su funda, estuche o carcasa a la hora de determinar el tamaño total.

	Anchura mínima = 6,25"" (15,87cm)
	Anchura máxima = 20,57 cm (8,1"")
	Longitud máxima (utilizando soportes adicionales) = 26,03cm (10,25"")
	Profundidad = 0,875"" (2,22cm)



Amazon


	Fire HD 10



Apple


	iPad (1ª Generación)
	iPad (3ª Generación)
	iPad (4ª Generación)
	iPad (5ª Generación)
	iPad (6ª Generación)
	iPad (7ª Generación)
	iPad (8ª Generación)
	iPad 2
	iPad 9.7 (2017)
	iPad 9.7 (2018)
	iPad Air
	iPad Air 2
	iPad Air 3
	iPad Air 4
	iPad Air 5
	iPad Pro 9.7 (1ª Generación)
	iPad Pro 10.5 (2ª Generación)
	iPad Pro 11
	iPad Pro 11"" (2020)



ASUS


	MeMO Pad FHD 10
	Transformer Pad
	ZenPad 10
	ZenPad 3S 10
	ZenPad Z10



Dell


	Venue 10 7000
	Venue 11 Pro
	Venue 11 Pro 7000



Google


	Nexus 10
	Pixel C



HP


	ElitePad 900
	ElitePad 900 G1
	Pro 610
	Pizarra Pro 10.1



Huawei


	MediaPad M2 10.0
	MediaPad M3 Lite 10.0
	MediaPad T3 10



Lenovo


	Miix 3
	S6000
	Tab 2 A10-70
	Tab 4 10
	Tab 4 10 Plus
	Tab A10
	Tab3 10 Business
	ThinkPad 10
	ThinkPad Tablet 2
	Yoga Book
	Yoga Tab 3 10
	Yoga Tab 3 Pro
	Tableta Yoga 10
	Yoga Tablet 10 HD
	Yoga Tablet 2 (10 pulgadas)



LG


	G Pad 10.1
	G Pad II 10.1
	G Pad X 10.1
	G Pad X II 10.1



Microsoft


	Surface 2
	Surface Pro
	Surface Pro 2



Samsung


	Galaxy Book 10.6
	Galaxy Tab 10.1
	Galaxy Tab 2 10.1
	Galaxy Tab 3 10.1
	Galaxy Tab 4 10.1
	Galaxy Tab A 9,7
	Galaxy Tab A 10,5
	Galaxy Tab A8 10,5
	Galaxy Tab Active Pro
	Galaxy Tab Active4 Pro
	Galaxy Tab Pro 10.1
	Galaxy Tab S 10.5
	Galaxy Tab S2 9,7
	Galaxy Tab S3 9,7
	Galaxy Tab S4 10,5
	Galaxy Tab S5e
	Galaxy Tab S6
	Galaxy Tab S7
	Galaxy Tab S7 FE
	Galaxy Tab S7 Plus
	Galaxy Tab S8
	Galaxy Tab S8 Plus



Sony


	Vaio Tap 11
	Xperia Tablet S
	Xperia Tablet Z



Vankyo


	MatrixPad Z4 10



Zebra


	ET50 10
	ET55 10

",VEHICLE PARTS & ACCESSORIES,ACCESSORIES,ACC. COMFORT&CONVEN.,2129,498,215,180,55,https://api.mybihr.com/medias/800Wx800H-1123418-1.jpg?context=bWFzdGVyfHJvb3R8NTkzMDZ8aW1hZ2UvanBlZ3xhR1kzTDJnME55ODBOVE01TmpFNE1EVTJOakEwTmk4NE1EQlhlRGd3TUVoZk1URXlNelF4T0MweExtcHdad3w3YTU4YjZhNDkyYWNiMzliMGIyNzlmZmQ4NzdkNTU3OTk3NmIyNTUwY2JkMzQyZmMyMmEzZjVhNzkyNDNlOGJl,https://api.mybihr.com/medias/800Wx800H-1123418-2.jpg?context=bWFzdGVyfHJvb3R8NDEwNTl8aW1hZ2UvanBlZ3xhRFpoTDJnellTODBOVE01TmpFNE1EazFPVEkyTWk4NE1EQlhlRGd3TUVoZk1URXlNelF4T0MweUxtcHdad3xhYjU4NWY1YTc4YTliNGM5OWU1NzMxNzQ4ZDVhYTA0NGY1Nzc5OTM3Mzc4YmZhNTg0ZmM1OWM0MmUwNjhlMzA4,https://api.mybihr.com/medias/800Wx800H-1123418-3.jpg?context=bWFzdGVyfHJvb3R8NzUxNjh8aW1hZ2UvanBlZ3xhR1V4TDJneFlTODBOVE01TmpFNE1UTTFNalEzT0M4NE1EQlhlRGd3TUVoZk1URXlNelF4T0MwekxtcHdad3wxNTMzZDU2N2M5ZDU5NDE2NTgzNGExZGVlNmYxMWM4ZWI1ZGM3ZWE1MzgzNmMxNWVlZmEwMDNjNjFjNzZmNjA4,https://api.mybihr.com/medias/800Wx800H-1123418-4.jpg?context=bWFzdGVyfHJvb3R8NjMxNTR8aW1hZ2UvanBlZ3xhRFptTDJneU9DODBOVE01TmpFNE1UYzBOVFk1TkM4NE1EQlhlRGd3TUVoZk1URXlNelF4T0MwMExtcHdad3w1NmQ4ZjI5NWI5ZTg1Njk2OGMzMDQ0ZDlhMTQwOWMxNzBmNWQwYWYwNzc4YmVjY2UyNDFkOWJkMTgwZTNjOTk5,https://static.bihr.pro/eBihr/Pictures/RAM-pictures.zip,https://api.mybihr.com/medias/RMR-INSTRUCTIONS.pdf?context=bWFzdGVyfHJvb3R8NTQ0MDkwfGFwcGxpY2F0aW9uL3BkZnxhR1JtTDJnd1pDODBOVEV4T1RFNU16UXhOVGN4TUM5U1RWSXRTVTVUVkZKVlExUkpUMDVUTG5Ca1pnfDc3NTI2MTRkY2ViNmU4NGYxODAxMTY5NDNmM2QxMmIxZDBjMTE1MTIwY2U3ZmFkNzk3NGVjMTUxZDUzMzMyYzY,Spain Warehouse (Parts)
