PartNumber,OldPartNumber,SupplierProductCode,Brand,ProductName,Designation,RetailPriceIncludingTax,RetailPriceExcludingTax,BaseDealerPriceExcludingTax,BarCode,StockValue,CommodityCode,OnDemand,DropShipping,HtmlDescription,Description,Category1,Category2,Category3,V-Color,V-Tamaño,Volume (cm³),Weight (g),Length (mm),Width (mm),Height (mm),Acabado de la pintura,Apto para Bluetooth,Colección,Color,Compatible con uso de gafas,Composición,Estilo de casco,Estilo de pintura,Homologación,Interior desmontable,Modelo de casco,Pantalla antivaho,Pantalla solar integrada,Peso (kg),Sistema específico de protección,Talla,Tipo de cierre,Picture1,Picture2,Picture3,Picture4,Picture5,Picture6,Picture7,Picture8,Picture9,Picture10,Picture11,AllPicturesZIP,DeliveryPlant
8007106007,8007106007,3661738049678,NOVIC,"NOVIC HELMT SWITCH, WHT, XS",Casco NOVIC Switch modular - blanco,144.95,119.79,71.87,3661738049678,1,6506108000,0,1,"<p>Presentamos el casco modular Switch de NOVIC: el paradigma de la versatilidad, el estilo y la protecci&oacute;n sin igual. Dise&ntilde;ado para motoristas que se niegan a renunciar a la comodidad o la funcionalidad, el casco Switch est&aacute; pensado para adaptarse a tus necesidades de conducci&oacute;n siempre cambiantes.</p>
<p>Con su innovador dise&ntilde;o modular, el casco Switch ofrece la libertad de elegir entre una configuraci&oacute;n integral para una m&aacute;xima protecci&oacute;n o una configuraci&oacute;n abierta para disfrutar de una refrescante brisa en los d&iacute;as c&aacute;lidos. La transici&oacute;n r&aacute;pida y sin fisuras es posible gracias al mecanismo de f&aacute;cil manejo, que te permite cambiar de un modo a otro sin esfuerzo con un simple giro.</p>
<p>La seguridad es el n&uacute;cleo del dise&ntilde;o del casco Switch. Fabricado con una calota exterior fuerte y duradera, proporciona una excepcional resistencia a los impactos, protegiendo tu cabeza de los posibles peligros de la carretera. El avanzado forro EPS del casco absorbe y disipa la energ&iacute;a del impacto, reduciendo el riesgo de lesiones en la cabeza. Con el casco Switch, puedes conducir con confianza, sabiendo que est&aacute;s protegido por una tecnolog&iacute;a de vanguardia.</p>
<p>La comodidad es primordial durante tus salidas, y el casco Switch cumple en todos los frentes. Su dise&ntilde;o ergon&oacute;mico garantiza un ajuste ce&ntilde;ido y seguro, mientras que el acolchado interior suave y que absorbe la humedad mejora el confort general. El sistema de ventilaci&oacute;n ajustable permite un flujo de aire &oacute;ptimo, manteni&eacute;ndote fresco incluso durante los viajes largos.</p>
<p>El casco Switch est&aacute; equipado con una visera transparente y antirrayas que ofrece una excelente visibilidad y protege tus ojos de la suciedad y los rayos UV. La visera puede ajustarse f&aacute;cilmente para adaptarse a diferentes condiciones de iluminaci&oacute;n, mejorando tu experiencia de conducci&oacute;n. Adem&aacute;s, el casco incorpora un visor solar, que protege c&oacute;modamente los ojos cuando conduces bajo la luz del sol.</p>
<p>El estilo se une a la funcionalidad con el dise&ntilde;o elegante y contempor&aacute;neo del casco Switch. Disponible en una gama de cautivadores colores y acabados, te permite expresar tu individualidad en la carretera. Tanto si circulas por calles urbanas como si te embarcas en emocionantes aventuras, seguro que el casco Switch atraer&aacute; todas las miradas.</p>
<p>Elige el casco modular Switch de NOVIC y abre un mundo de posibilidades. Disfruta de la libertad de cambiar entre la protecci&oacute;n integral y la libertad de la cara abierta, todo ello mientras disfrutas de una seguridad y comodidad sin concesiones. Eleva tu experiencia de conducci&oacute;n con el casco Switch y abraza la versatilidad que define tu viaje.</p>
<p><strong>CARACTER&Iacute;STICAS:</strong></p>
<ul>
<li>Calota de ABS</li>
<li>2 tama&ntilde;os de calota</li>
<li>Interior extra&iacute;ble y lavable</li>
<li>Forro antibacteriano</li>
<li>Protector de barbilla y nariz desmontable</li>
<li>Mentonera de ajuste microm&eacute;trico</li>
<li>Sistema de pantalla con resorte</li>
<li>Pantalla solar abatible</li>
<li>Preparado para Pinlock + Pinlock30 en caja</li>
<li>3 tomas de aire</li>
<li>ECE 22.05</li>
</ul>","
Presentamos el casco modular Switch de NOVIC: el paradigma de la versatilidad, el estilo y la protección sin igual. Diseñado para motoristas que se niegan a renunciar a la comodidad o la funcionalidad, el casco Switch está pensado para adaptarse a tus necesidades de conducción siempre cambiantes.

Con su innovador diseño modular, el casco Switch ofrece la libertad de elegir entre una configuración integral para una máxima protección o una configuración abierta para disfrutar de una refrescante brisa en los días cálidos. La transición rápida y sin fisuras es posible gracias al mecanismo de fácil manejo, que te permite cambiar de un modo a otro sin esfuerzo con un simple giro.

La seguridad es el núcleo del diseño del casco Switch. Fabricado con una calota exterior fuerte y duradera, proporciona una excepcional resistencia a los impactos, protegiendo tu cabeza de los posibles peligros de la carretera. El avanzado forro EPS del casco absorbe y disipa la energía del impacto, reduciendo el riesgo de lesiones en la cabeza. Con el casco Switch, puedes conducir con confianza, sabiendo que estás protegido por una tecnología de vanguardia.

La comodidad es primordial durante tus salidas, y el casco Switch cumple en todos los frentes. Su diseño ergonómico garantiza un ajuste ceñido y seguro, mientras que el acolchado interior suave y que absorbe la humedad mejora el confort general. El sistema de ventilación ajustable permite un flujo de aire óptimo, manteniéndote fresco incluso durante los viajes largos.

El casco Switch está equipado con una visera transparente y antirrayas que ofrece una excelente visibilidad y protege tus ojos de la suciedad y los rayos UV. La visera puede ajustarse fácilmente para adaptarse a diferentes condiciones de iluminación, mejorando tu experiencia de conducción. Además, el casco incorpora un visor solar, que protege cómodamente los ojos cuando conduces bajo la luz del sol.

El estilo se une a la funcionalidad con el diseño elegante y contemporáneo del casco Switch. Disponible en una gama de cautivadores colores y acabados, te permite expresar tu individualidad en la carretera. Tanto si circulas por calles urbanas como si te embarcas en emocionantes aventuras, seguro que el casco Switch atraerá todas las miradas.

Elige el casco modular Switch de NOVIC y abre un mundo de posibilidades. Disfruta de la libertad de cambiar entre la protección integral y la libertad de la cara abierta, todo ello mientras disfrutas de una seguridad y comodidad sin concesiones. Eleva tu experiencia de conducción con el casco Switch y abraza la versatilidad que define tu viaje.

CARACTERÍSTICAS:

Calota de ABS
2 tamaños de calota
Interior extraíble y lavable
Forro antibacteriano
Protector de barbilla y nariz desmontable
Mentonera de ajuste micrométrico
Sistema de pantalla con resorte
Pantalla solar abatible
Preparado para Pinlock + Pinlock30 en caja
3 tomas de aire
ECE 22.05
",RIDER GEAR,HELMET,HELMET FLIP UP,Blanco,XS,31930,1660,361,305,290,Brillante,,2022,Blanco,,ABS,Touring & Urban/Scooter,Monocolor,Homologación CE,,Switch,,,,,XS,Micrométrico,https://api.mybihr.com/medias/8007106007-1-800Wx800H?context=bWFzdGVyfHJvb3R8NjQ0NjJ8aW1hZ2UvanBlZ3xhRGswTDJoak55OHhOamsyTWpBNE1qYzJOamczT0M4NE1EQTNNVEEyTURBM0xURmZPREF3VjNnNE1EQkl8Y2QxMDIyOTE0MTk0ZDc0MTY1NGRmODlmOTU1YWZkNzhhNTljMmJlMjhkMzRmODAzMzllZDcwZGE4OGY3ZWIzZA,https://api.mybihr.com/medias/8007106007-2-800Wx800H?context=bWFzdGVyfHJvb3R8NTcwODJ8aW1hZ2UvanBlZ3xhR00wTDJoak1DOHhOamsyTWpBNE1qazJNelE0Tmk4NE1EQTNNVEEyTURBM0xUSmZPREF3VjNnNE1EQkl8NTQ5YmNkNTIzOWFmZjU0NDFiMDBmNTYxM2RjNWU4MjQxMTVlNWNhMmVlZjNjNTEwNWQ5ZjkxNWFiZDg2ZjRjOQ,https://api.mybihr.com/medias/8007106007-3-800Wx800H?context=bWFzdGVyfHJvb3R8NjI1MzF8aW1hZ2UvanBlZ3xhRFE0TDJnM01pOHhOamsyTWpBNE16RTJNREE1TkM4NE1EQTNNVEEyTURBM0xUTmZPREF3VjNnNE1EQkl8YjY0ODQ1M2E2MGI5Yzk3OGVmYmI3MDFlMjYzYmFjYzBiM2RmZmZmZTI4MDUyYzg2MmRiNGFmMWY1NDZjNmNmMA,https://api.mybihr.com/medias/8007106007-4-800Wx800H?context=bWFzdGVyfHJvb3R8NDYyMTl8aW1hZ2UvanBlZ3xhRGhpTDJnMllpOHhOamsyTWpBNE16TTFOamN3TWk4NE1EQTNNVEEyTURBM0xUUmZPREF3VjNnNE1EQkl8NzZiMTg4YjhjYWExMWU4NjJjODU5YWEwODVmZmUzZmIzZTZhOTkyNWQzNGQyOGNkYTBiM2YzODFlNzg5MWU1MA,https://api.mybihr.com/medias/8007106007-5-800Wx800H?context=bWFzdGVyfHJvb3R8NTU3MTZ8aW1hZ2UvanBlZ3xhR0poTDJnMk5DOHhOamsyTWpBNE16VTFNek14TUM4NE1EQTNNVEEyTURBM0xUVmZPREF3VjNnNE1EQkl8MzA3YWQ4YzQ2Mjg3NzU5MTFlNTUwM2JlMzNkZjEwM2YxMmZkOGQ2MmI5NGJjYzVkZjQzZTdhMWJlNmYxNGIzYg,https://api.mybihr.com/medias/8007106007-6-800Wx800H?context=bWFzdGVyfHJvb3R8NTY2MzB8aW1hZ2UvanBlZ3xhR1prTDJnMVpDOHhOamsyTWpBNE16YzBPVGt4T0M4NE1EQTNNVEEyTURBM0xUWmZPREF3VjNnNE1EQkl8ZTQyYjdhMGQxMmIwMmRkMTI1OGM5MTZkNThkNDRlYWRjYjk4OTUxNzE4OWQ5MDk5MDkxMTY0MTZkMmVhMWJjYQ,https://api.mybihr.com/medias/8007106007-7-800Wx800H?context=bWFzdGVyfHJvb3R8NTc4ODd8aW1hZ2UvanBlZ3xhREprTDJnMU55OHhOamsyTWpBNE16azBOalV5Tmk4NE1EQTNNVEEyTURBM0xUZGZPREF3VjNnNE1EQkl8ZWQwMjE3ODE1YzdlYzRiODg5YTM0M2M1NzNhNGJlNDQwZjdmMDg5ZjRjMDI3N2E2MTFjYzljZGIzNDU2Y2I0Nw,https://api.mybihr.com/medias/8007106007-8-800Wx800H?context=bWFzdGVyfHJvb3R8MjYxOTY5fGltYWdlL2pwZWd8YUdJekwyZ3dOUzh4TmprMk1qQTROREl3T0RZM01DODRNREEzTVRBMk1EQTNMVGhmT0RBd1YzZzRNREJJfGU5ZjYwOWYxOWM4MWI5YzQ3OTk3OTM0M2I4MGRmMGYyNTEzMDlhMjRlM2M5NGU1NTAzMzZhZDAwYjQzODg2YTE,https://api.mybihr.com/medias/8007106007-9-800Wx800H?context=bWFzdGVyfHJvb3R8MTk4OTE5fGltYWdlL2pwZWd8YUdWakwyZ3dOeTh4TmprMk1qQTRORFl3TVRnNE5pODRNREEzTVRBMk1EQTNMVGxmT0RBd1YzZzRNREJJfDNkNTlkMGJiMTgyZDZiMjQwYjI0ZmM2ZDFhZGFjZThjYWNlMjQ0Y2Q0MWRiZDAwYjgwMWMxNTQzODA5MmIwMWQ,https://api.mybihr.com/medias/8007106007-10-800Wx800H?context=bWFzdGVyfHJvb3R8Mjc0MTIzfGltYWdlL2pwZWd8YURKaUwyZ3hNeTh4TmprMk1qQTRORGs1TlRFd01pODRNREEzTVRBMk1EQTNMVEV3WHpnd01GZDRPREF3U0F8NDM5ZWQyZDUxOGRkYzI1Y2IzMmQ3MzYzYmNhM2RhM2E5NTFkMmQxYWM0NWIxMTBhZDc4NzAyMzBjOTk1MWJmYQ,https://api.mybihr.com/medias/8007106007-11-800Wx800H?context=bWFzdGVyfHJvb3R8MjcyNjQ3fGltYWdlL2pwZWd8YURZMEwyZzJPQzh4TmprMk1qQTROVE00T0RNeE9DODRNREEzTVRBMk1EQTNMVEV4WHpnd01GZDRPREF3U0F8YzQzYWZlNTkyMDZmNTQ4OTc4NGZjMjU0ZGI3Yjc1YjBjMGI3MjVjYWQ1NzBjNTQ4ZWMzZDZkOWZlZTFlMmExMA,https://static.bihr.pro/eBihr/Pictures/NOVIC-pictures.zip,Spain Warehouse (Parts)
