PartNumber,OldPartNumber,SupplierProductCode,Brand,ProductName,Designation,RetailPriceIncludingTax,RetailPriceExcludingTax,BaseDealerPriceExcludingTax,BarCode,StockValue,CommodityCode,OnDemand,DropShipping,HtmlDescription,Description,Category1,Category2,Category3,Volume (cm³),Weight (g),Length (mm),Width (mm),Height (mm),Capacidad (ml/l),Diámetro Ø (mm),Homologación,Picture1,Picture2,Picture3,Picture4,AllPicturesZIP,Document1,Document2,Document3,Document4,DeliveryPlant
1050375,893498,13 090,PRESSOL,PRESS TAP BARREL TAP,Grifo latón para bidones BIHR,34.06,28.15,22.52,13090,0,8481801990,0,1,Grifo de latón para bidones de 60 y 200 litros.,Grifo de latón para bidones de 60 y 200 litros.,TOOLING & WS,WS,WS. FLUID DISTRIB.,250,198,85,70,42,,,,https://api.mybihr.com/medias/1050375-1-800Wx800H?context=bWFzdGVyfHJvb3R8MTUzNDE3fGltYWdlL2pwZWd8YURjMEwyZzBNQzg0T1RJM05qRTJOREF4TkRNNEx6RXdOVEF6TnpVdE1WODRNREJYZURnd01FZ3w0MzI1Mjc1MDljYzVkM2YwNDQwZDBlYmZmNTQ2ZThjMzVjOWQ3YThkZDJhYmM3NTFmZGIwNDAzODk4N2RlZWJi,,,,https://static.bihr.pro/eBihr/Pictures/PRESSOL-pictures.zip,,,,,Spain Warehouse (Parts)
1050377,89050001,19 698,PRESSOL,PRESS DIGIT METER FOR OIL DISTRIBUTION,Pistola medidora digital para distribución de aceite PRESSOL,330.41,273.07,218.46,4048358196989,3,9028200000,0,1,"Empuñadura con contador digital para el kit de distribución de aceite 890506. 			Contenido: pistola, tubo flexible con boquilla de codo rígido de 90° y antigoteo manual, racor giratorio Su estructura, incluyendo la parte que ocupa el d""""""""","Empuñadura con contador digital para el kit de distribución de aceite 890506. 			Contenido: pistola, tubo flexible con boquilla de codo rígido de 90° y antigoteo manual, racor giratorio Su estructura, incluyendo la parte que ocupa el d""""""""",TOOLING & WS,WS,WS. FLUID DISTRIB.,13617,1957,594,175,131,,,,https://api.mybihr.com/medias/1050377-1-800Wx800H?context=bWFzdGVyfHJvb3R8MjQ4NTN8aW1hZ2UvanBlZ3xhR1UwTDJobU1TODRPVEF5TWpRek5ERTRNVFF5THpFd05UQXpOemN0TVY4NE1EQlhlRGd3TUVnfGE3N2NhZjQxODEwM2UxMDYyODlkODYzNDNjZjVkYTc2ZWE3OGI3OTg0MDgxNTcyNWJlMjFlOTgzMmUxNTA3Njk,,,,https://static.bihr.pro/eBihr/Pictures/PRESSOL-pictures.zip,https://api.mybihr.com/medias/2965120-19698-F.pdf?context=bWFzdGVyfGRvY3VtZW50c3w0OTY2MjJ8YXBwbGljYXRpb24vcGRmfGFHTXpMMmhoWVM4NU5qTTBOVGt4TmpBME56WTJMekk1TmpVeE1qQmZNVGsyT1RoZlJnfGNkYzdkNTgwNTg2ZTZkMGQzMDJkNTdlZWJkYmY2YWZiOTVlMTFiNDYxZjcxODYyNzhmOWViNGU2ZjZkODdlMjk,,,,France Warehouse (Parts)
1050378,890506,19 242 397,PRESSOL,"PRESS OIL SUPPLY PNEUMATIC, 4M HOSE",Kit de distribución de aceite PRESSOL,1058.47,874.77,699.82,4103810705915,1,9026102190,0,0,"Kit de distribución neumática de aceite para bidones de 200 / 220 L.  Contiene: 			Bomba de aceite neumática 3:1, con caudal de 20 l/minEmpuñadura con contador digital (totalizador parcial y total), con protección de esfera de goma, ac""""""""","Kit de distribución neumática de aceite para bidones de 200 / 220 L.  Contiene: 			Bomba de aceite neumática 3:1, con caudal de 20 l/minEmpuñadura con contador digital (totalizador parcial y total), con protección de esfera de goma, ac""""""""",TOOLING & WS,WS,WS. FLUID DISTRIB.,48536,9680,1310,190,195,,,,https://api.mybihr.com/medias/1050378-1-800Wx800H?context=bWFzdGVyfHJvb3R8MjcyNjl8aW1hZ2UvanBlZ3xhR013TDJoallTODRPVFV6T0RVd05Ua3pNekV3THpFd05UQXpOemd0TVY4NE1EQlhlRGd3TUVnfGFhMzlkMWU4MjVmNzY0YWU1NDkxNGEzMGU3Mjc4OGVmM2JiMzkzMDA1NDM3MmRjZTc5MmVhZjcyNDNhNzg2YzQ,,,,https://static.bihr.pro/eBihr/Pictures/PRESSOL-pictures.zip,,,,,France Warehouse (Parts)
1127293,,13015,PRESSOL,PRESS CANE DRUM PUMP STEEL,Bomba para bidón PRESSOL - Tubo de acero,71.39,59.00,38.35,4103810130151,0,8413200090,0,1,"<ul>
	<li>Caudal (l/carrera): 0,1</li>
	<li>Caudal a 60 carreras/min (l/min): 6</li>
	<li>Fluidos: Aceites hasta SAE 140</li>
	<li>Utilización: Bidones de 60 / 200 / 220 l</li>
	<li>Salida: Pitorro, fijado por tuerca</li>
	<li>
	<p>Pitorro de plástico PE</p></li>
	<li>Longitud del tubo de aspiración (mm): 840</li>
	<li>Tratamiento superficial: Todas las piezas de acero galvanizadas</li>
	<li>Tapón del bidón: 2'' G M y M 64x4 M</li>
	<li>Cabeza de la bomba: Fundición inyectada de zinc - resistente a los golpes</li>
	<li>Cuerpo de la bomba: Acero</li>
	<li>Juntas: NBR</li>
	<li>Peso (kg): 1,63</li>
</ul>
","
	Caudal (l/carrera): 0,1
	Caudal a 60 carreras/min (l/min): 6
	Fluidos: Aceites hasta SAE 140
	Utilización: Bidones de 60 / 200 / 220 l
	Salida: Pitorro, fijado por tuerca
	
	Pitorro de plástico PE
	Longitud del tubo de aspiración (mm): 840
	Tratamiento superficial: Todas las piezas de acero galvanizadas
	Tapón del bidón: 2'' G M y M 64x4 M
	Cabeza de la bomba: Fundición inyectada de zinc - resistente a los golpes
	Cuerpo de la bomba: Acero
	Juntas: NBR
	Peso (kg): 1,63

",TOOLING & WS,WS,WS. FLUID DISTRIB.,6976,1920,1090,80,80,,,,https://api.mybihr.com/medias/800Wx800H-1127293-1.jpeg?context=bWFzdGVyfHJvb3R8MTUyMTR8aW1hZ2UvanBlZ3xhRE14TDJobFpDODJOVFk0TlRjek5EY3hPVFV4T0M4NE1EQlhlRGd3TUVoZk1URXlOekk1TXkweExtcHdaV2N8NDEyM2YwZDI3OTRhZGU1OTBmYzc4MmZjNDk3NWJmMTg0NjQyZGQ5YzU4YWM5OWM1ODAyYzI2NWU5ODIzMDRkNw,,,,https://static.bihr.pro/eBihr/Pictures/PRESSOL-pictures.zip,,,,,Spain Warehouse (Parts)
1052878,890502,6267820,PRESSOL,PRESS SPRAYER 750ML,Pulverizador PRESSOL 750ml,17.12,14.15,9.20,4103810428074,1,8424894000,0,1,"Pulverizador industrial de polietileno blanco transparente, con boquilla de plástico regulable y con cierre. 			Se puede emplear para diversos productos químicos (por ejemplo, productos de lavado, desengrasado y limpieza)No apto para s""""""""","Pulverizador industrial de polietileno blanco transparente, con boquilla de plástico regulable y con cierre. 			Se puede emplear para diversos productos químicos (por ejemplo, productos de lavado, desengrasado y limpieza)No apto para s""""""""",TOOLING & WS,CONSUMABLE,CONS. CONSUMABLE,2795,126,270,115,90,,,,https://api.mybihr.com/medias/1052878-1-800Wx800H?context=bWFzdGVyfHJvb3R8MTczOTd8aW1hZ2UvanBlZ3xhR1JrTDJobU1pODRPVFEyTURnMU1UTTBNelkyTHpFd05USTROemd0TVY4NE1EQlhlRGd3TUVnfDZiNDhlZTNkNmEwODcyZmNiOTU2YzhjNWU0OGZjMGM5YWI5ZWU0ODVjYmIzZDViY2MyM2JjOGIzYTk0N2ZiYTk,,,,https://static.bihr.pro/eBihr/Pictures/PRESSOL-pictures.zip,,,,,Spain Warehouse (Parts)
1052882,893015,99 826 010,PRESSOL,PRESS RUBBER GASK FOR JERRYCAN FUEL,Junta hermética de plástico para garrafa de gasolina metálica PRESSOL,6.00,4.96,3.22,99826010,1,8484100090,0,1,Junta para manguera de bidones 893010 (10 l) y 893013 (20 l),Junta para manguera de bidones 893010 (10 l) y 893013 (20 l),TOOLING & WS,CONSUMABLE,CONS. CONSUMABLE,16,4,60,65,4,,,,https://api.mybihr.com/medias/1052882-1-800Wx800H?context=bWFzdGVyfHJvb3R8OTQ1OTh8aW1hZ2UvanBlZ3xhREk0TDJobE5DODRPVEF5TXpRd05qUXdOems0THpFd05USTRPREl0TVY4NE1EQlhlRGd3TUVnfDAxNTUyYTdjZThkZDdiNTdhNTJjOTQ1NTBiYzljMGI5NmUyN2IwZGM1NDg3OTUzYmU3YWZlOGVmMDE2ZTYwMjU,,,,https://static.bihr.pro/eBihr/Pictures/PRESSOL-pictures.zip,,,,,Spain Warehouse (Parts)
1052863,893005,07 643,PRESSOL,PRESS MEASUR JUGS 2L,Jarra dosificadora PRESSOL hierro blanco 2L,32.16,26.58,21.26,4103810076435,1,7326909890,0,1,"Jarra dosificadora de hojalata, muy resistente y provista de boquilla flexible de metal (longitud 230 mm).  Capacidad: 2 L","Jarra dosificadora de hojalata, muy resistente y provista de boquilla flexible de metal (longitud 230 mm).  Capacidad: 2 L",TOOLING & WS,CONSUMABLE,CONS. CONSUMABLE,5695,429,294,116,167,,,,https://api.mybihr.com/medias/1052863-1-800Wx800H?context=bWFzdGVyfHJvb3R8MjA4MjF8aW1hZ2UvanBlZ3xhR00zTDJnd01pODRPVEV3TkRnNE9UWXhNRFUwTHpFd05USTROak10TVY4NE1EQlhlRGd3TUVnfDNjMWQxYzhkZmY2ZDUyNjQ3YzM0Zjc3YmQ5ODU0OTdiZmMzNzYzZTU5ZDI4N2JlZTBjMjlmNzMwYmYzYjVjZTE,,,,https://static.bihr.pro/eBihr/Pictures/PRESSOL-pictures.zip,,,,,Spain Warehouse (Parts)
1052869,89602003,21 088,PRESSOL,PRESS WATER CAN FOR 893358 & 89602001,Grifo para bidón Jerrycan de plástico PRESSOL,6.73,5.56,3.61,4103810210884,0,3926909790,0,1,<p>Grifo para bidón de plástico ref. 1124539 y 1052874.</p>,"
Grifo para bidón de plástico ref. 1124539 y 1052874.",TOOLING & WS,CONSUMABLE,CONS. CONSUMABLE,247,25,93,70,38,,,,https://api.mybihr.com/medias/1052869-1-800Wx800H?context=bWFzdGVyfHJvb3R8NDU2NTh8aW1hZ2UvanBlZ3xhR1ptTDJnMlppODRPVEkwT1RVNU1EZ3dORGM0THpFd05USTROamt0TVY4NE1EQlhlRGd3TUVnfDM3ODIwODg2ZmRhMDFkYWIxNjhhOTBiMjk1MWVhODk1OTMwOGMwYTNkNDU5ZTA2NWU1NzZhY2MxMTA0ZGYyYjk,,,,https://static.bihr.pro/eBihr/Pictures/PRESSOL-pictures.zip,,,,,Spain Warehouse (Parts)
1052871,893358,21 127,PRESSOL,PRESS JERRICAN FOR PETROL 20L,Garrafa de gasolina PRESSOL - 20L,31.84,26.31,17.10,1052871,1,3923309000,0,1,"Bidón para hidrocarburos, con tubo de descarga flexible de 245 mm de longitud. 			Homologación UN7BAM		 Recambios: Manguera de salida (ref. 89602004)Junta de estanqueidad (ref. 89602005)""""""""","Bidón para hidrocarburos, con tubo de descarga flexible de 245 mm de longitud. 			Homologación UN7BAM		 Recambios: Manguera de salida (ref. 89602004)Junta de estanqueidad (ref. 89602005)""""""""",TOOLING & WS,CONSUMABLE,CONS. CONSUMABLE,31788,1528,492,355,182,,,Homologación TüV,https://api.mybihr.com/medias/1052871-1-800Wx800H?context=bWFzdGVyfHJvb3R8MjczNTd8aW1hZ2UvanBlZ3xhRFU0TDJnNU1TODRPVE0xTWpBM05ETTJNekU0THpFd05USTROekV0TVY4NE1EQlhlRGd3TUVnfDdkY2MxODRiZTE3YTgwYWM0N2QxYTU1YWZlN2E5NjY1ODYxODQyZWZhZTk4ZmNiZjFkMmYxYTZkYzM5ODJhNWU,,,,https://static.bihr.pro/eBihr/Pictures/PRESSOL-pictures.zip,,,,,Spain Warehouse (Parts)
1052850,890505,02 342,PRESSOL,"PRESS TIN PLATE 1,3L WITH FILTER",Embudo hierro blanco PRESSOL,20.41,16.87,10.97,4103810023422,1,7326909890,0,1,"Embudo de hierro blanco y polietileno (Ø160 mm), provisto de un filtro de latón intercambiable y de grandes bordes antisalpicaduras. 			Capacidad: 1,3 L""""""""","Embudo de hierro blanco y polietileno (Ø160 mm), provisto de un filtro de latón intercambiable y de grandes bordes antisalpicaduras. 			Capacidad: 1,3 L""""""""",TOOLING & WS,CONSUMABLE,CONS. CONSUMABLE,8951,255,224,180,222,,,,https://api.mybihr.com/medias/1052850-1-800Wx800H?context=bWFzdGVyfHJvb3R8MTQyMzQ3fGltYWdlL2pwZWd8YURFeEwyZ3pZaTg0T0RZNE1qVXlPRGMyT0RNd0x6RXdOVEk0TlRBdE1WODRNREJYZURnd01FZ3w3YmYyMGU3ODEyZDkzYjY2NGE3MDVkMWI1NTliNmI4MDU5ZGMwZTZkNDY5YWEzZTg5NDU5MzFkMzhiYjA3MDQ2,,,,https://static.bihr.pro/eBihr/Pictures/PRESSOL-pictures.zip,,,,,Spain Warehouse (Parts)
1052875,890507,24 110,PRESSOL,PRESS DRAIN PAN 6L,Bandeja de aceite negro PRESSOL 6L,10.51,8.69,5.65,4103810241109,9,3926909790,0,1,Drenaje de fluidos y aceites.,Drenaje de fluidos y aceites.,TOOLING & WS,CONSUMABLE,CONS. CONSUMABLE,15988,393,362,365,121,,,,https://api.mybihr.com/medias/1052875-1-800Wx800H?context=bWFzdGVyfHJvb3R8NTA3MjV8aW1hZ2UvanBlZ3xhRFl6TDJnMk5DODRPVFV6T1RNNU1EQXhNemMwTHpFd05USTROelV0TVY4NE1EQlhlRGd3TUVnfDk4ZjNmMDMzZGI4MGVjM2YxY2ZmNTM3MThkZGI1NjYwYWU3Mjc2NjU5Y2NlOWFkYWU4Yjc3ZGYxODQxZjZhZDM,,,,https://static.bihr.pro/eBihr/Pictures/PRESSOL-pictures.zip,,,,,Spain Warehouse (Parts)
1052849,893497,01 172,PRESSOL,PRESS FUNNEL FILT FOR 890505 / 890515,Filtro para embudo PRESSOL,4.20,3.47,2.78,1172,1,3926909790,0,1,Filtro adicional para embudos Pressol 890505 y 890515 ,Filtro adicional para embudos Pressol 890505 y 890515 ,TOOLING & WS,CONSUMABLE,CONS. CONSUMABLE,75,5,68,65,17,,,,https://api.mybihr.com/medias/1052849-1-800Wx800H?context=bWFzdGVyfHJvb3R8MzQ2MTQ2fGltYWdlL2pwZWd8YURFM0wyZ3daaTg0T1RVek9UTTROakE0TVRVNEx6RXdOVEk0TkRrdE1WODRNREJYZURnd01FZ3w5MTkwZTk1NThlNmU5N2NmNWU1Mjc1YmU1NjZjOWQ0NzFkYTM3NGQ4MjI0ZGU5MzVlZWZkZTc0YjllZTMyZDhj,,,,https://static.bihr.pro/eBihr/Pictures/PRESSOL-pictures.zip,,,,,Spain Warehouse (Parts)
1052865,890514,12 362,PRESSOL,PRESS GREASE PUMP GREASE 80ML,Bomba de grasa PRESSOL 80ml,19.05,15.74,12.59,4103810123627,2,8205598000,0,1,"Bomba de engrase de acero galvanizado, equipada con boquilla universal puntiaguda. 			Capacidad: 80 mlPresión máxima: 60 a 80 bar""""""""","Bomba de engrase de acero galvanizado, equipada con boquilla universal puntiaguda. 			Capacidad: 80 mlPresión máxima: 60 a 80 bar""""""""",TOOLING & WS,CONSUMABLE,CONS. CONSUMABLE,314,320,155,45,45,,,,https://api.mybihr.com/medias/1052865-1-800Wx800H?context=bWFzdGVyfHJvb3R8MzUyNjN8aW1hZ2UvanBlZ3xhRGRoTDJnMk1TODRPRGMwTkRrME16STRPRFl5THpFd05USTROalV0TVY4NE1EQlhlRGd3TUVnfDJmMGMwZDRlZGY1NTdmMGUzMjBjMjlkZTAxOTIwMjc0OWQwOTQxOWQwNzA4NDRjNTEyODY5MjJhNmJmNjdjZjU,,,,https://static.bihr.pro/eBihr/Pictures/PRESSOL-pictures.zip,,,,,Spain Warehouse (Parts)
1052868,893010,21 055,PRESSOL,PRESS JERRYCAN METAL,Garrafa de gasolina metálica PRESSOL - 10L,56.13,46.39,30.15,4103810210556,0,7310291000,0,1,"Bidón metálico para hidrocarburos. 			Interior lacado y cierre seguro. Homologación TÜV/UN		 Recambios: 			Manguera de salida (ref. 893011)Junta de estanqueidad (ref. 893015)""""""""","Bidón metálico para hidrocarburos. 			Interior lacado y cierre seguro. Homologación TÜV/UN		 Recambios: 			Manguera de salida (ref. 893011)Junta de estanqueidad (ref. 893015)""""""""",TOOLING & WS,CONSUMABLE,CONS. CONSUMABLE,15030,2569,397,289,131,,,Homologación TüV,https://api.mybihr.com/medias/1052868-1-800Wx800H?context=bWFzdGVyfHJvb3R8MzAwNDB8aW1hZ2UvanBlZ3xhRGN4TDJnMU1pODRPVEV3TkRnNU16VTBNamN3THpFd05USTROamd0TVY4NE1EQlhlRGd3TUVnfGVlMWY1ZGI5MGJmNjQ1ZTEzZTY0MTY5NjIxY2RiZTFiZGNmZDcyZTBmYmU3OWUzZWRhYzVjNzJiMDcwNmQyMjI,,,,https://static.bihr.pro/eBihr/Pictures/PRESSOL-pictures.zip,,,,,Spain Warehouse (Parts)
1052870,89602004,21 089,PRESSOL,PRESS FLEXIBLE FOR 893358 & 89602001,Tubería flexible de plástico para bidón PRESSOL,8.58,7.09,4.61,4103810210891,1,3926909790,0,1,"<p>Manguera de salida para bidón de plástico ref. 1124539 y 1052874.</p>
<p><strong>Características técnicas:</strong></p>
<ul>
	<li>Longitud: 245 mm</li>
	<li>Diámetro exterior: 20 mm</li>
</ul>
","
Manguera de salida para bidón de plástico ref. 1124539 y 1052874.

Características técnicas:

	Longitud: 245 mm
	Diámetro exterior: 20 mm

",TOOLING & WS,CONSUMABLE,CONS. CONSUMABLE,1963,99,299,101,65,,,,https://api.mybihr.com/medias/1052870-1-800Wx800H?context=bWFzdGVyfHJvb3R8MzcwNzJ8aW1hZ2UvanBlZ3xhRFpqTDJoallpODRPVEkzTmpZNE9UWXhNekV3THpFd05USTROekF0TVY4NE1EQlhlRGd3TUVnfDUwZThmZWJiOTQ1NGIwYjJhODU0MDljOTc0YmYxMjhjOGRjYjMxMWUyMTBiYzg5MDU0NzExYjZmMjU3M2IxMDY,,,,https://static.bihr.pro/eBihr/Pictures/PRESSOL-pictures.zip,,,,,Spain Warehouse (Parts)
1052873,893012,21 137,PRESSOL,PRESS JERRICAN PETROL PROPYLENE 20L,Garrafa de gasolina PRESSOL - 20L,36.28,29.98,19.49,4103810211379,9,3923309000,0,1,"Bidón para hidrocarburos, con tubo de descarga flexible de 245 mm de longitud. 			Girando la tapa se puede colocar la boquilla en el bidón. Homologación UN/BAM.""""""""","Bidón para hidrocarburos, con tubo de descarga flexible de 245 mm de longitud. 			Girando la tapa se puede colocar la boquilla en el bidón. Homologación UN/BAM.""""""""",TOOLING & WS,CONSUMABLE,CONS. CONSUMABLE,35675,1297,400,411,217,,,UN & BAM & Homologado,https://api.mybihr.com/medias/1052873-1-800Wx800H?context=bWFzdGVyfHJvb3R8MjU4MjZ8aW1hZ2UvanBlZ3xhR05oTDJoalppODRPVEF5TXpRd01EVXdPVGMwTHpFd05USTROek10TVY4NE1EQlhlRGd3TUVnfDJiZWIwOTI4YjRlZDM3ZmQ5NmNkYzg4ZTYyNDRkZGIyYjcwOTlkNDZlYjA3NmZhODI3ZjJhZTkxN2JlMzM0MzA,,,,https://static.bihr.pro/eBihr/Pictures/PRESSOL-pictures.zip,,,,,Spain Warehouse (Parts)
1052877,89602005,88 117,PRESSOL,PRESS SEAL FOR PLASTIC JERRYCAN,Junta hermética de plástico para bidón PRESSOL,2.99,2.47,1.61,88117,2,8484100090,0,1,Junta hermética para bidones de plástico (ref. 893358 y 89602002).,Junta hermética para bidones de plástico (ref. 893358 y 89602002).,TOOLING & WS,CONSUMABLE,CONS. CONSUMABLE,43,6,71,68,9,,,,https://api.mybihr.com/medias/1052877-1-800Wx800H?context=bWFzdGVyfHJvb3R8NzE5MjB8aW1hZ2UvanBlZ3xhRFl6TDJnMlppODRPVEkzTmpZNU5UVXhNVE0wTHpFd05USTROemN0TVY4NE1EQlhlRGd3TUVnfDQ0NzY2YWQ0MGY0MjViMjhkYzE0MjMwZjFlMDM1ZTQ3NzhjNWJmNjdkYjg4NzM5MmFmMjRkMzA4MTA0NjI5ZWQ,,,,https://static.bihr.pro/eBihr/Pictures/PRESSOL-pictures.zip,,,,,Spain Warehouse (Parts)
1052879,890510,12 250 950,PRESSOL,PRESS GREASE PUMP WITH HOSE + 4 JAWS,Bomba de grasa tipo Pistola PRESSOL,44.13,36.47,29.18,4103810423246,4,8205598000,0,1,"Bomba de engrase, tipo pistola, sistema impermeable, cabezal de zinc y sistema de purga de aire por rotación. 			Se rellena con un cartucho de grasa (400 g) o con grasa a granel.Se entrega con manguera de alta presión (longitud: 300 mm""""""""","Bomba de engrase, tipo pistola, sistema impermeable, cabezal de zinc y sistema de purga de aire por rotación. 			Se rellena con un cartucho de grasa (400 g) o con grasa a granel.Se entrega con manguera de alta presión (longitud: 300 mm""""""""",TOOLING & WS,CONSUMABLE,CONS. CONSUMABLE,5476,1454,405,169,80,,,,https://api.mybihr.com/medias/1052879-1-800Wx800H?context=bWFzdGVyfHJvb3R8NDgxNzd8aW1hZ2UvanBlZ3xhR0ZoTDJnMVlTODRPRGMwTkRrME5USTFORGN3THpFd05USTROemt0TVY4NE1EQlhlRGd3TUVnfDMzODk5NzNlYTcxOTQxOWU5YTFlZjlhYWFiOGE0MDlhMzI2ZDNhNmIzMThlZmVhZTc4MzQ1M2M5YTFjYjgxODc,,,,https://static.bihr.pro/eBihr/Pictures/PRESSOL-pictures.zip,,,,,Spain Warehouse (Parts)
1052881,893011,21 080 001,PRESSOL,PRESS FLEXIBLE FOR JERRYCAN FUEL,Tubo flexible de acero para garrafa de gasolina metálica PRESSOL,22.63,18.70,12.16,4103810210808,0,7326909890,0,1,Manguera para bidones de chapa metálica 893010 (10 l) y 893013 (20 l)Se necesita junta de estanqueidad (893015),Manguera para bidones de chapa metálica 893010 (10 l) y 893013 (20 l)Se necesita junta de estanqueidad (893015),TOOLING & WS,CONSUMABLE,CONS. CONSUMABLE,955,238,248,70,55,,,,https://api.mybihr.com/medias/1052881-1-800Wx800H?context=bWFzdGVyfHJvb3R8MTg4Njl8aW1hZ2UvanBlZ3xhR0pqTDJnM05pODRPVEkwT1RVNU1qYzNNRGcyTHpFd05USTRPREV0TVY4NE1EQlhlRGd3TUVnfGVkZTJlMTgxNTAwZjk1NDAyNzIxNDc5MWYzYjY1NTlmNzczMTJhYWY2NTA2NTY2MDY1M2JkNWZhMjQzNjJlMDE,,,,https://static.bihr.pro/eBihr/Pictures/PRESSOL-pictures.zip,,,,,Spain Warehouse (Parts)
1052864,893006,12 332,PRESSOL,PRESS GREASE PUMP GREASE 150 ML,Bomba de grasa PRESSOL 150ml,13.72,11.34,9.07,4103810123320,0,3926909790,0,1,"Bomba de engrase de plástico, equipada con boquilla universal. 			Capacidad: 150 mlPresión máxima de suministro: 20 bar""""""""","Bomba de engrase de plástico, equipada con boquilla universal. 			Capacidad: 150 mlPresión máxima de suministro: 20 bar""""""""",TOOLING & WS,CONSUMABLE,CONS. CONSUMABLE,416,90,157,53,50,,,,https://api.mybihr.com/medias/1052864-1-800Wx800H?context=bWFzdGVyfHJvb3R8MjgyODB8aW1hZ2UvanBlZ3xhR0V3TDJnMFlpODRPVEV3TkRnNU1UVTNOall5THpFd05USTROalF0TVY4NE1EQlhlRGd3TUVnfDk5MTBiM2Y4OGE0ZmM4NmMzYmM3YjVhZGE2ZTMxY2RiYTNjMGNhYmU1Zjg1MGMwYmJkMmM0ODkzY2IzMzIzMzE,,,,https://static.bihr.pro/eBihr/Pictures/PRESSOL-pictures.zip,,,,,Spain Warehouse (Parts)
1052852,893000,02 370,PRESSOL,PRESS FUNNEL FOR 890505 / 890515,Embudo rectangular para bidones PRESSOL 4L,25.87,21.38,17.10,4103810023705,1,3926909790,0,1,"Embudo rectangular de polietileno gris, con filtro de latón intercambiable. 			Resistente a aceites, ácidos y combustiblesCapacidad: 4 L""""""""","Embudo rectangular de polietileno gris, con filtro de latón intercambiable. 			Resistente a aceites, ácidos y combustiblesCapacidad: 4 L""""""""",TOOLING & WS,CONSUMABLE,CONS. CONSUMABLE,17507,365,320,282,194,,,,https://api.mybihr.com/medias/1052852-1-800Wx800H?context=bWFzdGVyfHJvb3R8NDU2NjJ8aW1hZ2UvanBlZ3xhR1kxTDJneE15ODRPVEkwT1RVNE5Ea3dOalUwTHpFd05USTROVEl0TVY4NE1EQlhlRGd3TUVnfDY4NGRhZmM1ZWYzYjE0YWZhMWI4YmRhOGQ4OGM4ZGE5ZTVmYTJlZGFjOTFkZTI0OGE3MzgyZTEzMTk1ZmJiNTI,,,,https://static.bihr.pro/eBihr/Pictures/PRESSOL-pictures.zip,,,,,Spain Warehouse (Parts)
1052853,890515,02 568,PRESSOL,"PRESS FUNNEL 1,3L",Embudo para bidones PRESSOL Ø250mm,43.68,36.10,28.88,02568,1,3926909790,0,1,"Embudo de polietileno de Ø250 mm, con tapa para colocarlo directamente al bidón de aceite usado. 			Capacidad: 3,2 l		 Filtro de repuesto: 893497","Embudo de polietileno de Ø250 mm, con tapa para colocarlo directamente al bidón de aceite usado. 			Capacidad: 3,2 l		 Filtro de repuesto: 893497",TOOLING & WS,CONSUMABLE,CONS. CONSUMABLE,20699,754,335,271,228,,,,https://api.mybihr.com/medias/1052853-1-800Wx800H?context=bWFzdGVyfHJvb3R8MTQ2MzB8aW1hZ2UvanBlZ3xhR1U1TDJneU55ODRPVE01TlRnM016TTRNamN3THpFd05USTROVE10TVY4NE1EQlhlRGd3TUVnfDJmYjNiMDEzY2ZkNzYzNzc3ZTUwZTNhYjYwMTczMTBhZjg1ZTExZTYxODczMThjNDhlZTM5OTYyMWRmNGM2MmI,,,,https://static.bihr.pro/eBihr/Pictures/PRESSOL-pictures.zip,,,,,Spain Warehouse (Parts)
1052857,89602001,06 243,PRESSOL,PRESS SPRAYER ALU 750 MM,Pulverizador industrial PRESSOL 750ml,25.11,20.75,13.49,4103810062438,1,8424894000,0,1,"Pulverizador industrial con mango ergonómico y bomba de doble efecto. 			Material: HDPE (polietileno de alta densidad)Cabezal pulverizador con bomba de doble acción y orientación libreCapacidad: 750 ml""""""""","Pulverizador industrial con mango ergonómico y bomba de doble efecto. 			Material: HDPE (polietileno de alta densidad)Cabezal pulverizador con bomba de doble acción y orientación libreCapacidad: 750 ml""""""""",TOOLING & WS,CONSUMABLE,CONS. CONSUMABLE,3027,174,309,101,97,,,,https://api.mybihr.com/medias/800Wx800H-1052857-1.jpg?context=bWFzdGVyfHJvb3R8ODIyNjQ1fGltYWdlL2pwZWd8YUdFeUwyaGxNeTgwTmpRMU1qSXdNamc1TnpRek9DODRNREJYZURnd01FaGZNVEExTWpnMU55MHhMbXB3Wnd8YWE3MTVjYWFlNWI4ZGNlZTNlNzQ0NGJmNTM2M2Y1YzEzZjJkYzJkOTYxYWM0YWFlZTcyNTM3YmUwNGM5MjJmYg,https://api.mybihr.com/medias/800Wx800H-1052857-2.jpg?context=bWFzdGVyfHJvb3R8MjY5MjB8aW1hZ2UvanBlZ3xhR1UwTDJoallTODBOalExTWpJd016RTFPVFU0TWk4NE1EQlhlRGd3TUVoZk1UQTFNamcxTnkweUxtcHdad3w4NjFlMzMwYThjZWJmYzk5OGQyNDE1MjRiOTA0N2IwYjI3YmE4YzQxNTY4MmE2ZmQyMjM1Mjc1NTJiNjcyY2Zl,https://api.mybihr.com/medias/800Wx800H-1052857-3.jpg?context=bWFzdGVyfHJvb3R8MzU5ODl8aW1hZ2UvanBlZ3xhRFF6TDJoaVpDODBOalExTWpJd016VTFNamM1T0M4NE1EQlhlRGd3TUVoZk1UQTFNamcxTnkwekxtcHdad3wzZjZmMGNjN2RhNTE3NTI2YTA3NDQxZmY2MThmNDk4NmQyOGY3NTVlOGExYmFmNjU3ZmUxZjNhMzA2NDUzMWNj,,https://static.bihr.pro/eBihr/Pictures/PRESSOL-pictures.zip,https://api.mybihr.com/medias/fiche-technique-06233.pdf?context=bWFzdGVyfHJvb3R8NDAwNzcxfGFwcGxpY2F0aW9uL3BkZnxhR0l6TDJoaU1pODBOalExTWpJd016ZzRNRFEzT0M5bWFXTm9aVjkwWldOb2JtbHhkV1ZmTURZeU16TXVjR1JtfGU5N2FjMTUzNDA3Y2NlNjRiOTg2MDc0NWU3MTRhZDhjOTY4NGE0ODJhNTIzZmRiZGYzMzUzNTFmNDE0MDkyNzc,,,,Spain Warehouse (Parts)
1052859,893004,06 866,PRESSOL,PRESS OILLER PLASTIC 36>180 MM,Aceitera de plástico PRESSOL 500ml,8.24,6.81,5.45,4103810068669,0,3926909790,0,1,"Aceitera de polietileno blanco transparente, equipada con boquilla de latón y tubo de pulverización regulable (longitud: 36 a 180 mm). 			Resistente a aceites, ácidos y combustiblesCapacidad: 500 ml""""""""","Aceitera de polietileno blanco transparente, equipada con boquilla de latón y tubo de pulverización regulable (longitud: 36 a 180 mm). 			Resistente a aceites, ácidos y combustiblesCapacidad: 500 ml""""""""",TOOLING & WS,CONSUMABLE,CONS. CONSUMABLE,1791,70,221,111,73,,,,https://api.mybihr.com/medias/1052859-1-800Wx800H?context=bWFzdGVyfHJvb3R8MTE4NzZ8aW1hZ2UvanBlZ3xhRFEzTDJnek15ODRPVEF5TXpNNU5qVTNOelU0THpFd05USTROVGt0TVY4NE1EQlhlRGd3TUVnfDg0NjdlMzMzN2M2ZjdlZDk1NmU2ODJiYzRlNmYxNzM1ZjllM2VhY2ZkMzRlZTMzZTc1NzkyNjhkOWQ1NDYyZDI,,,,https://static.bihr.pro/eBihr/Pictures/PRESSOL-pictures.zip,,,,,Spain Warehouse (Parts)
1052872,890512,21 133,PRESSOL,PRESS JERRICAN FOR PETROL 10L,Garrafa de gasolina PRESSOL - 10L,24.81,20.50,13.33,4103810211331,2,3923309000,0,1,"Bidón para hidrocarburos, con tubo de descarga flexible de 245 mm de longitud. 			Girando la tapa se puede colocar la boquilla en el bidón. Homologación UN/BAM.""""""""","Bidón para hidrocarburos, con tubo de descarga flexible de 245 mm de longitud. 			Girando la tapa se puede colocar la boquilla en el bidón. Homologación UN/BAM.""""""""",TOOLING & WS,CONSUMABLE,CONS. CONSUMABLE,20465,820,329,195,319,,,UN & BAM & Homologado,https://api.mybihr.com/medias/1052872-1-800Wx800H?context=bWFzdGVyfHJvb3R8MjYyNTZ8aW1hZ2UvanBlZ3xhREEwTDJnM1pDODRPVEkzTmpZNU1UVTNPVEU0THpFd05USTROekl0TVY4NE1EQlhlRGd3TUVnfGQxYzdiNGI4MTk4NTdlMmM2NTUxMTczYzQ5YjQ2YmMwNTliOTQwMTc3YWI1OTY3YjU3ZDNkNmZlYjgxNzMzZWQ,,,,https://static.bihr.pro/eBihr/Pictures/PRESSOL-pictures.zip,,,,,Spain Warehouse (Parts)
1052874,89602002,21163,PRESSOL,PRESS WATER CAN 10L,Bidón Jerrycan alimentario apto para agua PRESSOL 10L,17.00,14.05,9.13,4103810211638,0,3923309000,0,1,"<p>Bidón alimentario apto para agua de 10 litros de capacidad en polietileno blanco transparente.&nbsp;</p>
<p>Grifo desmontable y lavable. Tapón con lengüeta de sujeción. Tubo de caudal opcional.&nbsp;</p>
<p>Accesorios opcionales:&nbsp; Manguera de salida (ref. 1052870).&nbsp;</p>","
Bidón alimentario apto para agua de 10 litros de capacidad en polietileno blanco transparente. 

Grifo desmontable y lavable. Tapón con lengüeta de sujeción. Tubo de caudal opcional. 

Accesorios opcionales:  Manguera de salida (ref. 1052870). ",TOOLING & WS,CONSUMABLE,CONS. CONSUMABLE,19576,540,350,177,316,,,,https://api.mybihr.com/medias/800Wx800H-1052874-1.jpg?context=bWFzdGVyfHJvb3R8MTA0NDAwfGltYWdlL2pwZWd8YURrM0wyZzJNUzgwTmpRMU1qSXdNVEUyTURjek5DODRNREJYZURnd01FaGZNVEExTWpnM05DMHhMbXB3Wnd8MDBiMDg4ODNiOWEzNjg1ZDNkODk0ZmVhOWNiZDM1ZjZhOTRhY2E0OWZjYTg5NDgwYTk1MzU5MDNlY2ZjNjQxMw,,,,https://static.bihr.pro/eBihr/Pictures/PRESSOL-pictures.zip,,,,,Spain Warehouse (Parts)
1052855,893002,4802,PRESSOL,PRESS OILLER PLASTIC WITH FILTER,Aceitera de plástico PRESSOL 200ml,26.43,21.84,17.47,4103810048029,1,3926909790,0,1,"Aceitera de plástico blanco transparente, equipada con boquilla de aluminio rígida recta, de 135 mm de largo, y bomba de latón de doble acción. 			Capacidad: 200 mlEntrega: 1ml/vertido""""""""","Aceitera de plástico blanco transparente, equipada con boquilla de aluminio rígida recta, de 135 mm de largo, y bomba de latón de doble acción. 			Capacidad: 200 mlEntrega: 1ml/vertido""""""""",TOOLING & WS,CONSUMABLE,CONS. CONSUMABLE,1479,261,296,111,45,,,,https://api.mybihr.com/medias/1052855-1-800Wx800H?context=bWFzdGVyfHJvb3R8MTQ5NjF8aW1hZ2UvanBlZ3xhR1UzTDJneE5TODRPVFV6T1RNNE9EQTBOelkyTHpFd05USTROVFV0TVY4NE1EQlhlRGd3TUVnfGViMjhiZTM3NGRiNjVkNzVmMTkzNzgxNmY3NDgyMmU1ZjE2ZWVjOTY4ODI5ZjQxOTI5NWYwMTVmNWVkNGQ4ODg,,,,https://static.bihr.pro/eBihr/Pictures/PRESSOL-pictures.zip,,,,,Spain Warehouse (Parts)
1052876,890511,24 115,PRESSOL,PRESS DRAIN PAN 7L,Recogedor de aceite negro PRESSOL 7L,28.13,23.25,18.60,4103810241154,4,3926909790,0,1,Drenaje de fluidos y aceites.,Drenaje de fluidos y aceites.,TOOLING & WS,CONSUMABLE,CONS. CONSUMABLE,17417,1032,492,300,118,,,,https://api.mybihr.com/medias/1052876-1-800Wx800H?context=bWFzdGVyfHJvb3R8MjgzNTl8aW1hZ2UvanBlZ3xhRE0wTDJnM05pODRPVEkzTmpZNU16VTBOVEkyTHpFd05USTROell0TVY4NE1EQlhlRGd3TUVnfGY1ZGI4NTcwNDk2MWE2MDgzOGY1ZWIxMDBkYzQ4NGUxN2I4ZTYyNjQ5NDIxZmE1YmU5NzdlYzY5ZWM5YTMzNDQ,,,,https://static.bihr.pro/eBihr/Pictures/PRESSOL-pictures.zip,,,,,Spain Warehouse (Parts)
1052880,893013,21 060 950,PRESSOL,PRESS JERRYCAN METALIC PETROL 20L,Garrafa de gasolina metálica PRESSOL - 20L,66.05,54.59,35.48,4103810210600,0,7310291000,0,1,"Bidón metálico para hidrocarburos. 			Interior lacado y cierre seguro. Homologación TÜV/UN		 Recambios: 			Manguera de salida (ref. 893011)Junta de estanqueidad (ref. 893015)""""""""","Bidón metálico para hidrocarburos. 			Interior lacado y cierre seguro. Homologación TÜV/UN		 Recambios: 			Manguera de salida (ref. 893011)Junta de estanqueidad (ref. 893015)""""""""",TOOLING & WS,CONSUMABLE,CONS. CONSUMABLE,28258,3964,471,355,169,,,Homologación TüV,https://api.mybihr.com/medias/1052880-1-800Wx800H?context=bWFzdGVyfHJvb3R8MzAyOTl8aW1hZ2UvanBlZ3xhRFU0TDJoa1pDODRPVEF5TXpRd05EUTBNVGt3THpFd05USTRPREF0TVY4NE1EQlhlRGd3TUVnfDMxY2E5ODk4MTIxYmRiZTE4YmJmYjg3NzRjMmI4ODIzNTk0Y2Q5ZjBjZWViNjM3M2YzODUwZGZkZmMyZjFmNjM,,,,https://static.bihr.pro/eBihr/Pictures/PRESSOL-pictures.zip,,,,,Spain Warehouse (Parts)
1052854,893001,03 902,PRESSOL,PRESS OILLER ZINC Ø350MM ALL FLUIDS,Aceitera de zinc PRESSOL 200ml,34.47,28.49,22.79,4103810039027,1,8205598000,0,1,"Aceitera de zinc equipada con boquilla de aluminio rígida curvada, de 135 mm de largo, y bomba de latón de doble acción. 			Capacidad: 200 mlEntrega: 1ml/vertido""""""""","Aceitera de zinc equipada con boquilla de aluminio rígida curvada, de 135 mm de largo, y bomba de latón de doble acción. 			Capacidad: 200 mlEntrega: 1ml/vertido""""""""",TOOLING & WS,CONSUMABLE,CONS. CONSUMABLE,696,439,159,73,60,,,,https://api.mybihr.com/medias/1052854-1-800Wx800H?context=bWFzdGVyfHJvb3R8MzM4ODR8aW1hZ2UvanBlZ3xhRE5rTDJoa01pODRPVEkzTmpZNE56WTBOekF5THpFd05USTROVFF0TVY4NE1EQlhlRGd3TUVnfGUxNGI1NmNhNGFlYmIwMzFiMzk1OWRmMzk1M2Q4ZDQ1NWJmZmZkZWI2ZjYzYTk5NjI5OTA2MjE0OTgwYTE2NjQ,,,,https://static.bihr.pro/eBihr/Pictures/PRESSOL-pictures.zip,,,,,Spain Warehouse (Parts)
1052858,893003,06 766,PRESSOL,PRESS DISPENSING ALU 135 MM,Botella para llenado de acido de baterías PRESSOL 500ml,8.28,6.84,5.47,4103810067662,2,3926909790,0,1,"<ul>
	<li>Adecuada para rellenar de acido las baterías</li>
	<li>Adecuada para aceite, ácidos y combustibles</li>
</ul>

<p>Datos técnicos</p>

<ul>
	<li>Capacidad de envase &nbsp;&nbsp;&nbsp; 500ml</li>
	<li>Construcción del depósito&nbsp;&nbsp;&nbsp;&nbsp;&nbsp;&nbsp;&nbsp;&nbsp;&nbsp;&nbsp; LDPE (polietileno de baja densidad)</li>
	<li>Color del depósito&nbsp;&nbsp;&nbsp;&nbsp;&nbsp;&nbsp;&nbsp;&nbsp;&nbsp; blanco, transparente</li>
	<li>Longitud extensión salida (mm) extensible desde 115 hasta 260</li>
	<li>Material extensión salida&nbsp;&nbsp;&nbsp;&nbsp;&nbsp;&nbsp;&nbsp;&nbsp;&nbsp;&nbsp;&nbsp;&nbsp; polietileno</li>
	<li>Altura (mm)&nbsp;&nbsp;&nbsp;&nbsp;&nbsp;&nbsp; 310</li>
	<li>Diámetro de la base Ø (mm)&nbsp;&nbsp;&nbsp;&nbsp;&nbsp; 70</li>
</ul>
","
	Adecuada para rellenar de acido las baterías
	Adecuada para aceite, ácidos y combustibles



Datos técnicos


	Capacidad de envase     500ml
	Construcción del depósito           LDPE (polietileno de baja densidad)
	Color del depósito          blanco, transparente
	Longitud extensión salida (mm) extensible desde 115 hasta 260
	Material extensión salida             polietileno
	Altura (mm)       310
	Diámetro de la base Ø (mm)      70

",TOOLING & WS,CONSUMABLE,CONS. CONSUMABLE,1534,53,294,111,47,,,,https://api.mybihr.com/medias/1052858-1-800Wx800H?context=bWFzdGVyfHJvb3R8MTAzOTQ5fGltYWdlL2pwZWd8YUdWaEwyZzVPQzg0T1RVeU5URXlOVFEwTnprNEx6RXdOVEk0TlRndE1WODRNREJYZURnd01FZ3w4NTAxZDUxOWUxNGRjNmZlOWY1Y2I0OGJlOTAyNGEyNzUwY2VmODFiN2VhOTNkMWVjMThhY2I2Y2U3NzQ2YmFi,,,,https://static.bihr.pro/eBihr/Pictures/PRESSOL-pictures.zip,,,,,Spain Warehouse (Parts)
1052860,890516,07 621,PRESSOL,PRESS MEASUR JUGS 750ML INDUSTRIAL,Jarra dosificadora PRESSOL 1L,17.11,14.14,9.19,4103810076213,2,3926909790,0,1,"Jarra dosificadora de polietileno blanco transparente, provista de tapón, tapa protectora y boquilla en forma de embudo (160 mm de largo). 			Resistente a aceites, ácidos y combustiblesGraduaciones cada 0,25 o 0,5 L""""""""","Jarra dosificadora de polietileno blanco transparente, provista de tapón, tapa protectora y boquilla en forma de embudo (160 mm de largo). 			Resistente a aceites, ácidos y combustiblesGraduaciones cada 0,25 o 0,5 L""""""""",TOOLING & WS,CONSUMABLE,CONS. CONSUMABLE,3430,123,229,192,78,,,,https://api.mybihr.com/medias/1052860-1-800Wx800H?context=bWFzdGVyfHJvb3R8MTg1Njd8aW1hZ2UvanBlZ3xhRGMyTDJneVl5ODRPVEF5TXpNNU9EVTBNelkyTHpFd05USTROakF0TVY4NE1EQlhlRGd3TUVnfGU5OWIwMDk3ZmQ0YWEwYzMyZjQ5ZDA1NzlhMDkwOWEwNDFmNDY0ZjBlMTkxYTg5MWJjYmM5YzM4NDNiMTNhZjQ,,,,https://static.bihr.pro/eBihr/Pictures/PRESSOL-pictures.zip,,,,,Spain Warehouse (Parts)
1052866,893016,12 630,PRESSOL,PRESS GREASE PUMP GREASE ON LEVER,Bomba de grasa con palanca PRESSOL,38.26,31.62,25.30,4103810126307,2,8205598000,0,1,"Bomba de engrase, tipo palanca, con sistema impermeable, cabezal de zinc y sistema de purga de aire por rotación. 			Se rellena con un cartucho de grasa (400 g) o con grasa a granel.Se entrega con manguera de alta presión (longitud: 30""""""""","Bomba de engrase, tipo palanca, con sistema impermeable, cabezal de zinc y sistema de purga de aire por rotación. 			Se rellena con un cartucho de grasa (400 g) o con grasa a granel.Se entrega con manguera de alta presión (longitud: 30""""""""",TOOLING & WS,CONSUMABLE,CONS. CONSUMABLE,3217,1260,391,121,68,,,,https://api.mybihr.com/medias/1052866-1-800Wx800H?context=bWFzdGVyfHJvb3R8NDYyODR8aW1hZ2UvanBlZ3xhRGc1TDJnek5TODRPVE01TlRnM056TXhORGcyTHpFd05USTROall0TVY4NE1EQlhlRGd3TUVnfDJhNzFjNzE5Nzc2ZGY4ODdhYzdhYTc3OTEzMTExMjZmNmMzYzBmMzMxOWFhNGJiNTRjOWJlMjI1YmRhYjQ5ODE,,,,https://static.bihr.pro/eBihr/Pictures/PRESSOL-pictures.zip,https://api.mybihr.com/medias/datasheet-12630.pdf?context=bWFzdGVyfGRvY3VtZW50c3wzMjU5Mzl8YXBwbGljYXRpb24vcGRmfGFETmtMMmhpTmk4NU1EUXpOelk1TXpZd05ERTBMMlJoZEdGemFHVmxkRjh4TWpZek1BfGZmMmFmY2Q4NTdmNTY3YTlmMjJhZWQ3YThmMzllZTUxMWQ5YWFmMGFlMTg1MDhlYmNiNDZlYzE0MDhhMjZmM2U,,,,Spain Warehouse (Parts)
1052856,890503,06 178,PRESSOL,"PRESS PUMP SPRAY Ø250MM CONT:3,2L",Pulverizador con pressión PRESSOL 1L,29.23,24.16,15.70,4103810061783,0,8424894000,0,1,"Pulverizador industrial de polietileno blanco transparente, con boquilla de plástico regulable y con cierre. 			No apto para su uso con acetona, glicol, disolventes, limpiadores de frenos y ácidos tales como el ácido fórmico y el ácido""""""""","Pulverizador industrial de polietileno blanco transparente, con boquilla de plástico regulable y con cierre. 			No apto para su uso con acetona, glicol, disolventes, limpiadores de frenos y ácidos tales como el ácido fórmico y el ácido""""""""",TOOLING & WS,CONSUMABLE,CONS. CONSUMABLE,7920,251,300,220,120,,,,https://api.mybihr.com/medias/1052856-1-800Wx800H?context=bWFzdGVyfHJvb3R8MTgzNjR8aW1hZ2UvanBlZ3xhREZoTDJnek55ODRPVFE1TXpNME9UTXpOVE0wTHpFd05USTROVFl0TVY4NE1EQlhlRGd3TUVnfDcwZjc4NmZkNTM2OGJkNjAzODU4MGE5YWU1OWZmNjk5ZGE3NDNlM2Y4OGIzMWVjMjc4OTQ4YmE5NWVhYjU5NGE,,,,https://static.bihr.pro/eBihr/Pictures/PRESSOL-pictures.zip,,,,,Spain Warehouse (Parts)
1052861,890517,07 623,PRESSOL,PRESS MEASUR JUGS 3L,Jarra dosificadora PRESSOL 3L,28.56,23.60,15.34,4103810076237,7,3926909790,0,1,"Jarra dosificadora de polietileno blanco transparente, provista de tapón, tapa protectora y boquilla en forma de embudo (160 mm de largo). 			Resistente al aceite, ácido y combustible""""""""","Jarra dosificadora de polietileno blanco transparente, provista de tapón, tapa protectora y boquilla en forma de embudo (160 mm de largo). 			Resistente al aceite, ácido y combustible""""""""",TOOLING & WS,CONSUMABLE,CONS. CONSUMABLE,7353,316,197,124,301,,,,https://api.mybihr.com/medias/1052861-1-800Wx800H?context=bWFzdGVyfHJvb3R8MTg0MjJ8aW1hZ2UvanBlZ3xhR0k1TDJneVpTODRPVE01TlRnM05UTTBPRGM0THpFd05USTROakV0TVY4NE1EQlhlRGd3TUVnfDlkZGE4MjFjOGI2NDFjMWNhOWY4YzJiMDFjYThmM2Y1YzZiOGEwZDIwYWJkYThjNGFiNjkzM2Y3YjE1NzExNDI,,,,https://static.bihr.pro/eBihr/Pictures/PRESSOL-pictures.zip,,,,,Spain Warehouse (Parts)
1124533,,6233,PRESSOL,PRESS SPRAYER DOUBLE EFFECT 750ML,Pulverizador industrial PRESSOL 750ml,15.73,13.00,10.40,4103810062339,1,8424897000,0,1,"<p>Cabeza pulverizador con carrera doble y posicionamiento libre</p>
<p>Manguera flexible permite el vaciado casi completo en un ángulo de trabajo de 0 ° -180 °<br>
<strong>Caracteristicas especiales</strong></p>
<ul>
	<li>Recomendado para el uso con agentes de baja viscosidad, tales como:</li>
	<li>Lubricantes</li>
	<li>Agentes de desinfección</li>
	<li>Límpiafrenos</li>
	<li>Agentes de limpieza industrial y automotriz</li>
	<li>Utilización también en la posición horizontal de contenedores</li>
	<li>Lave abundantemente el sistema con agua limpia después de su uso</li>
	<li>Robusta</li>
	<li>Lista de los medios probados consultar tabla de resistencias</li>
	<li>Área de temperatura de empresa (°C): +5 / +30</li>
</ul>
","
Cabeza pulverizador con carrera doble y posicionamiento libre

Manguera flexible permite el vaciado casi completo en un ángulo de trabajo de 0 ° -180 °
Caracteristicas especiales

	Recomendado para el uso con agentes de baja viscosidad, tales como:
	Lubricantes
	Agentes de desinfección
	Límpiafrenos
	Agentes de limpieza industrial y automotriz
	Utilización también en la posición horizontal de contenedores
	Lave abundantemente el sistema con agua limpia después de su uso
	Robusta
	Lista de los medios probados consultar tabla de resistencias
	Área de temperatura de empresa (°C): +5 / +30

",TOOLING & WS,CONSUMABLE,CONS. CONSUMABLE,4074,181,319,124,103,,,,https://api.mybihr.com/medias/800Wx800H-1124533-1.jpg?context=bWFzdGVyfHJvb3R8NTUxNjd8aW1hZ2UvanBlZ3xhR1ppTDJoaU1pODBPVGt3TWpReU16Y3pOak0xTUM4NE1EQlhlRGd3TUVoZk1URXlORFV6TXkweExtcHdad3w2NjljZDdjNzFiMGJkYjQyNjMzMDZiNjI3OTY5ZDQxYjczNjk1ZmJhMjU0ZWMwNWM4NGQ5M2NmMWM0YzE1OTJi,https://api.mybihr.com/medias/800Wx800H-1124533-2.jpg?context=bWFzdGVyfHJvb3R8NzU0ODd8aW1hZ2UvanBlZ3xhR015TDJnMVpDODBPVGt3TWpReU5ERXlPVFUyTmk4NE1EQlhlRGd3TUVoZk1URXlORFV6TXkweUxtcHdad3wzMTQyMmMwMjYwOGVkZGEyNjQxNzBjODUxN2ZmMjYxZjRlYzczMTVhMDY0ZDIwM2ViNzRlMWVjYzExMjBhYTkx,,,https://static.bihr.pro/eBihr/Pictures/PRESSOL-pictures.zip,https://api.mybihr.com/medias/Avisos-de-seguridad-para-Pulverizador-2014.1.pdf?context=bWFzdGVyfHJvb3R8OTYxOTh8YXBwbGljYXRpb24vcGRmfGFHUTJMMmhrTXk4ME9UYzNNamd3TlRneE5qTTFNQzlCZG1semIzTWdaR1VnYzJWbmRYSnBaR0ZrSUhCaGNtRWdVSFZzZG1WeWFYcGhaRzl5SURJd01UUXVNUzV3WkdZfGE2N2QwNzZjNWUyYTJkYWNlNGNlYzZiZWE3MmJiYzcyNWQ3ZDUzMDgyMGQ4YTA2MDM5OTNiZjFhZmJkMjZlMjE,https://api.mybihr.com/medias/Consignes-de-s-curit-pulv-risateur-2014.1.pdf?context=bWFzdGVyfHJvb3R8OTY0MTd8YXBwbGljYXRpb24vcGRmfGFHUTFMMmhrTmk4ME9UYzNNamd3TlRjMU1EZ3hOQzlEYjI1emFXZHVaWE1nWkdVZ2M4T3BZM1Z5YVhURHFTQndkV3gydzZseWFYTmhkR1YxY2lBeU1ERTBMakV1Y0dSbXw2NTkyZjVlNzRjMmVlNWMzOGZiZTk1NDU0OWZiODAxZWQzOWRmYzlmNGQ1MjhjZWQ5NTYyN2FhYjBmZjk5NWFm,https://api.mybihr.com/medias/Safety-advice-for-sprayer-2014.1.pdf?context=bWFzdGVyfHJvb3R8OTU0MTR8YXBwbGljYXRpb24vcGRmfGFHVTFMMmhrT1M4ME9UYzNNamd3TlRZNE5USTNPQzlUWVdabGRIa2dZV1IyYVdObElHWnZjaUJ6Y0hKaGVXVnlJREl3TVRRdU1TNXdaR1l8MjQwYTMxN2I5MDE2ZDdmZTQxZGExMmU4M2QzNDFmOTg1MTRjYTVhZTYxMDJmNDgyNmJiMmQ3YjIyNGE2YzVlMw,https://api.mybihr.com/medias/Sicherheitshinweise-Zerst-uber-2014.1.pdf?context=bWFzdGVyfHJvb3R8OTcwNDl8YXBwbGljYXRpb24vcGRmfGFERTFMMmhrTXk4ME9UYzNNamd3TlRnNE1UZzROaTlUYVdOb1pYSm9aV2wwYzJocGJuZGxhWE5sSUZwbGNuTjB3NlIxWW1WeUlESXdNVFF1TVM1d1pHWXwxNDdmNGU3NzA2MDdhN2U3MmQ5MDZjMWMzZTM3OTlhZWI5Njk2OGVkMzU1ZGRlZjVmODFlMWFjM2Y2NWE3ZjIy,Spain Warehouse (Parts)
1124538,,21092,PRESSOL,PRESS FILLING CONTAINER 10L,Jarra de llenado universal PRESSOL 10L,21.78,18.00,14.40,4103810210921,2,3923309000,0,1,"<p><strong>Jarra de llenado universal 10 L</strong></p>
<p>Para gasolina sin plomo tales como diesel así como aceite, AdBlue®, agua, limpia vidrio y anticongelante</p>
<ul>
	<li>Material del depósito y filtro : HDPE (polietileno de alta densidad)</li>
	<li>Diámetro de la malla del filtro Ø (mm) : 1,4</li>
	<li>Material tapón de cierre y tapón de llenado : PP (polipropileno)</li>
	<li>Material conta de fijación : LDPE (polietileno de baja densidad)</li>
	<li>Ø Borde de la abertura (mm) : 86</li>
	<li>Diámetro extensión h (mm) : 16</li>
	<li>Altura (mm) : 302</li>
	<li>Base LxA (mm) : 637 x 201</li>
	<li>Peso (kg) : 0,638</li>
</ul>
","
Jarra de llenado universal 10 L

Para gasolina sin plomo tales como diesel así como aceite, AdBlue®, agua, limpia vidrio y anticongelante

	Material del depósito y filtro : HDPE (polietileno de alta densidad)
	Diámetro de la malla del filtro Ø (mm) : 1,4
	Material tapón de cierre y tapón de llenado : PP (polipropileno)
	Material conta de fijación : LDPE (polietileno de baja densidad)
	Ø Borde de la abertura (mm) : 86
	Diámetro extensión h (mm) : 16
	Altura (mm) : 302
	Base LxA (mm) : 637 x 201
	Peso (kg) : 0,638

",TOOLING & WS,CONSUMABLE,CONS. CONSUMABLE,40877,855,618,318,208,,,,https://api.mybihr.com/medias/800Wx800H-1124538-1.jpg?context=bWFzdGVyfHJvb3R8NzgzNDJ8aW1hZ2UvanBlZ3xhR0l3TDJneFppODBPVGczTWpjME56WTVNakEyTWk4NE1EQlhlRGd3TUVoZk1URXlORFV6T0MweExtcHdad3xlY2ViOTIyYzhmYThhZjIxMmQzNDMzYjA4NmU1YzlkNDFkMDNiMDA1YmRlMzc4NWMzYTFhNTAxMjdkN2Q2ZDNm,https://api.mybihr.com/medias/800Wx800H-1124538-2.jpg?context=bWFzdGVyfHJvb3R8Njk2Njl8aW1hZ2UvanBlZ3xhR1k1TDJnM055ODBPVGczTWpjME9ERTFNRGd4TkM4NE1EQlhlRGd3TUVoZk1URXlORFV6T0MweUxtcHdad3w0M2EwMGI1N2QwYWYwYWI0MTAxYzM4MzllNzgwMzMyMTkxODQ4OTBlNDMyNDhkODJmYjhiMjU2OWUwN2YyNDA2,,,https://static.bihr.pro/eBihr/Pictures/PRESSOL-pictures.zip,,,,,Spain Warehouse (Parts)
1124535,,21031,PRESSOL,PRESS JERRYCAN DOUBLE 5L + 3L,Bidón combinado para combustible PRESSOL 5L + 3L,31.46,26.00,20.80,4103810210310,1,3923309000,0,1,"<ul>
	<li>Tiras de escala visible en ambos lados</li>
	<li>Segundo asa de transporte para facilitar un llenado correcto y seguro</li>
	<li>Robusto y resistente a golpes</li>
	<li>Autorización UN</li>
	<li>Para repostar motosierras, cortacéspedes, desbrozadoras y aparatos pequeños</li>
	<li>El canal de ventilación integrado garantiza un inflado rápido y continuo</li>
</ul>

<p><strong>Datos técnicos </strong></p>

<ul>
	<li>Contenido combustible (l) : 5</li>
	<li>Contenido cadena aceite (l) : 3</li>
	<li>Bidón de material tratado :&nbsp; HDPE (polietileno de alta densidad)</li>
	<li>Longitud del tubo de salida (mm) : 125</li>
	<li>Altura (mm) : 320</li>
	<li>Base LxA (mm) : 340 x 160</li>
	<li>Peso (kg) : 0,98</li>
</ul>
","
	Tiras de escala visible en ambos lados
	Segundo asa de transporte para facilitar un llenado correcto y seguro
	Robusto y resistente a golpes
	Autorización UN
	Para repostar motosierras, cortacéspedes, desbrozadoras y aparatos pequeños
	El canal de ventilación integrado garantiza un inflado rápido y continuo



Datos técnicos 


	Contenido combustible (l) : 5
	Contenido cadena aceite (l) : 3
	Bidón de material tratado :  HDPE (polietileno de alta densidad)
	Longitud del tubo de salida (mm) : 125
	Altura (mm) : 320
	Base LxA (mm) : 340 x 160
	Peso (kg) : 0,98

",TOOLING & WS,CONSUMABLE,CONS. CONSUMABLE,20821,962,338,308,200,,,,https://api.mybihr.com/medias/800Wx800H-1124535-1.jpg?context=bWFzdGVyfHJvb3R8NjA5MDZ8aW1hZ2UvanBlZ3xhREkwTDJoak5pODBPVGczTWpjMU16SXlPVGcxTkM4NE1EQlhlRGd3TUVoZk1URXlORFV6TlMweExtcHdad3w1MWZkMDY3MzFlMTUzOTU1ZGE1NzE5NDk2ZWY4MDM2Zjk1NDQ5ZGVkN2NlMGY3M2RjNThjODQ1YTljMzVlNWNl,,,,https://static.bihr.pro/eBihr/Pictures/PRESSOL-pictures.zip,,,,,Spain Warehouse (Parts)
1124534,,6911015,PRESSOL,"PRESS PUMP SPRAYER 1,5L",Pulverizador PRESSOL 1.5L,30.25,25.00,20.00,4103810705298,1,8424897000,0,1,"<p>Varias posibilidades de uso: para el automóvil, la industria, la agricultura, en casa y con los sanitarios, en el jardín.</p>
<ul>
	<li>max. presión de servicio 2,5 bar</li>
	<li>bomba con alto rendimiento</li>
	<li>válvula de seguridad</li>
	<li>empuñadura ergonómica</li>
	<li>forma estable</li>
	<li>escala en ml</li>
	<li>materiales diversos en función de la resistencia del fluido marcados con diferentes colores</li>
	<li>temperatura de funcionamiento (°C) : +5 / +30</li>
</ul>
","
Varias posibilidades de uso: para el automóvil, la industria, la agricultura, en casa y con los sanitarios, en el jardín.

	max. presión de servicio 2,5 bar
	bomba con alto rendimiento
	válvula de seguridad
	empuñadura ergonómica
	forma estable
	escala en ml
	materiales diversos en función de la resistencia del fluido marcados con diferentes colores
	temperatura de funcionamiento (°C) : +5 / +30

",TOOLING & WS,CONSUMABLE,CONS. CONSUMABLE,8970,450,230,120,325,,,,https://api.mybihr.com/medias/800Wx800H-1124534-1.jpg?context=bWFzdGVyfHJvb3R8MTM1MDY4fGltYWdlL2pwZWd8YURreUwyZ3hOaTgwT1Rrd01qUXhOek14TXpneU1pODRNREJYZURnd01FaGZNVEV5TkRVek5DMHhMbXB3Wnd8NzYwNDE0NmQ2MDlhZmI2N2RmNTZmZjk0NTlhNjYxMzBhODViMzk5NWNmNjUzZmJlYTRlMmViMzA4YjliMGYzZA,https://api.mybihr.com/medias/800Wx800H-1124534-2.jpg?context=bWFzdGVyfHJvb3R8OTMwNDF8aW1hZ2UvanBlZ3xhREl3TDJneU5DODBPVGt3TWpReE56Y3dOekF6T0M4NE1EQlhlRGd3TUVoZk1URXlORFV6TkMweUxtcHdad3xhN2FmMjhlNDMyYmU1NmVmMzNkYzY2NWFmMzk0YWYzODk1NzEzYjVhOTJmZjNlM2VkY2EwZThhN2QzYzc1ODli,https://api.mybihr.com/medias/800Wx800H-1124534-3.jpg?context=bWFzdGVyfHJvb3R8MTAwNzM4fGltYWdlL2pwZWd8YURaakwyZzNPUzgwT1Rrd01qUXhPREV3TURJMU5DODRNREJYZURnd01FaGZNVEV5TkRVek5DMHpMbXB3Wnd8MjUzYzlhYWM5ZTE0ODg5M2QzMDU2NGFjNTJmYzYzOTM1M2Y1MzFlMzg5MTMzYWZlNDlmM2JmYzI1ODdkOGJjNQ,https://api.mybihr.com/medias/800Wx800H-1124534-4.jpg?context=bWFzdGVyfHJvb3R8MTEyOTY3fGltYWdlL2pwZWd8YUdGaEwyZzROQzgwT1Rrd01qUXhPRFE1TXpRM01DODRNREJYZURnd01FaGZNVEV5TkRVek5DMDBMbXB3Wnd8OGQ2MWM1YWIxMzc1NzI5NTkzNmEzNzg3OTQ0YjdjMWRiNmQwNTdhYTVmMWNmM2Y2NmY1YTI1ZjZlZWM1OTJiYQ,https://static.bihr.pro/eBihr/Pictures/PRESSOL-pictures.zip,,,,,Spain Warehouse (Parts)
1124539,,21173,PRESSOL,PRESS JERRYCAN STACKABLE 10L,Bidón Jerrycan alimentario apto para agua PRESSOL apilable 10L,12.10,10.00,8.00,4103810211737,0,3923309000,0,1,"<p><strong>Bidón para agua 10 l – apilable</strong></p>
<ul>
	<li>Con grifo de salida desmontable y fácil de limpiar</li>
	<li>Tapadera de cierre con cinta de fijación para que no se pierda</li>
	<li>Almacenamiento en lotes (una en otra)</li>
	<li>Adecuado para alimentos según (EU) No. 10/2011 y FDA § 21 CFR 177.1520</li>
	<li>Libre de BPA</li>
	<li>Aplicación de ahorro de energía gracias al asa adherida</li>
	<li>Robusto y resistente a golpes</li>
</ul>

<p><strong>Datos técnicos </strong></p>

<ul>
	<li>Material del bidón y del grifo de desagüe : HDPE (polietileno de alta densidad)</li>
	<li>Material del tapón de cierre : Polipropileno</li>
	<li>Material conta de fijación :</li>
	<li>LDPE (polietileno de baja densidad)</li>
	<li>Altura (mm) : 340</li>
	<li>Base LxA (mm) : 320 x 165</li>
	<li>Peso (kg)&nbsp; : 0,56</li>
</ul>
","
Bidón para agua 10 l – apilable

	Con grifo de salida desmontable y fácil de limpiar
	Tapadera de cierre con cinta de fijación para que no se pierda
	Almacenamiento en lotes (una en otra)
	Adecuado para alimentos según (EU) No. 10/2011 y FDA § 21 CFR 177.1520
	Libre de BPA
	Aplicación de ahorro de energía gracias al asa adherida
	Robusto y resistente a golpes



Datos técnicos 


	Material del bidón y del grifo de desagüe : HDPE (polietileno de alta densidad)
	Material del tapón de cierre : Polipropileno
	Material conta de fijación :
	LDPE (polietileno de baja densidad)
	Altura (mm) : 340
	Base LxA (mm) : 320 x 165
	Peso (kg)  : 0,56

",TOOLING & WS,CONSUMABLE,CONS. CONSUMABLE,17952,560,320,165,340,,,,https://api.mybihr.com/medias/800Wx800H-1124539-1.jpg?context=bWFzdGVyfHJvb3R8MTg3MzJ8aW1hZ2UvanBlZ3xhRFV5TDJnM09TODBPVGc0TURFMk9EQXpPRFF6TUM4NE1EQlhlRGd3TUVoZk1URXlORFV6T1MweExtcHdad3w3YmI3ZDVmOTYxMzQ4MDllMDk2Mzg2OWJlZDZkMzFkNmIyODA0YzUyYjk2MmE5ZmJmZTQzZTRmN2FiZjE3NzMy,,,,https://static.bihr.pro/eBihr/Pictures/PRESSOL-pictures.zip,,,,,Spain Warehouse (Parts)
1124536,,21084,PRESSOL,PRESS JERRYCAN SPOUT,Boquilla de parada de llenado automático PRESSOL,18.15,15.00,12.00,4103810210846,1,3926909790,0,1,"<p><strong>Boquilla de parada de llenado automático</strong></p>
<ul>
	<li>Para repostar motosierras, cortacéspedes, desbrozadoras y aparatos pequeños</li>
	<li>La función de parada automática evita el sobrellenado y los derrames durante el llenado</li>
	<li>Reducción al mínimo del escape de vapores de gasolina (protección del medio ambiente)</li>
	<li>El bloqueo mecánico evita la apertura y las fugas involuntarias (bloqueo para niños)</li>
	<li>El canal de ventilación integrado garantiza un inflado rápido y continuo</li>
	<li>Incluido adaptador Ø45&nbsp;mm&nbsp;para aberturas de tanque grandes</li>
</ul>

<p><strong>Datos técnicos</strong></p>

<ul>
	<li>Material : POM</li>
	<li>Material juntas : FKM</li>
	<li>Diámetro final del vertedor (mm) : 22</li>
	<li>Longitud (mm) : 145</li>
	<li>Peso (kg) : 0,065</li>
</ul>
","
Boquilla de parada de llenado automático

	Para repostar motosierras, cortacéspedes, desbrozadoras y aparatos pequeños
	La función de parada automática evita el sobrellenado y los derrames durante el llenado
	Reducción al mínimo del escape de vapores de gasolina (protección del medio ambiente)
	El bloqueo mecánico evita la apertura y las fugas involuntarias (bloqueo para niños)
	El canal de ventilación integrado garantiza un inflado rápido y continuo
	Incluido adaptador Ø45 mm para aberturas de tanque grandes



Datos técnicos


	Material : POM
	Material juntas : FKM
	Diámetro final del vertedor (mm) : 22
	Longitud (mm) : 145
	Peso (kg) : 0,065

",TOOLING & WS,CONSUMABLE,CONS. CONSUMABLE,1609,137,220,133,55,,,,https://api.mybihr.com/medias/800Wx800H-1124536-1.jpg?context=bWFzdGVyfHJvb3R8NDQ2OTh8aW1hZ2UvanBlZ3xhREZoTDJneU15ODBPVGc1TlRneU9EYzRNekV6TkM4NE1EQlhlRGd3TUVoZk1URXlORFV6TmkweExtcHdad3w5NjczNGIwZTAzMDdhNDA1YTMzNjA5NjY1Zjc5ZDNjNzM3MjA2ZjhiOTc2ODg2NWMwMWM1NDVmMWY0OTk3Y2Qw,,,,https://static.bihr.pro/eBihr/Pictures/PRESSOL-pictures.zip,,,,,Spain Warehouse (Parts)
1124537,,21084001,PRESSOL,PRESS JERRYCAN SPOUT,Boquilla de parada de llenado automático PRESSOL,18.15,15.00,12.00,4103810715877,2,3926909790,0,1,"<p><strong>Boquilla de parada de llenado automático</strong></p>
<ul>
	<li>Para repostar motosierras, cortacéspedes, desbrozadoras y aparatos pequeños</li>
	<li>La función de parada automática evita el sobrellenado y los derrames durante el llenado</li>
	<li>Reducción al mínimo del escape de vapores de gasolina (protección del medio ambiente)</li>
	<li>El bloqueo mecánico evita la apertura y las fugas involuntarias (bloqueo para niños)</li>
	<li>El canal de ventilación integrado garantiza un inflado rápido y continuo</li>
	<li>Incluido adaptador Ø45&nbsp;mm&nbsp;para aberturas de tanque grandes</li>
</ul>

<p><strong>Datos técnicos</strong></p>

<ul>
	<li>Material : POM</li>
	<li>Material juntas : FKM</li>
	<li>Diámetro final del vertedor (mm) : 22</li>
	<li>Longitud (mm) : 145</li>
	<li>Peso (kg) : 0,065</li>
</ul>
","
Boquilla de parada de llenado automático

	Para repostar motosierras, cortacéspedes, desbrozadoras y aparatos pequeños
	La función de parada automática evita el sobrellenado y los derrames durante el llenado
	Reducción al mínimo del escape de vapores de gasolina (protección del medio ambiente)
	El bloqueo mecánico evita la apertura y las fugas involuntarias (bloqueo para niños)
	El canal de ventilación integrado garantiza un inflado rápido y continuo
	Incluido adaptador Ø45 mm para aberturas de tanque grandes



Datos técnicos


	Material : POM
	Material juntas : FKM
	Diámetro final del vertedor (mm) : 22
	Longitud (mm) : 145
	Peso (kg) : 0,065

",TOOLING & WS,CONSUMABLE,CONS. CONSUMABLE,1407,138,203,126,55,,,,https://api.mybihr.com/medias/800Wx800H-1124537-1.jpg?context=bWFzdGVyfHJvb3R8NDQwNTd8aW1hZ2UvanBlZ3xhR1JoTDJnME1DODBPVGt3TWpRd09EYzVOREUwTWk4NE1EQlhlRGd3TUVoZk1URXlORFV6TnkweExtcHdad3w1YjRlZWQ3MmQ5ZTg5YTFlYmJhYzcwNmIxOTYwMzVhNGI2MDUxNTRmOGJkMDRkNWQ0MDRlY2Y2ZGNmOGNlOTI0,,,,https://static.bihr.pro/eBihr/Pictures/PRESSOL-pictures.zip,,,,,Spain Warehouse (Parts)
1123347,,72090,PRESSOL,PRESS REPAIR KIT SHIFT LEVER,Kit de reparación de palancas para bombas neumáticas PRESSOL,37.81,31.25,25.00,4103810720901,2,4016930090,0,1,"<p>Incluye: palanca de cambio, manguito, muelle y circlips.</p>","
Incluye: palanca de cambio, manguito, muelle y circlips.",TOOLING & WS,CONSUMABLE,CONS. CONSUMABLE,41,9,58,47,15,,,,https://api.mybihr.com/medias/800Wx800H-1123347-1.jpg?context=bWFzdGVyfHJvb3R8MzAzMjJ8aW1hZ2UvanBlZ3xhRFZtTDJobU9DODBOREkyTlRZME1EYzROems1T0M4NE1EQlhlRGd3TUVoZk1URXlNek0wTnkweExtcHdad3wyMGUwMWI1OWNlMjZjNGE1ZTlhNDI5MGNkMjJkMDdjZmMxNzI5NTYxNGJiZjJmMjQ2ODc0NWU1YzhjODZhY2M3,,,,https://static.bihr.pro/eBihr/Pictures/PRESSOL-pictures.zip,,,,,France Warehouse (Parts)
1123348,,87353,PRESSOL,PRESS REPAIR KIT PISTON ROD,Kit de reparación de pistón para bomba neumática PRESSOL,84.70,70.00,56.00,4103810873539,3,4016930090,0,1,"<p>Incluye bielas, gu&iacute;as y circlips.</p>
<p>Para bomba neum&aacute;tica 3:1.</p>","
Incluye bielas, guías y circlips.

Para bomba neumática 3:1.",TOOLING & WS,CONSUMABLE,CONS. CONSUMABLE,276,167,207,58,23,,,,https://api.mybihr.com/medias/800Wx800H-1123348-1.jpg?context=bWFzdGVyfHJvb3R8MTAwMTV8aW1hZ2UvanBlZ3xhR1F5TDJobFlTODBOREkyTlRZME1ETTVORGM0TWk4NE1EQlhlRGd3TUVoZk1URXlNek0wT0MweExtcHdad3w0MzU5ZTA3MzkwY2UzZDk5NGFkNTdmYmQ5NzI0MDZhOTBmYjdlY2JjMzQyZjA0MjcxNDlhNzA4N2YyYWIyZDg1,,,,https://static.bihr.pro/eBihr/Pictures/PRESSOL-pictures.zip,,,,,France Warehouse (Parts)
1123346,,87351,PRESSOL,PRESS REPAIR KIT DISTRIBUTOR,Kit de reparación para bombas neumáticas PRESSOL,24.20,20.00,16.00,4103810873515,0,4016930090,0,1,"<p>Incluye: dispensador, placa deslizante, clip y circlips.<br>Para todas las bombas neum&aacute;ticas a partir del 01.01.2010.</p>","
Incluye: dispensador, placa deslizante, clip y circlips.Para todas las bombas neumáticas a partir del 01.01.2010.",TOOLING & WS,CONSUMABLE,CONS. CONSUMABLE,73,24,64,38,30,,,,https://api.mybihr.com/medias/800Wx800H-1123346-1.jpg?context=bWFzdGVyfHJvb3R8MjE2Mzh8aW1hZ2UvanBlZ3xhRGswTDJoa1ppODBOREkyTlRZME1EQXdNVFUyTmk4NE1EQlhlRGd3TUVoZk1URXlNek0wTmkweExtcHdad3wyY2U5ZDAwNmQ4ZDY3Mjk3ZjczN2VjNzBkZjRiZTdlODhiMWRhMjk3MzAzMTM2ODFmZTRlZDQ3Yzg3NzJkNDU1,,,,https://static.bihr.pro/eBihr/Pictures/PRESSOL-pictures.zip,,,,,France Warehouse (Parts)
1123345,,72071,PRESSOL,PRESS SEAL FOR TIRE PUMP 3:1,Kit de juntas para bomba neumática de aceite 3:1 PRESSOL,30.25,25.00,20.00,4103810720710,1,4016930090,0,1,"<p>Incluidos el anillo de estanqueidad y los circlips, as&iacute; como el pist&oacute;n completo.</p>","
Incluidos el anillo de estanqueidad y los circlips, así como el pistón completo.",TOOLING & WS,CONSUMABLE,CONS. CONSUMABLE,450,213,183,82,30,,,,https://api.mybihr.com/medias/800Wx800H-1123345-1.jpg?context=bWFzdGVyfHJvb3R8MzM4NzN8aW1hZ2UvanBlZ3xhRFV6TDJoaU1pODBOREkyTlRZME1URTRNVEl4TkM4NE1EQlhlRGd3TUVoZk1URXlNek0wTlMweExtcHdad3w5NDUwZWE4MmRkMTk2ZTJhZDY4YWQ1NTFmMWFiM2E0ZTk0YTc1MTAzMGIxOTIyYzg5N2NmOWQwNDc5OWEwYTcz,,,,https://static.bihr.pro/eBihr/Pictures/PRESSOL-pictures.zip,,,,,France Warehouse (Parts)
1129461,,02378,PRESSOL,PRESS FUNNEL 10L DIAM 424 MM GREEN LID,Embudo PRESSOL Ø 424mm - tapa verde,36.18,29.90,23.92,4103810023781,0,3926909790,0,1,"<p><strong>Datos técnicos</strong></p>
<ul>
	<li>Capacidad (l) : 10</li>
	<li>Material : polipropileno</li>
	<li>Color embudo : blanco, transparente</li>
	<li>Color de la tapa : verde, transparente</li>
	<li>Diámetro extensión ext. (mm) : 42</li>
	<li>Caudal (l/min) : 60</li>
	<li>Altura con tapa (mm) : 364</li>
	<li>Diámetro de la base Ø con tapa (mm) : 424</li>
	<li>Peso (kg) : 1,01</li>
</ul>

<p><strong>Características especiales</strong></p>

<ul>
	<li>Áreas de aplicación: industria alimentaria, industria, agricultura y talleres</li>
	<li>Aptos para uso alimentario conforme a la normativa legal: reglamentos (UE) n.º 10/2011 y 1935/2004 sobre plásticos. Probados por un laboratorio de pruebas acreditado.</li>
	<li>No se ensucian cuando la tapa está cerrada</li>
	<li>Caudal elevado, 60 l/min</li>
	<li>Borde antiderrame protege contra salpicaduras</li>
	<li>Resistentes a aceites, ácidos y combustibles</li>
	<li>Filtro fino de acero inoxidable de quita y pon</li>
	<li>Sencillo montaje del barril y del tanque mediante un adaptador de barril</li>
	<li>Para fijarlo en cualquier posición</li>
</ul>
","
Datos técnicos

	Capacidad (l) : 10
	Material : polipropileno
	Color embudo : blanco, transparente
	Color de la tapa : verde, transparente
	Diámetro extensión ext. (mm) : 42
	Caudal (l/min) : 60
	Altura con tapa (mm) : 364
	Diámetro de la base Ø con tapa (mm) : 424
	Peso (kg) : 1,01



Características especiales


	Áreas de aplicación: industria alimentaria, industria, agricultura y talleres
	Aptos para uso alimentario conforme a la normativa legal: reglamentos (UE) n.º 10/2011 y 1935/2004 sobre plásticos. Probados por un laboratorio de pruebas acreditado.
	No se ensucian cuando la tapa está cerrada
	Caudal elevado, 60 l/min
	Borde antiderrame protege contra salpicaduras
	Resistentes a aceites, ácidos y combustibles
	Filtro fino de acero inoxidable de quita y pon
	Sencillo montaje del barril y del tanque mediante un adaptador de barril
	Para fijarlo en cualquier posición

",TOOLING & WS,CONSUMABLE,CONS. CONSUMABLE,59119,926,450,368,357,,,,https://api.mybihr.com/medias/800Wx800H-1129461-1.jpg?context=bWFzdGVyfHJvb3R8MjQxODl8aW1hZ2UvanBlZ3xhR0ZqTDJnM09DODJPREkyTXpJek1qZ3pNVFV4T0M4NE1EQlhlRGd3TUVoZk1URXlPVFEyTVMweExtcHdad3w2NDYwYTc3YTM3N2ZhMWIzM2ExZTZmYTNkZGQzZTk2MGNjZDQ1MzFlZjY3ODFmODI1NzU2ODI3ZTQxOTY5NTdh,,,,https://static.bihr.pro/eBihr/Pictures/PRESSOL-pictures.zip,,,,,Spain Warehouse (Parts)
1129460,,02376,PRESSOL,PRESS FUNNEL 10L DIAM 355 MM WHITE LID,Embudo PRESSOL Ø 355mm - Tapa Blanca,26.62,22.00,17.60,4103810023767,0,3926909790,0,1,"<p><strong>Datos técnicos</strong></p>
<ul>
	<li>Capacidad (l) : 10</li>
	<li>Material : polipropileno</li>
	<li>Color embudo : blanco, transparente</li>
	<li>Diámetro extensión ext. (mm) : 42</li>
	<li>Caudal (l/min) : 60</li>
	<li>Altura (mm) : 348</li>
	<li>Diámetro de la base Ø (mm) : 355</li>
	<li>Peso (kg) : 0,71</li>
</ul>

<p><strong>Características especiales</strong></p>

<ul>
	<li>Áreas de aplicación: industria alimentaria, industria, agricultura y talleres</li>
	<li>Aptos para uso alimentario conforme a la normativa legal: reglamentos (UE) n.º 10/2011 y 1935/2004 sobre plásticos. Probados por un laboratorio de pruebas acreditado</li>
	<li>Caudal elevado, 60 l/min</li>
	<li>Borde antiderrame protege contra salpicaduras</li>
	<li>Resistentes a aceites, ácidos y combustibles</li>
	<li>Filtro fino de acero inoxidable de quita y pon</li>
	<li>Sencillo montaje del barril y del tanque mediante un adaptador de barril</li>
</ul>
","
Datos técnicos

	Capacidad (l) : 10
	Material : polipropileno
	Color embudo : blanco, transparente
	Diámetro extensión ext. (mm) : 42
	Caudal (l/min) : 60
	Altura (mm) : 348
	Diámetro de la base Ø (mm) : 355
	Peso (kg) : 0,71



Características especiales


	Áreas de aplicación: industria alimentaria, industria, agricultura y talleres
	Aptos para uso alimentario conforme a la normativa legal: reglamentos (UE) n.º 10/2011 y 1935/2004 sobre plásticos. Probados por un laboratorio de pruebas acreditado
	Caudal elevado, 60 l/min
	Borde antiderrame protege contra salpicaduras
	Resistentes a aceites, ácidos y combustibles
	Filtro fino de acero inoxidable de quita y pon
	Sencillo montaje del barril y del tanque mediante un adaptador de barril

",TOOLING & WS,CONSUMABLE,CONS. CONSUMABLE,48386,604,415,347,336,,,,https://api.mybihr.com/medias/800Wx800H-1129460-1.jpg?context=bWFzdGVyfHJvb3R8MTgwMTB8aW1hZ2UvanBlZ3xhRFJqTDJnNE5pODJPREkyTXpJek1qUXpPRE13TWk4NE1EQlhlRGd3TUVoZk1URXlPVFEyTUMweExtcHdad3xhNmRjN2ZlYTJlNDVlNTM2MGZmNjUyMTM0MmIwYWViMDNkNjEwZTllODMzM2EzNWE0NjVlMDEzYzEwOWI1Yzg2,,,,https://static.bihr.pro/eBihr/Pictures/PRESSOL-pictures.zip,,,,,Spain Warehouse (Parts)
1129462,,02379,PRESSOL,PRESS FUNNEL 10L DIAM 424 MM NO LID,Embudo PRESSOL Ø 424mm - Tapa Blanca,36.18,29.90,23.92,4103810023798,0,3926909790,0,1,"<p><strong>Datos técnicos</strong></p>
<ul>
	<li>Capacidad (l) : 10</li>
	<li>Material : polipropileno</li>
	<li>Color embudo : blanco, transparente</li>
	<li>Color de la tapa : blanco, transparente</li>
	<li>Diámetro extensión ext. (mm) : 42</li>
	<li>Caudal (l/min) : 60</li>
	<li>Altura con tapa (mm) : 364</li>
	<li>Diámetro de la base Ø con tapa (mm) : 424</li>
	<li>Peso (kg) : 1,01</li>
</ul>

<p><strong>Características especiales</strong></p>

<ul>
	<li>Áreas de aplicación: industria alimentaria, industria, agricultura y talleres</li>
	<li>Aptos para uso alimentario conforme a la normativa legal: reglamentos (UE) n.º 10/2011 y 1935/2004 sobre plásticos. Probados por un laboratorio de pruebas acreditado.</li>
	<li>No se ensucian cuando la tapa está cerrada</li>
	<li>Caudal elevado, 60 l/min</li>
	<li>Borde antiderrame protege contra salpicaduras</li>
	<li>Resistentes a aceites, ácidos y combustibles</li>
	<li>Filtro fino de acero inoxidable de quita y pon</li>
	<li>Sencillo montaje del barril y del tanque mediante un adaptador de barril</li>
	<li>Para fijarlo en cualquier posición</li>
</ul>
","
Datos técnicos

	Capacidad (l) : 10
	Material : polipropileno
	Color embudo : blanco, transparente
	Color de la tapa : blanco, transparente
	Diámetro extensión ext. (mm) : 42
	Caudal (l/min) : 60
	Altura con tapa (mm) : 364
	Diámetro de la base Ø con tapa (mm) : 424
	Peso (kg) : 1,01



Características especiales


	Áreas de aplicación: industria alimentaria, industria, agricultura y talleres
	Aptos para uso alimentario conforme a la normativa legal: reglamentos (UE) n.º 10/2011 y 1935/2004 sobre plásticos. Probados por un laboratorio de pruebas acreditado.
	No se ensucian cuando la tapa está cerrada
	Caudal elevado, 60 l/min
	Borde antiderrame protege contra salpicaduras
	Resistentes a aceites, ácidos y combustibles
	Filtro fino de acero inoxidable de quita y pon
	Sencillo montaje del barril y del tanque mediante un adaptador de barril
	Para fijarlo en cualquier posición

",TOOLING & WS,CONSUMABLE,CONS. CONSUMABLE,56558,925,453,364,343,,,,https://api.mybihr.com/medias/800Wx800H-1129462-1.jpg?context=bWFzdGVyfHJvb3R8MTgxMjR8aW1hZ2UvanBlZ3xhREZqTDJoaU9DODJPREkyTXpJeE5EYzBNelU0TWk4NE1EQlhlRGd3TUVoZk1URXlPVFEyTWkweExtcHdad3wzMjc3ODA3OGZhYmEwNDNlZDQ0YjdhNjM2Y2E2YTkzOTM5ODczZjU5Yzc2Njk4MTFmMmRiYWYyYjkwNGZiYjRk,,,,https://static.bihr.pro/eBihr/Pictures/PRESSOL-pictures.zip,,,,,Spain Warehouse (Parts)
