PartNumber,OldPartNumber,SupplierProductCode,Brand,ProductName,Designation,RetailPriceIncludingTax,RetailPriceExcludingTax,BaseDealerPriceExcludingTax,BarCode,StockValue,CommodityCode,OnDemand,DropShipping,HtmlDescription,Description,Category1,Category2,Category3,Volume (cm³),Weight (g),Length (mm),Width (mm),Height (mm),Ajuste del par de apriete,Altura (mm),Diámetro int/ext (mm/mm),Diámetro Ø (mm),Embalaje,Escala,Número de ranuras,Rango de uso,Tamaño de accionamiento cuadrado,Picture1,Picture2,Picture3,AllPicturesZIP,DeliveryPlant
1050021,893332,674.00.24,JMP,JMP ACCESSORIES AUTO WHELL CLAMP,Mordaza automática para rueda JMP roja JMP300/JMP500/JMP700,363.00,300.00,240.00,674.00.24,2,8425410000,0,0,"<p>Mordaza de rueda automática para mesa elevadora JMP 300, JMP 500 y JMP 700</p>
<p>Ajustable en profundidad para adaptarse a la mayoría de las ruedas</p>","
Mordaza de rueda automática para mesa elevadora JMP 300, JMP 500 y JMP 700

Ajustable en profundidad para adaptarse a la mayoría de las ruedas",TOOLING & WS,WS,WS. LIFTING EQUIP.,148135,14000,650,530,430,,,,,,,,,,https://api.mybihr.com/medias/1050021-1-800Wx800H?context=bWFzdGVyfHJvb3R8Njc0MzQ3fGltYWdlL2pwZWd8YURoaEwyaGxOUzg0T1RNNU5UTTVNVEF6TnpjMEx6RXdOVEF3TWpFdE1WODRNREJYZURnd01FZ3w4MWE1ZWFjMTM1YzFkMGFkYjczYjdkZmM3YzViNTY4NTIyN2E3YTEwOTAwZGNmMWQwMmQ2MGEzYjdmOWIwZDYy,,,https://static.bihr.pro/eBihr/Pictures/JMP-pictures.zip,Spain Warehouse (Parts)
1051446,89205001,7222318,JMP,JMP TORQUE WRENCH 5 - 25NM,Llave dinamométrica JMP 1/4'' 5-25nm,132.98,109.90,87.92,4043981048629,0,8204120000,0,1,"Llaves dinamométrica con carraca, con aviso por clic y liberación de tensión cuando se alcanza el par deseado.Precisión: +/- 3 %Unidad de regulación: 0,25 (1/4"") y 1 Nm (3/8"")Intervalos de 5°Rearme automáticoIncluye certificado de calibrado","Llaves dinamométrica con carraca, con aviso por clic y liberación de tensión cuando se alcanza el par deseado.Precisión: +/- 3 %Unidad de regulación: 0,25 (1/4"") y 1 Nm (3/8"")Intervalos de 5°Rearme automáticoIncluye certificado de calibrado",TOOLING & WS,TOOLING,TOOLING GENERAL,1866,783,396,76,62,,,,,,,,,,https://api.mybihr.com/medias/1051446-1-800Wx800H?context=bWFzdGVyfHJvb3R8OTU5NnxpbWFnZS9qcGVnfGFEYzJMMmd5WVM4NE9UUTJNRFkzTWpRek1ETTRMekV3TlRFME5EWXRNVjg0TURCWGVEZ3dNRWd8NjZkZTlhNmEyN2MyZmM1NjU5NWNjMjRkMzUzMDgzYWRlZjA1ZjUwODhlODBmMDY2NjAyZmMwZDliNTY3YmMxNA,,,https://static.bihr.pro/eBihr/Pictures/JMP-pictures.zip,Spain Warehouse (Parts)
1051445,89214019,7220775,JMP,JMP SET OF TAPS/DIES SET,Kit Machos de roscar y terrajas JMP Métrico,104.00,85.95,68.76,7220775,1,8428909000,0,1,"Surtido de machos, terrajas y accesorios para reparar roscas métricas. Sistema métrico: 			M3x0,50/0,60M4x0,70/0,75M5x0,80/0,90M6x0,75/1,00M7x0,75/1,00M8x1,00/1,25M10x1,25/1,50M12x1,50/1,75""""""""","Surtido de machos, terrajas y accesorios para reparar roscas métricas. Sistema métrico: 			M3x0,50/0,60M4x0,70/0,75M5x0,80/0,90M6x0,75/1,00M7x0,75/1,00M8x1,00/1,25M10x1,25/1,50M12x1,50/1,75""""""""",TOOLING & WS,TOOLING,TOOLING GENERAL,3639,1440,273,215,62,,,,,,,,,,https://api.mybihr.com/medias/1051445-1-800Wx800H?context=bWFzdGVyfHJvb3R8MjYzMzg0fGltYWdlL2pwZWd8YURBekwyZ3hZaTg0T1RNNU5UWXhOekV6TmprMEx6RXdOVEUwTkRVdE1WODRNREJYZURnd01FZ3xiZTU1YjM1YjZiYjBjMWVkMjRmOTI5NTAxOGZlNDU3Mzg1ZTUxYjhjM2RmZThlMGQ5YmYxYzg1ZDM3ZDZjZTQ0,,,https://static.bihr.pro/eBihr/Pictures/JMP-pictures.zip,Spain Warehouse (Parts)
1051447,89205002,7222680,JMP,JMP TORQUE WRENCH 20 - 110NM,llave dinamométrica JMP 3/8'' 20-110nm,132.98,109.90,87.92,7222680,0,8204120000,0,1,"Llaves dinamométrica con carraca, con aviso por clic y liberación de tensión cuando se alcanza el par deseado.Precisión: +/- 3 %Unidad de regulación: 0,25 (1/4"") y 1 Nm (3/8"")Intervalos de 5°Rearme automáticoIncluye certificado de calibrado","Llaves dinamométrica con carraca, con aviso por clic y liberación de tensión cuando se alcanza el par deseado.Precisión: +/- 3 %Unidad de regulación: 0,25 (1/4"") y 1 Nm (3/8"")Intervalos de 5°Rearme automáticoIncluye certificado de calibrado",TOOLING & WS,TOOLING,TOOLING GENERAL,2496,1416,485,83,62,,,,,,,,,3/8',https://api.mybihr.com/medias/1051447-1-800Wx800H?context=bWFzdGVyfHJvb3R8OTUzMHxpbWFnZS9qcGVnfGFESm1MMmd6Wmk4NE9UQXlNamMwTVRJeE56VTRMekV3TlRFME5EY3RNVjg0TURCWGVEZ3dNRWd8MGVhZTM0MzMyZjg0N2M5YWY4NWZmZTc1ZTQ5M2NhYTUwZTJlYjBhNjJkYjUyNzgxZDUzZTNkN2YyOWI0YWViYw,,,https://static.bihr.pro/eBihr/Pictures/JMP-pictures.zip,Spain Warehouse (Parts)
1111204,,647.01.16,JMP,JMP CALIPER BRAKE DISC DIGITAL 0-65MM,Calibre grosor disco de freno digital JMP 0-65mm,181.50,150.00,120.00,4006633390118,0,9017300000,0,1,"<ul>
	<li>Easy to read</li>
	<li>Accurate measurement&nbsp;</li>
	<li>Robust</li>
</ul>

<p>Measuring range 0 - 65mm</p>

<p>Length 55mm</p>","
	Easy to read
	Accurate measurement 
	Robust



Measuring range 0 - 65mm


Length 55mm",TOOLING & WS,TOOLING,TOOLING GENERAL,733,320,191,101,38,,,,,,,,,,https://api.mybihr.com/medias/1111204-1-800Wx800H?context=bWFzdGVyfHJvb3R8MjgzNzF8aW1hZ2UvanBlZ3xhREkyTDJoalpTOHhOalkwTVRjeE5qRTFPRFE1TkM4eE1URXhNakEwTFRGZk9EQXdWM2c0TURCSXxkM2QzN2ZjNTcxMmNmNTJhNDAyNjY4Y2E1MjJmZWM1MTkxYjhkMTExZjM0NTlhNGIzZjFkNmM0MWEzZTdlZjky,,,https://static.bihr.pro/eBihr/Pictures/JMP-pictures.zip,Spain Warehouse (Parts)
1051815,89310011,7220609,JMP,JMP SLOT SOCKET ØINT 24MM-ØEXT 30MM,Vaso almenado cilíndrico JMP nuez de embrague  4 Ranuras,24.50,20.25,16.20,7220609,1,8714109090,0,1,"Llave de vaso para apretar o aflojar tuercas autoblocantes del cubo de embrague, chasis u otras partes. 			Diámetro interior: 24 mm Diámetro exterior: 30 mm""""""""","Llave de vaso para apretar o aflojar tuercas autoblocantes del cubo de embrague, chasis u otras partes. 			Diámetro interior: 24 mm Diámetro exterior: 30 mm""""""""",TOOLING & WS,TOOLING,TOOLING ENGINE,360,109,145,73,34,,,,,,,4,,,https://api.mybihr.com/medias/1051815-1-800Wx800H?context=bWFzdGVyfHJvb3R8Mzg2NDl8aW1hZ2UvanBlZ3xhR014TDJobFl5ODRPVFEyTURjeU16VTBPRFEyTHpFd05URTRNVFV0TVY4NE1EQlhlRGd3TUVnfDlkMjZjNDJhNjU2MTBlYTI2MDJmZTI0YTcwY2VhZTUwZWZhNTBlY2VmYzY5ODRhNmM1YWY2ODBjMTA3NTBjNDQ,,,https://static.bihr.pro/eBihr/Pictures/JMP-pictures.zip,Spain Warehouse (Parts)
1051817,89310009,7224400,JMP,JMP SLOT SOCKET ØINT 55MM-ØEXT 62MM,Vaso almenado cilíndrico JMP nuez de embrague 4 Ranuras,81.01,66.95,53.56,7224400,1,8714109090,0,1,"Llave de vaso para apretar o aflojar tuercas autoblocantes del cubo de embrague, chasis u otras partes. 			Diámetro interior: 55 mmDiámetro exterior: 62 mm""""""""","Llave de vaso para apretar o aflojar tuercas autoblocantes del cubo de embrague, chasis u otras partes. 			Diámetro interior: 55 mmDiámetro exterior: 62 mm""""""""",TOOLING & WS,TOOLING,TOOLING ENGINE,690,404,75,76,121,,,,,,,4,,,https://api.mybihr.com/medias/1051817-1-800Wx800H?context=bWFzdGVyfHJvb3R8MzE3MzR8aW1hZ2UvanBlZ3xhREF3TDJoa05DODRPVEkwT1RNNU1Ua3dNekF5THpFd05URTRNVGN0TVY4NE1EQlhlRGd3TUVnfDU2MmNjYjdkYzNiZmM0YTBiNWQ0ZGE3YzAwMzBkMWY2YWYwZWRjNDljZjQyNWY1NDA2YzBmOGNmNmQ3NjAwZGI,,,https://static.bihr.pro/eBihr/Pictures/JMP-pictures.zip,Spain Warehouse (Parts)
1051814,89310013,7220140,JMP,JMP SLOT SOCKET ØINT 15MM-ØEXT 19MM,Vaso almenado cilíndrico JMP nuez de embrague 4 Ranuras,18.51,15.30,12.24,7220140,1,8714109090,0,1,"Llave de vaso para apretar o aflojar tuercas autoblocantes del cubo de embrague, chasis u otras partes. 			Diámetro interior: 15 mmDiámetro exterior: 19 mm""""""""","Llave de vaso para apretar o aflojar tuercas autoblocantes del cubo de embrague, chasis u otras partes. 			Diámetro interior: 15 mmDiámetro exterior: 19 mm""""""""",TOOLING & WS,TOOLING,TOOLING ENGINE,234,59,146,73,22,,,,,,,4,,3/8',https://api.mybihr.com/medias/1051814-1-800Wx800H?context=bWFzdGVyfHJvb3R8NTE1NDN8aW1hZ2UvanBlZ3xhR0l5TDJnME9DODRPVEV3TkRZNE16RTNNakUwTHpFd05URTRNVFF0TVY4NE1EQlhlRGd3TUVnfDI3ZTFiODkxNjIyNTg0OWEyZWU5ZjgzZTRhYWZkNDY2MmY5NjE3OTRkMDE5MTM2Y2NlOGEyYzIxZWMzZWYxNTY,,,https://static.bihr.pro/eBihr/Pictures/JMP-pictures.zip,Spain Warehouse (Parts)
1051818,89310018,7224439,JMP,JMP SLOT SOCKET ØINT 20MM,Vaso almenado cilíndrico JMP 4 Ranuras,27.95,23.10,18.48,7224439,1,8714109090,0,1,"Llave de vaso para apretar o aflojar tuercas autoblocantes del cubo de embrague, chasis u otras partes. 			Diámetro interior: 20 mm""""""""","Llave de vaso para apretar o aflojar tuercas autoblocantes del cubo de embrague, chasis u otras partes. 			Diámetro interior: 20 mm""""""""",TOOLING & WS,TOOLING,TOOLING ENGINE,357,197,138,70,37,,,,,,,4,,1/2',https://api.mybihr.com/medias/1051818-1-800Wx800H?context=bWFzdGVyfHJvb3R8MjY5NDR8aW1hZ2UvanBlZ3xhRGsxTDJnMllpODRPVEkzTmpRNE9UQTNNamswTHpFd05URTRNVGd0TVY4NE1EQlhlRGd3TUVnfDJlZTFmNjgxNWI1NDYyZDE0YTg3ZGJhNzU0YzE1ZDAwODdlMjJjZWI1OWFlNjMyZTYzMjEzNDRjNGNlNWQ0MTg,,,https://static.bihr.pro/eBihr/Pictures/JMP-pictures.zip,Spain Warehouse (Parts)
1051819,89310017,7224447,JMP,JMP SLOT SOCKET ØINT 24MM,Vaso almenado cilíndrico JMP 4 Ranuras,27.04,22.35,17.88,7224447,1,8714109090,0,1,"Llave de vaso para apretar o aflojar tuercas autoblocantes del cubo de embrague, chasis u otras partes. 			Diámetro interior: 26 mm""""""""","Llave de vaso para apretar o aflojar tuercas autoblocantes del cubo de embrague, chasis u otras partes. 			Diámetro interior: 26 mm""""""""",TOOLING & WS,TOOLING,TOOLING ENGINE,352,194,141,78,32,,,,,,,4,,1/2',https://api.mybihr.com/medias/1051819-1-800Wx800H?context=bWFzdGVyfHJvb3R8Mjc5MjB8aW1hZ2UvanBlZ3xhRGhpTDJnMFlTODRPVFV6T1RFek1EUTVNVEU0THpFd05URTRNVGt0TVY4NE1EQlhlRGd3TUVnfDMyYmZkZDhmY2VjZmM3NjE5OWY0YTRmYWFiNTBlNjRkYmM1NDg3ODJiZTkzNDZhZDZhNjlmNjg5NGJkOTI2NzU,,,https://static.bihr.pro/eBihr/Pictures/JMP-pictures.zip,Spain Warehouse (Parts)
1051820,89310016,7224454,JMP,JMP SLOT SOCKET ØINT 26/30MM,Vaso almenado cilíndrico JMP 4 Ranuras,36.54,30.20,24.16,7224454,1,8714109090,0,1,"Llave de vaso para apretar o aflojar tuercas autoblocantes del cubo de embrague, chasis u otras partes. 			Diámetro interior: 26 mm Diámetro exterior: 30 mm""""""""","Llave de vaso para apretar o aflojar tuercas autoblocantes del cubo de embrague, chasis u otras partes. 			Diámetro interior: 26 mm Diámetro exterior: 30 mm""""""""",TOOLING & WS,TOOLING,TOOLING ENGINE,461,190,158,73,40,,,,,,,4,,1/2',https://api.mybihr.com/medias/1051820-1-800Wx800H?context=bWFzdGVyfHJvb3R8MzU5NjF8aW1hZ2UvanBlZ3xhR0prTDJoa1lTODRPVEkwT1RNNU16ZzJPVEV3THpFd05URTRNakF0TVY4NE1EQlhlRGd3TUVnfDc2Njk0YjNjYTU5NzNiNGY2YTQzYWJmMTNmNWY2ZmUzN2NlNTg2NGJmNzE4YmI1NTU4YzliZDdiNjA1YzQ2NWI,,,https://static.bihr.pro/eBihr/Pictures/JMP-pictures.zip,Spain Warehouse (Parts)
1051822,89310014,7224512,JMP,"JMP SLOT SOCKET ØINT 18,5MM-ØEXT 24MM",Vaso almenado cilíndrico JMP nuez de embrague 4 Ranuras,14.52,12.00,9.60,7224512,1,8714109090,0,1,"Llave de vaso para apretar o aflojar tuercas autoblocantes del cubo de embrague, chasis u otras partes. 			Diámetro interior: 18,5 mm Diámetro exterior: 26 mm""""""""","Llave de vaso para apretar o aflojar tuercas autoblocantes del cubo de embrague, chasis u otras partes. 			Diámetro interior: 18,5 mm Diámetro exterior: 26 mm""""""""",TOOLING & WS,TOOLING,TOOLING ENGINE,266,52,119,93,24,,,,,,,4,,3/8',https://api.mybihr.com/medias/1051822-2-800Wx800H?context=bWFzdGVyfHJvb3R8NTYyMDh8aW1hZ2UvanBlZ3xhREl3TDJobE1pODRPRFkzT0RrNU16YzFOalEyTHpFd05URTRNakl0TWw4NE1EQlhlRGd3TUVnfDc4OGViNmQyNmU3NzliZmFkMTRhNDA1NDI4NmJhNWI0OTllMzlmNTZhZWIxYzlmNGE4NjBkODcyMDQ0N2E0M2Q,https://api.mybihr.com/medias/1051822-3-800Wx800H?context=bWFzdGVyfHJvb3R8MzgzMDZ8aW1hZ2UvanBlZ3xhR0ZrTDJobFppODRPRFkzT0RrNU56WTRPRFl5THpFd05URTRNakl0TTE4NE1EQlhlRGd3TUVnfDlhMmRkNDU3NmY1ZWVkNWJmZDQwMzMwNzEyOWQyMWNkODIwYzNkODVkYTY5ZTUxMTc4YjczNzJiODI4ZjYwMmI,,https://static.bihr.pro/eBihr/Pictures/JMP-pictures.zip,Spain Warehouse (Parts)
1051813,89310015,7220008,JMP,JMP SLOT SOCKET 6 SLOTS,Vaso almenado cilíndrico JMP nuez de embrague 6 Ranuras,66.49,54.95,43.96,7220008,1,8714109090,0,1,"Llave de vaso para apretar o aflojar tuercas autoblocantes del cubo de embrague, chasis u otras partes.   ","Llave de vaso para apretar o aflojar tuercas autoblocantes del cubo de embrague, chasis u otras partes.   ",TOOLING & WS,TOOLING,TOOLING ENGINE,404,164,142,98,29,,,,,,,6,,1/2',https://api.mybihr.com/medias/1051813-2-800Wx800H?context=bWFzdGVyfHJvb3R8MzIxNDB8aW1hZ2UvanBlZ3xhR0poTDJnNU1pODRPVE01TlRZM05qUTBOekF5THpFd05URTRNVE10TWw4NE1EQlhlRGd3TUVnfGQ0NWVlZGQxNzg3ZjZjOTE0OTVkZDQwMDJhNTNmNGMxNmMzNTBjMDliODM1ZDg5OGI5MDcxNGRlMmJkNDNlNjQ,https://api.mybihr.com/medias/1051813-3-800Wx800H?context=bWFzdGVyfHJvb3R8MzI2OTN8aW1hZ2UvanBlZ3xhRGhoTDJnNU9TODRPVE01TlRZM09EUXhNekV3THpFd05URTRNVE10TTE4NE1EQlhlRGd3TUVnfGY5N2I3MWQ4ZjExNmViZWYxNDAxYTU2MDgwNTk5YTkyMDVjNjVjODhjZmMyZWQyZjhlMTU4NTEwZDU5ODBlODE,,https://static.bihr.pro/eBihr/Pictures/JMP-pictures.zip,Spain Warehouse (Parts)
1051816,89310010,7220612,JMP,"JMP SLOT SOCKET ØINT 27,8MM-ØEXT 33,8MM",Vaso almenado cilíndrico JMP nuez de embrague 4 Ranuras,33.03,27.30,21.84,7220612,2,8714109090,0,1,"Llave de vaso para apretar o aflojar tuercas autoblocantes del cubo de embrague, chasis u otras partes. 			Diámetro interior: 27,8 mm Diámetro exterior: 33,8 mm""""""""","Llave de vaso para apretar o aflojar tuercas autoblocantes del cubo de embrague, chasis u otras partes. 			Diámetro interior: 27,8 mm Diámetro exterior: 33,8 mm""""""""",TOOLING & WS,TOOLING,TOOLING ENGINE,517,139,126,111,37,,,,,,,4,,,https://api.mybihr.com/medias/1051816-1-800Wx800H?context=bWFzdGVyfHJvb3R8Mzk5Njl8aW1hZ2UvanBlZ3xhRGcwTDJnNE5TODRPVEkwT1RNNE9Ua3pOamswTHpFd05URTRNVFl0TVY4NE1EQlhlRGd3TUVnfDQ3MzJjNzk0ZWU2ZWI2MTYyODU1OGI1ZDIyMGQ3YmI1YTc2ZDQ2ZjU1MzgyZDQ5M2NlNWQ0ZDQxMTE4ZmFmMDE,,,https://static.bihr.pro/eBihr/Pictures/JMP-pictures.zip,Spain Warehouse (Parts)
1051821,89310019,7224462,JMP,JMP SLOT SOCKET ØINT 20/24MM,Vaso almenado cilíndrico JMP 4 Ranuras,36.54,30.20,24.16,7224462,1,8714109090,0,1,"Llave de vaso para apretar o aflojar tuercas autoblocantes del cubo de embrague, chasis u otras partes. 			Diámetro interior: 20 mmDiámetro exterior: 26 mm""""""""","Llave de vaso para apretar o aflojar tuercas autoblocantes del cubo de embrague, chasis u otras partes. 			Diámetro interior: 20 mmDiámetro exterior: 26 mm""""""""",TOOLING & WS,TOOLING,TOOLING ENGINE,413,130,160,76,34,,,,,,,4,,1/2',https://api.mybihr.com/medias/1051821-2-800Wx800H?context=bWFzdGVyfHJvb3R8Mzg0ODJ8aW1hZ2UvanBlZ3xhRFEyTDJnM1ppODRPRFkzT0RrNE5UZzVNakUwTHpFd05URTRNakV0TWw4NE1EQlhlRGd3TUVnfDZiMjUxM2E5NmMwYWI2ZGExNmQ1MDg1MjU0MzMwZjYxZWQ5YzI0NGQ5NzQ5ZmQxNzkyZmQ4OGJlMzQ0YTAxMjY,https://api.mybihr.com/medias/1051821-3-800Wx800H?context=bWFzdGVyfHJvb3R8MjYyMTV8aW1hZ2UvanBlZ3xhR1UzTDJnNFl5ODRPRFkzT0RrNE9UZ3lORE13THpFd05URTRNakV0TTE4NE1EQlhlRGd3TUVnfGM4MzQ4Mjk5ZTA1OTQ1OTIyMDRmZjc3YTM3OGVhNTY1ZDBlMTdlNzAzY2ExYzYzNTUyNzJmZWZkMGZmMjMwNDc,,https://static.bihr.pro/eBihr/Pictures/JMP-pictures.zip,Spain Warehouse (Parts)
1051823,89310012,7224959,JMP,JMP SLOT SOCKET ØINT 24MM-ØEXT 30MM,Vaso almenado cilíndrico JMP nuez de embrague 4 Ranuras,16.94,14.00,11.20,7224959,1,8714109090,0,1,"Llave de vaso para apretar o aflojar tuercas autoblocantes del cubo de embrague, chasis u otras partes. 			Diámetro interior: 26 mmDiámetro exterior: 30 mm""""""""","Llave de vaso para apretar o aflojar tuercas autoblocantes del cubo de embrague, chasis u otras partes. 			Diámetro interior: 26 mmDiámetro exterior: 30 mm""""""""",TOOLING & WS,TOOLING,TOOLING ENGINE,181,78,68,83,32,,,,,,,4,,3/8',https://api.mybihr.com/medias/1051823-1-800Wx800H?context=bWFzdGVyfHJvb3R8Njc0NTB8aW1hZ2UvanBlZ3xhR1l6TDJobE55ODRPVE01TlRZNE1ETTNPVEU0THpFd05URTRNak10TVY4NE1EQlhlRGd3TUVnfDUwZGI2YjFlY2E1YzQzOTJkMzE3YzQ3ODQyM2Q5MTZkMWRiMmE4MzA3OGVlMWFmNGU5YTM0YjU0NmI5MjMyN2M,,,https://static.bihr.pro/eBihr/Pictures/JMP-pictures.zip,Spain Warehouse (Parts)
1051827,89110043,647.03.06,JMP,JMP MICROMETER DIGITAL,Micrómetro digital JMP 0-25mm,181.50,150.00,120.00,647.03.06,0,9017300000,0,1,"Micrómetro digital con superficie de medición controlada por carraca y sistema de bloqueo. 			Precisión: 0'01 mm (1/100 pulgadas). Con señales de medición""""""""","Micrómetro digital con superficie de medición controlada por carraca y sistema de bloqueo. 			Precisión: 0'01 mm (1/100 pulgadas). Con señales de medición""""""""",TOOLING & WS,TOOLING,TOOLING ENGINE,1389,544,212,131,50,,,,,,"0,001mm",,,,https://api.mybihr.com/medias/1051827-1-800Wx800H?context=bWFzdGVyfHJvb3R8NjM0Mjd8aW1hZ2UvanBlZ3xhR0prTDJnek1TODRPVEF5TWpneU5qUXhORE00THpFd05URTRNamN0TVY4NE1EQlhlRGd3TUVnfDExOWEyNjBkZjIzNmE1YmYxODM3Yjg2NjRjOGFkMWRkNDNlMTRmYWNlYzcxNjY5YmYwNjY0YTcxYmVkN2IyOTM,,,https://static.bihr.pro/eBihr/Pictures/JMP-pictures.zip,Spain Warehouse (Parts)
1051824,89307001,7226244,JMP,JMP SET OF FILTER CUP,Juego de 5 llaves de filtro JMP,48.52,40.10,32.08,4043981069068,3,8714109090,0,1,"Estuche con 5 tapones de filtros de aceite 			Ø65 mm - 14 carasØ68 mm - 14 carasØ80 mm - 15 carasØ76 mm - 8 carasØ76 mm - 12 carasØ76 mm - 14 caras""""""""","Estuche con 5 tapones de filtros de aceite 			Ø65 mm - 14 carasØ68 mm - 14 carasØ80 mm - 15 carasØ76 mm - 8 carasØ76 mm - 12 carasØ76 mm - 14 caras""""""""",TOOLING & WS,TOOLING,TOOLING ENGINE,6215,1455,330,258,73,,,,,,,,,,https://api.mybihr.com/medias/1051824-1-800Wx800H?context=bWFzdGVyfHJvb3R8ODc1NzZ8aW1hZ2UvanBlZ3xhR016TDJobFpTODRPVE01TlRZNE1qTTBOVEkyTHpFd05URTRNalF0TVY4NE1EQlhlRGd3TUVnfDkwMzFiMWQ4MDA0YmI1ODZlYWM4Y2Y2ZjEzNGYzNDE5YWNiMThmMDk4MjAwZDZjZWQzZTVjN2I0ZWExMWFlOGU,,,https://static.bihr.pro/eBihr/Pictures/JMP-pictures.zip,Spain Warehouse (Parts)
1052061,89403014,7220127,JMP,JMP T-HANDLE WHEEL AXLE WRENCH Ø25MM,Llave en T JMP Ø30mm Ducati con horquilla Ohlins,24.50,20.25,16.20,40439811104417,1,8714109090,0,1,Llave en T para ejes de rueda Para Ducatis con horquillas Öhlins,Llave en T para ejes de rueda Para Ducatis con horquillas Öhlins,TOOLING & WS,TOOLING,TOOLING CHASSIS,775,160,212,126,29,,,,,,,,,,https://api.mybihr.com/medias/1052061-1-800Wx800H?context=bWFzdGVyfHJvb3R8MTY2NDk1fGltYWdlL2pwZWd8YURSbUwyZ3laaTg0T1RFd05EYzFNREF4T0RnMkx6RXdOVEl3TmpFdE1WODRNREJYZURnd01FZ3xhMmY4NjkxMDExOThmZTMwYWZhNzZlZDZlNjUyMjEyMzU2NWM1MDU4Y2NjYzM2M2FjNDdiNjdhNTMwZjNkNjg3,,,https://static.bihr.pro/eBihr/Pictures/JMP-pictures.zip,Spain Warehouse (Parts)
1052081,89401012,7224510,JMP,"JMP NUT SOCKET ØINT 20MM ØEXT 27,4MM","Vaso almenado cilíndrico para eje oscillante/chasis JMP Øint20mm /Øext27,4mm 4 muescas BMW",52.03,43.00,34.40,7224510,1,8714109090,0,1,Llaves de vaso para apretar o aflojar tuercas del basculante o del chasis,Llaves de vaso para apretar o aflojar tuercas del basculante o del chasis,TOOLING & WS,TOOLING,TOOLING CHASSIS,864,325,194,131,34,,,,,por unidad,,4,,,https://api.mybihr.com/medias/1052081-1-800Wx800H?context=bWFzdGVyfHJvb3R8NTM0OTh8aW1hZ2UvanBlZ3xhRGczTDJobU15ODRPVEkzTmpVMU1UazROelV3THpFd05USXdPREV0TVY4NE1EQlhlRGd3TUVnfDdjNDQ1NWY0OWU1N2RjMzc2MmZkNTQ1MTVjZGFlYWFkOWJkODczM2JmYTI2YWVhNTkwYzIwYTUyOGFlZDkzNDk,https://api.mybihr.com/medias/1052081-2-800Wx800H?context=bWFzdGVyfHJvb3R8NjM2OTB8aW1hZ2UvanBlZ3xhR0kyTDJobFl5ODRPVEkzTmpVMU16azFNelU0THpFd05USXdPREV0TWw4NE1EQlhlRGd3TUVnfDZlYjk5ZjA4ZjM4OGJlNTc2NmM2ZjdiYTM2NDVkYmQzN2U2MGM0MTBkMjBlN2QzYTJlMjM1OTdjNDE2N2Q4YmM,,https://static.bihr.pro/eBihr/Pictures/JMP-pictures.zip,Spain Warehouse (Parts)
1052083,89401002,7224553,JMP,JMP NUT SOCKET ØINT 36MM ØEXT 50MM,Vaso almenado cilíndrico para columna de dirección JMP Øint36mm /Øext50mm 4 muescas,56.51,46.70,37.36,7224553,1,8714109090,0,1,Permite apretar o aflojar las tuercas del tubo de dirección.,Permite apretar o aflojar las tuercas del tubo de dirección.,TOOLING & WS,TOOLING,TOOLING CHASSIS,462,706,141,63,52,,,,,por unidad,,4,,,https://api.mybihr.com/medias/1052083-2-800Wx800H?context=bWFzdGVyfHJvb3R8MzE1ODd8aW1hZ2UvanBlZ3xhRGc1TDJnd01pODRPVEkwT1RRMU16RTNPVEU0THpFd05USXdPRE10TWw4NE1EQlhlRGd3TUVnfGIxMjc0ZWFjYWQ1NDE1M2Q3ZjA4NDUyMmVkNjI5MzY5MDY4NDk3ZTkyMzc2MmE4YWY5MjljMWNmZjQyZmJjZDc,https://api.mybihr.com/medias/1052083-3-800Wx800H?context=bWFzdGVyfHJvb3R8NjM1NTB8aW1hZ2UvanBlZ3xhRFZoTDJnd09TODRPVEkwT1RRMU5URTBOVEkyTHpFd05USXdPRE10TTE4NE1EQlhlRGd3TUVnfDAzNzExMWExNWEyMWY0OWNlMjA5MDk5OGQ0NzE5NDA0ZTc2ODJjMWE3Mjc5NmI5N2VjODM0MGZjYzg0NjEwYjQ,,https://static.bihr.pro/eBihr/Pictures/JMP-pictures.zip,Spain Warehouse (Parts)
1052094,89401003,7228058,JMP,"JMP NUT SOCKET ØINT 40,5MM ØEXT 50MM","Vaso almenado cilíndrico para eje oscillante/chasis JMP Øint40,5mm /Øext50mm 4 muescas Honda",25.95,21.45,17.16,7228058,2,8714109090,0,1,Llaves de vaso para apretar o aflojar tuercas del basculante o del chasis,Llaves de vaso para apretar o aflojar tuercas del basculante o del chasis,TOOLING & WS,TOOLING,TOOLING CHASSIS,242,214,144,70,24,,,,,por unidad,,4,,,https://api.mybihr.com/medias/1052094-1-800Wx800H?context=bWFzdGVyfHJvb3R8NTM1MDF8aW1hZ2UvanBlZ3xhREk1TDJoa1ppODRPVEkzTmpVMU56ZzROVGMwTHpFd05USXdPVFF0TVY4NE1EQlhlRGd3TUVnfGZiYTBhNDJkM2RjMzIxYTk5MjVlZmZkMWMwOTI3ZDgzNmJlYzk4MTM4NGM5MmU1YjQ5YTM5NDdjM2YzNTU5NWY,https://api.mybihr.com/medias/1052094-2-800Wx800H?context=bWFzdGVyfHJvb3R8NjcyNjR8aW1hZ2UvanBlZ3xhRFU0TDJoa09DODRPVEkzTmpVMU9UZzFNVGd5THpFd05USXdPVFF0TWw4NE1EQlhlRGd3TUVnfDg3Mjc0NDUzMGRjMzY1MDBjNDNlNjRiNTg1YTJjYTYwMTU4Y2YzZWE2MWVjZTg3NDk2NGRkODk5M2QzMjFlMGM,,https://static.bihr.pro/eBihr/Pictures/JMP-pictures.zip,Spain Warehouse (Parts)
1052079,,7224496,JMP,JMP NUT SOCKET ØINT 44MM,Llave de tuerca de dirección JMP ranurada Ø44mm 3 / 8,24.20,20.00,16.00,4043981036015,1,8714109090,0,1,"<p>Spanner sockets Ø 44 mm for lock and unlock the slot nuts as locking ring nut of steering column.</p>
<h3><strong>Technical Data</strong></h3>

<ul>
	<li>
	<p>Inner diameter: 37.7 mm</p></li>
	<li>
	<p>Outer diameter: 43.6 mm</p></li>
	<li>
	<p>Number of slots: 6</p></li>
	<li>
	<p>Pin width: 2.7 mm</p></li>
	<li>
	<p>Pin height: 2.9 mm</p></li>
	<li>
	<p>Pin shape: Square</p></li>
	<li>
	<p>Total height: 30 mm</p></li>
	<li>
	<p>Drive type: 3/8” – SW 22 mm</p></li>
</ul>
","
Spanner sockets Ø 44 mm for lock and unlock the slot nuts as locking ring nut of steering column.
Technical Data


	
	Inner diameter: 37.7 mm
	
	Outer diameter: 43.6 mm
	
	Number of slots: 6
	
	Pin width: 2.7 mm
	
	Pin height: 2.9 mm
	
	Pin shape: Square
	
	Total height: 30 mm
	
	Drive type: 3/8” – SW 22 mm

",TOOLING & WS,TOOLING,TOOLING CHASSIS,341,155,124,86,32,,,,,,,,,3/8',https://api.mybihr.com/medias/1052079-1-800Wx800H?context=bWFzdGVyfHJvb3R8MTU1NTQ0fGltYWdlL2pwZWd8YURabUwyaGxZaTg0T1RNNU5UY3hOemN6TkRjd0x6RXdOVEl3TnprdE1WODRNREJYZURnd01FZ3w5YzJlNDZjOWJmZDk1ODg0MDk1MGIzMGEyNTY2MDFjOGZjMmNhMDgzZGY5Y2VhMTI5OTIzODc4NmYwOWIwZDRk,https://api.mybihr.com/medias/1052079-2-800Wx800H?context=bWFzdGVyfHJvb3R8NDQ5OTZ8aW1hZ2UvanBlZ3xhRE5tTDJobU1pODRPVE01TlRjeE9UY3dNRGM0THpFd05USXdOemt0TWw4NE1EQlhlRGd3TUVnfDc2OTk0NDA4Njk3MGM0MjQ3ODU5OGYwNTkxZmI5N2ViYjg5MzZhY2M0MmE0OGRjYzY4NjU0YTlhZWZiMzlkNzM,,https://static.bihr.pro/eBihr/Pictures/JMP-pictures.zip,Spain Warehouse (Parts)
1052086,89403010,7225220,JMP,JMP SOCKET 41MM WHEEL AXLE,Llave de vaso JMP 1/2'' Ø41mm 6 puntos & 12 puntos,63.04,52.10,41.68,7225220,1,8714109090,0,1,Llave de vaso para eje rueda Para Ducati y Triumph,Llave de vaso para eje rueda Para Ducati y Triumph,TOOLING & WS,TOOLING,TOOLING CHASSIS,465,205,72,76,85,,,,,,,,,,https://api.mybihr.com/medias/1052086-1-800Wx800H?context=bWFzdGVyfHJvb3R8MjU1OTUwfGltYWdlL2pwZWd8YUdVMkwyaGxOUzg0T1RJM05qVTFOVGt4T1RZMkx6RXdOVEl3T0RZdE1WODRNREJYZURnd01FZ3wwNDkxNDExZjI1ZmIzZGI2ZmE0NDU2MGI4MDljN2U4MWYzMGZkYmNmMzc2Yzg2Yjc1NGE2MjlkOTkyNzZiOWJk,,,https://static.bihr.pro/eBihr/Pictures/JMP-pictures.zip,Spain Warehouse (Parts)
1052089,89401007,7225949,JMP,JMP NUT SOCKET ØINT 23MM ØEXT 31MM,"Vaso almenado cilíndrico para columna de dirección JMP Øint23mm /Øext31,5mm 6 muescas MV Agusta",30.49,25.20,20.16,7225949,3,8714109090,0,1,Permite apretar o aflojar las tuercas del tubo de dirección.,Permite apretar o aflojar las tuercas del tubo de dirección.,TOOLING & WS,TOOLING,TOOLING CHASSIS,450,128,160,76,37,,,,,por unidad,,6,,,https://api.mybihr.com/medias/1052089-1-800Wx800H?context=bWFzdGVyfHJvb3R8ODEzMTV8aW1hZ2UvanBlZ3xhRE16TDJnMll5ODRPVEkwT1RRMk16QXdPVFU0THpFd05USXdPRGt0TVY4NE1EQlhlRGd3TUVnfDAxMmIyM2M4MTNhM2QxZmQ0NjA1YjQzNjY1ZTk2MTUxZjdlYzFiYWVhOGViZTg5MWExMTg1NDZmZDM3NTZiNWU,https://api.mybihr.com/medias/1052089-2-800Wx800H?context=bWFzdGVyfHJvb3R8NjY0NzB8aW1hZ2UvanBlZ3xhR0V4TDJnM01DODRPVEkwT1RRMk5EazNOVFkyTHpFd05USXdPRGt0TWw4NE1EQlhlRGd3TUVnfGQ5OTQxZDEzMGQxMWJiNzBiMDkwYjFjMjkwMGI2YjRkNDNjMDQ0MzhmYTk1MDQ3YzNmYjFlMjg0YzQzOGFjNWE,https://api.mybihr.com/medias/1052089-3-800Wx800H?context=bWFzdGVyfHJvb3R8NjU3MTN8aW1hZ2UvanBlZ3xhRGN4TDJnM055ODRPVEkwT1RRMk5qazBNVGMwTHpFd05USXdPRGt0TTE4NE1EQlhlRGd3TUVnfGFhNTZiMjA0N2EwMDJjY2NjYjY4NDlkMTBlZGUzNDI4NmVkNjQxYzhhN2M3ZWVkMmZmMjRiODE4Zjg3NWJjOTg,https://static.bihr.pro/eBihr/Pictures/JMP-pictures.zip,Spain Warehouse (Parts)
1052088,89401013,7225915,JMP,JMP NUT SOCKET ØINT 23MM ØEXT 31MM,Vaso almenado cilíndrica para columna de dirección JMP Øint23mm /Øext31mm 4 muescas Ducati,24.50,20.25,16.20,7225915,1,8714109090,0,1,Permite apretar o aflojar las tuercas del tubo de dirección.,Permite apretar o aflojar las tuercas del tubo de dirección.,TOOLING & WS,TOOLING,TOOLING CHASSIS,205,63,100,76,27,,,,,por unidad,,4,,,https://api.mybihr.com/medias/1052088-1-800Wx800H?context=bWFzdGVyfHJvb3R8NDE3MTN8aW1hZ2UvanBlZ3xhR1UzTDJneE5pODRPVEkwT1RRMU9UQTNOelF5THpFd05USXdPRGd0TVY4NE1EQlhlRGd3TUVnfDdkMWIxZGM2MzQ4N2VmYmFlMmY4MGI3NTVjNjYwZjExYTE0MWIyMjEzZDZmZGM4MmNiMDE4MWIxNjU4YWM3OWM,https://api.mybihr.com/medias/1052088-2-800Wx800H?context=bWFzdGVyfHJvb3R8NjM4NzZ8aW1hZ2UvanBlZ3xhRFl6TDJnMk5TODRPVEkwT1RRMk1UQTBNelV3THpFd05USXdPRGd0TWw4NE1EQlhlRGd3TUVnfDgzYWZkZGZlNTYwNjliM2I2MDA4YjE4NTY1YmUyZDMyOTkxN2M3MGJjZWNlZjJlMjlkZDhkMjZlMTc4YmZjMmE,,https://static.bihr.pro/eBihr/Pictures/JMP-pictures.zip,Spain Warehouse (Parts)
1052085,89608001,7224827,JMP,JMP COVER FOR FUEL TANK,Protección depósito JMP,22.99,19.00,15.20,4043981035865,7,8714109090,0,1,"Protector para depósito, de material antideslizante para protegerlo de golpes y arañazosSe fija bien a la forma del depósitoParte superior de nailon, fácil de limpiarVálido para la mayoría de tallas y materiales (aluminio, acero, plástico...)Lavable a máquina hasta 40° C","Protector para depósito, de material antideslizante para protegerlo de golpes y arañazosSe fija bien a la forma del depósitoParte superior de nailon, fácil de limpiarVálido para la mayoría de tallas y materiales (aluminio, acero, plástico...)Lavable a máquina hasta 40° C",TOOLING & WS,TOOLING,TOOLING CHASSIS,2058,234,190,190,57,,,,,,,,,,https://api.mybihr.com/medias/1052085-2-800Wx800H?context=bWFzdGVyfHJvb3R8NTUxNzl8aW1hZ2UvanBlZ3xhR000TDJnelpTODRPVEV3TkRjMk1UZ3hOVE0wTHpFd05USXdPRFV0TWw4NE1EQlhlRGd3TUVnfDFiY2RiZjExMDljYTQ0Y2MxYWM0YWYxYWRmMThiY2M3MTdmNDdiNWVjYWMxYTNkMjFjODMzZWI2YThmOWE3ZjM,https://api.mybihr.com/medias/1052085-3-800Wx800H?context=bWFzdGVyfHJvb3R8Njk0Mjh8aW1hZ2UvanBlZ3xhRGcxTDJnME5TODRPVEV3TkRjMk16YzRNVFF5THpFd05USXdPRFV0TTE4NE1EQlhlRGd3TUVnfGFmOTI2MTEwYzJmOTI4M2QxNGIwMThiMTg3MDgzOTNlNGYzZjkwZmQxNGU1OWYwNmNlOTU0M2M0YWUyNzE4M2Y,,https://static.bihr.pro/eBihr/Pictures/JMP-pictures.zip,Spain Warehouse (Parts)
1052063,89404028,7220304,JMP,JMP SEAL HAMMER UNIVERSAL Ø26 TO Ø45MM,Instalador de retenes de horquilla JMP Ø26-45mm,71.51,59.10,47.28,7220304,4,8714109090,0,1,Herramienta para instalación de retenes de aceite Fácil manejo y evita daños en la horquilla		 Anilla interior de recambio: 89404029,Herramienta para instalación de retenes de aceite Fácil manejo y evita daños en la horquilla		 Anilla interior de recambio: 89404029,TOOLING & WS,TOOLING,TOOLING CHASSIS,909,835,188,78,62,,,,,,,,,,https://api.mybihr.com/medias/1052063-1-800Wx800H?context=bWFzdGVyfHJvb3R8MjQyNDd8aW1hZ2UvanBlZ3xhR0ZtTDJnMU1pODRPVEkwT1RRME9USTBOekF5THpFd05USXdOak10TVY4NE1EQlhlRGd3TUVnfDlhN2Q0M2RjZjI1OTFhNzI0ZWUxNDg0ZmQzMjA3ZDUxMTg5ZWI2OTEyMWU5MmZiMWEwZTJhZmUwYzA2NTRkYzU,,,https://static.bihr.pro/eBihr/Pictures/JMP-pictures.zip,Spain Warehouse (Parts)
1052064,89404030,7220305,JMP,JMP SEAL HAMMER UNIVERSAL Ø48 TO Ø54MM,Instalador de retenes de horquilla JMP Ø48-54mm,79.98,66.10,52.88,4043981126662,2,8714109090,0,1,Herramienta para instalación de retenes de aceite Fácil manejo y evita daños en la horquilla		 Anilla interior de recambio: 89404031,Herramienta para instalación de retenes de aceite Fácil manejo y evita daños en la horquilla		 Anilla interior de recambio: 89404031,TOOLING & WS,TOOLING,TOOLING CHASSIS,1087,1337,118,97,95,,,,,,,,,,https://api.mybihr.com/medias/1052064-1-800Wx800H?context=bWFzdGVyfHJvb3R8MjQyNDd8aW1hZ2UvanBlZ3xhR1JsTDJnNVlpODRPVFEyTURjNE1qVXpNRGcyTHpFd05USXdOalF0TVY4NE1EQlhlRGd3TUVnfGRkOGVhYmIzYTZmYWNhNWM3OTViYWI1MTIyMGJjYzAyMWUwYzc1N2ZkN2UxODlmZjI3OGViN2Y5NGFhYjZiNjc,,,https://static.bihr.pro/eBihr/Pictures/JMP-pictures.zip,Spain Warehouse (Parts)
1052065,89403012,7220478,JMP,JMP WRENCH FOR WHEEL AXLE Ø25MM,Llave para alinear eje delantero Ducati,22.02,18.20,14.56,7220478,1,8714109090,0,1,"Llave con mango en T, de 25 mm de diámetro Para Ducati 999, 998, 996, 916, 620 SS y ST4","Llave con mango en T, de 25 mm de diámetro Para Ducati 999, 998, 996, 916, 620 SS y ST4",TOOLING & WS,TOOLING,TOOLING CHASSIS,476,141,134,111,32,,,,,,,,,,https://api.mybihr.com/medias/1052065-1-800Wx800H?context=bWFzdGVyfHJvb3R8MjcxODV8aW1hZ2UvanBlZ3xhR1UyTDJnNE9TODRPVEF5TWpreU1EYzROakl5THpFd05USXdOalV0TVY4NE1EQlhlRGd3TUVnfDUwNzJhOWU4ZDliNmRkZWU5MTZkZDdjMGM4YmYxZDQzNTFmNjE1NzVhZGM5ZjczOTg0ZDFmMzMzZmIxZDBmZjA,,,https://static.bihr.pro/eBihr/Pictures/JMP-pictures.zip,Spain Warehouse (Parts)
1052068,89402004,7220726,JMP,JMP BLEEDER BRAKE PNEUMATIC,Purgador de freno neumático doble salidas JMP,97.04,80.20,64.16,4043981024142,2,8714109090,0,1,"Purgador neumático de líquido de freno, acompañado de soporte en T para purgar frenos con dos pinzas. 			Se entrega con sistema de fijación y rosca neumática de tamaño 1/4"" BSPCapacidad: 0,75 lPunta de plástico de recambio: 89402005		 ","Purgador neumático de líquido de freno, acompañado de soporte en T para purgar frenos con dos pinzas. 			Se entrega con sistema de fijación y rosca neumática de tamaño 1/4"" BSPCapacidad: 0,75 lPunta de plástico de recambio: 89402005		 ",TOOLING & WS,TOOLING,TOOLING CHASSIS,8153,669,283,215,134,,,,,,,,,,https://api.mybihr.com/medias/1052068-1-800Wx800H?context=bWFzdGVyfHJvb3R8ODc2ODl8aW1hZ2UvanBlZ3xhR00yTDJobVpDODRPRFk0TURFNU1EUTBNemd5THpFd05USXdOamd0TVY4NE1EQlhlRGd3TUVnfDI0MzYxNjY0M2Q1Yjk3MTAyYjdmZGM0NTIwYWFkYmQxZjE2ZDY1ZmI2ZjYxZDBmNTdiMTA5OTU1NGZhNTMzNjM,,,https://static.bihr.pro/eBihr/Pictures/JMP-pictures.zip,Spain Warehouse (Parts)
1052069,89402003,7221000,JMP,JMP SOCKET FOR BRAKE CALIPER,llave de vaso para pinza JMP yamaha,36.00,29.75,23.80,7221000,1,8714109090,0,1,Su forma en estrella permite retirar el perno de las pinzas de freno de motos Yamaha.,Su forma en estrella permite retirar el perno de las pinzas de freno de motos Yamaha.,TOOLING & WS,TOOLING,TOOLING CHASSIS,87,45,52,70,24,,,,,,,,,,https://api.mybihr.com/medias/1052069-1-800Wx800H?context=bWFzdGVyfHJvb3R8MjU0MzV8aW1hZ2UvanBlZ3xhR0kyTDJnNU1DODRPVEF5TWpreU1qYzFNak13THpFd05USXdOamt0TVY4NE1EQlhlRGd3TUVnfDMxYTk0ZGRhN2M2Nzg2Mzk2YzcwYjIyMjYzYTljMGU4NTAwODU4YWVjMzNmMmY0ZDAyMWRiMTQxM2VmMTAzZWI,,,https://static.bihr.pro/eBihr/Pictures/JMP-pictures.zip,Spain Warehouse (Parts)
1052071,89403007,7222409,JMP,JMP NUT SOCKET FOR WHEEL AXLE NUT,Llave de vaso para tuerca de rueda JMP 1/2'' Ø28mm 12  puntos,29.04,24.00,19.20,7222409,1,8714109090,0,1,Llave de vaso para eje rueda Para Ducati,Llave de vaso para eje rueda Para Ducati,TOOLING & WS,TOOLING,TOOLING CHASSIS,461,60,128,106,34,,,,,,,,,,https://api.mybihr.com/medias/1052071-1-800Wx800H?context=bWFzdGVyfHJvb3R8MTc3NTg3fGltYWdlL2pwZWd8YUdaaUwyZ3haUzg0T1RRNU16STNNalkxT0RJeUx6RXdOVEl3TnpFdE1WODRNREJYZURnd01FZ3xmMzRhMzQ4ZDBmOWRiZjkxMzI5N2NiMTI0NzQxNmNjMzQyNzIzYTE5MjNkMmFkNTllNjQyYmM0NWJmODEzYzNl,,,https://static.bihr.pro/eBihr/Pictures/JMP-pictures.zip,Spain Warehouse (Parts)
1052075,89404031,7222658,JMP,JMP INT RING PLASTIC ADAPTER,Bridas de recambio interior JMP Ø48-54mm,26.02,21.50,17.20,7222658,1,8714109090,0,1,Herramienta para instalación de retenes de aceite Fácil manejo y evita daños en la horquilla,Herramienta para instalación de retenes de aceite Fácil manejo y evita daños en la horquilla,TOOLING & WS,TOOLING,TOOLING CHASSIS,838,117,244,101,34,,,,,,,,,,https://api.mybihr.com/medias/1052075-1-800Wx800H?context=bWFzdGVyfHJvb3R8MjM5Nzh8aW1hZ2UvanBlZ3xhRGxsTDJobE5DODRPVE01TlRjeE5UYzJPRFl5THpFd05USXdOelV0TVY4NE1EQlhlRGd3TUVnfDVkMjExYmJmZGQwZjNjYmY1OGE5Y2Q3ZDRlMGFiODY1MDYwMjRkYTU5ZTBmN2UxYzg4OGE3NjY4OTQ2NGZlYjA,,,https://static.bihr.pro/eBihr/Pictures/JMP-pictures.zip,Spain Warehouse (Parts)
1052077,,7224470,JMP,JMP NUT SOCKET ØINT 37MM ØEXT 47MM,JMP Spanner Socket Ø37/47mm 3/8'',52.01,42.98,34.38,4043981035995,0,8714109090,0,1,"<html> <head> <meta http-equiv=""Content-Type"" content=""text/html; charset=utf-8""><title> </title> <style type=""text/css"">.cs95E872D0{text-align:left;margin:0pt 0pt 0pt 0pt;}.csA7555675{color:#000;background-color:transparent;font-weight:normal;font-style:normal;}.cs4FC7BF42{text-align:left;margin:0pt 0pt 0pt 0pt;list-style-type:disc;color:#000;background-color:transparent;font-weight:normal;font-style:normal;}</style> </head> <body> <p>Slot sockets for lock and unlock the slot nuts as locking ring nut of steering column.</p><p> </p><ul> <li>Number of pins: 4</li><li>Ø 37/47 mm </li><li>For wheel bearing/seal retainer ring: fits Honda XR650L 93-07, XR600R 85-00, XR500 79-84, XR350R 83-85, XR250R 84-95, XR200R 81-02, XL200R 83-84, XL250K 72-76, MR250 76, CR250M 76</li></ul> <p> </p></body> </html>","       Slot sockets for lock and unlock the slot nuts as locking ring nut of steering column.  Number of pins: 4Ø 37/47 mm For wheel bearing/seal retainer ring: fits Honda XR650L 93-07, XR600R 85-00, XR500 79-84, XR350R 83-85, XR250R 84-95, XR200R 81-02, XL200R 83-84, XL250K 72-76, MR250 76, CR250M 76   ",TOOLING & WS,TOOLING,TOOLING CHASSIS,327,216,112,86,34,,,,,,,,,3/8',https://api.mybihr.com/medias/1052077-1-800Wx800H?context=bWFzdGVyfHJvb3R8NTY4OTJ8aW1hZ2UvanBlZ3xhR1kwTDJobU55ODRPVEkzTmpVMU1EQXlNVFF5THpFd05USXdOemN0TVY4NE1EQlhlRGd3TUVnfGFhMWM5YmJiNTZhMDcwMzMzMWY0NTA5NzRjZmU1MmNiNzQxZGFmMGY4OWFlYTkzYTJlODRlZDViMjFmODJkMmE,,,https://static.bihr.pro/eBihr/Pictures/JMP-pictures.zip,Spain Warehouse (Parts)
1052078,,7224488,JMP,JMP NUT SOCKET ØINT 47MM,Llave de tuerca de dirección JMP ranurada Ø47mm 3 / 8,21.78,18.00,14.40,4043981036008,0,8714109090,0,1,"<html> <head> <meta http-equiv=""Content-Type"" content=""text/html; charset=utf-8""><title> </title> <style type=""text/css"">.cs95E872D0{text-align:left;margin:0pt 0pt 0pt 0pt;}.csA7555675{color:#000;background-color:transparent;font-weight:normal;font-style:normal;}.cs4FC7BF42{text-align:left;margin:0pt 0pt 0pt 0pt;list-style-type:disc;color:#000;background-color:transparent;font-weight:normal;font-style:normal;}</style> </head> <body> <p>Spanner socket for assembly or disassembly of spanner nuts like on steering columns.</p><p> </p><ul> <li>Number of spanners : 6</li><li>Ø 47 mm</li><li>Square drive 3/8"" or 22mm wrench</li></ul> <p> </p><p>Also suitable for wheel bearing safety nuts on Honda CR250R, CR500R, CR125 etc</p><p> </p></body> </html>","       Spanner socket for assembly or disassembly of spanner nuts like on steering columns.  Number of spanners : 6Ø 47 mmSquare drive 3/8"" or 22mm wrench  Also suitable for wheel bearing safety nuts on Honda CR250R, CR500R, CR125 etc  ",TOOLING & WS,TOOLING,TOOLING CHASSIS,302,174,101,88,34,,,,,,,,,3/8',https://api.mybihr.com/medias/1052078-1-800Wx800H?context=bWFzdGVyfHJvb3R8NjE0NzN8aW1hZ2UvanBlZ3xhRGcyTDJnNU55ODRPVEF5TWpreU5EY3hPRE00THpFd05USXdOemd0TVY4NE1EQlhlRGd3TUVnfDUxZDdkNjQyZmMzMjgyZmM3Y2MzNzM3YzFhNzZjNWY2YWI1MDRlMTQ3M2I5YTkxNjk2ZGYxZGE5YmVhMmYyYTQ,https://api.mybihr.com/medias/1052078-2-800Wx800H?context=bWFzdGVyfHJvb3R8NDU2NTZ8aW1hZ2UvanBlZ3xhRFF6TDJnNVpTODRPVEF5TWpreU5qWTRORFEyTHpFd05USXdOemd0TWw4NE1EQlhlRGd3TUVnfGUwMjA1NTJlYzNmMTg5OGY0MjQ2YWRlZGQ0MjFkMzg5OTQ1YzExZDI5NDg0YTc4YjRlMDBlNzhiMjYwZjAxNmQ,,https://static.bihr.pro/eBihr/Pictures/JMP-pictures.zip,Spain Warehouse (Parts)
1052070,89403013,7221013,JMP,JMP T-HANDLE WHEEL AXLE WRENCH Ø30MM,Llave en T JMP Ø30mm Ducati,24.50,20.25,16.20,4043981079364,1,8714109090,0,1,Llave en T para eje de rueda Para Ducati 1098/1198/848,Llave en T para eje de rueda Para Ducati 1098/1198/848,TOOLING & WS,TOOLING,TOOLING CHASSIS,472,143,133,111,32,,,,,,,,,,https://api.mybihr.com/medias/1052070-1-800Wx800H?context=bWFzdGVyfHJvb3R8MTI2NDUzfGltYWdlL2pwZWd8YUdVeEwyZ3lZUzg0T1RFd05EYzFNVGs0TkRrMEx6RXdOVEl3TnpBdE1WODRNREJYZURnd01FZ3w3YTgzNGM4MGU2N2RlOWNiNzMwYTYyNWQ4N2JiM2Y1YzFhYzE3ZWUxOTRkMGUxMDk2ZmYzYWQ0MDZjNDc0MDY2,,,https://static.bihr.pro/eBihr/Pictures/JMP-pictures.zip,Spain Warehouse (Parts)
1052073,89403009,7222433,JMP,JMP NUT SOCKET FOR WHEEL AXLE NUT,"Llave de vaso doble cara JMP 1/2"" Ø28mm 6 puntos /Ø55mm 12 puntos",83.49,69.00,55.20,4043981079555,1,8714109090,0,1,Llave de vaso para eje rueda Para Ducati,Llave de vaso para eje rueda Para Ducati,TOOLING & WS,TOOLING,TOOLING CHASSIS,731,168,75,75,130,,,,,,,,,,https://api.mybihr.com/medias/1052073-1-800Wx800H?context=bWFzdGVyfHJvb3R8MjEzOTQyfGltYWdlL2pwZWd8YUdOaEwyaGpZaTg0T0RjME5EZzBNalk1TURnMkx6RXdOVEl3TnpNdE1WODRNREJYZURnd01FZ3xhYTljMDVmMTI2YzMyMDQ3NGU3NzA0NTk1MGQ4OTlhNjE0ZTNhMjhhODI5ZDFiMWQ0ZGMwMDhmYmVkNjhmYzky,,,https://static.bihr.pro/eBihr/Pictures/JMP-pictures.zip,Spain Warehouse (Parts)
1052074,89404029,7222656,JMP,JMP INT RING PLASTIC ADAPTER,Bridas de recambio interior JMP Ø26-45mm,32.67,27.00,21.60,7222656,1,8714109090,0,1,Herramienta para instalación de retenes de aceite Fácil manejo y evita daños en la horquilla,Herramienta para instalación de retenes de aceite Fácil manejo y evita daños en la horquilla,TOOLING & WS,TOOLING,TOOLING CHASSIS,865,83,247,103,34,,,,,,,,,,https://api.mybihr.com/medias/1052074-1-800Wx800H?context=bWFzdGVyfHJvb3R8MjM5Nzh8aW1hZ2UvanBlZ3xhRGxoTDJoa01pODRPRGMwTkRnME5EWTFOamswTHpFd05USXdOelF0TVY4NE1EQlhlRGd3TUVnfDk3YzUzOWQ3ZDk5YjdhMGRkOGMyN2NjZTgyNGI1YTU4NTgyMmIwZGFkZjMxOGVmOThjOWI5MmI5ODVmNGZmZmQ,,,https://static.bihr.pro/eBihr/Pictures/JMP-pictures.zip,Spain Warehouse (Parts)
1052076,89401001,7223373,JMP,JMP SET OF STEERING TOOLS KIT,Kit de montaje/desmontaje cazoletas de dirección,363.00,300.00,240.00,4043981024982,1,3926909790,0,1,"Para cambiar rodamientos de rodillos en la base del tubo de dirección. Encaja con diámetros de: 35, 40, 44, 46, 46,2, 46,9 y 50,2 mm","Para cambiar rodamientos de rodillos en la base del tubo de dirección. Encaja con diámetros de: 35, 40, 44, 46, 46,2, 46,9 y 50,2 mm",TOOLING & WS,TOOLING,TOOLING CHASSIS,12323,4546,446,307,90,,,,,,,,,,https://api.mybihr.com/medias/1052076-1-800Wx800H?context=bWFzdGVyfHJvb3R8OTE3NjN8aW1hZ2UvanBlZ3xhRGhtTDJoaU9TODRPVEkzTmpVME9EQTFOVE0wTHpFd05USXdOell0TVY4NE1EQlhlRGd3TUVnfDlhOWRkNzc3ODU2ZDgxMmEwMzUwZGUxZDc2MmU4MTg3NDBjOTgxNWU2YzQyMzY5MWNjODI1ZmYwZDJkOTZhNTY,,,https://static.bihr.pro/eBihr/Pictures/JMP-pictures.zip,Spain Warehouse (Parts)
1052101,57000001,722.35.18,JMP,JMP RUBBER TIP FOR BLEEDER 89402004,Boquilla de repuesto JMP purga de freno 89402004,15.97,13.20,8.58,4043981169560,0,4016995790,0,1,"<html> <head> <meta http-equiv=""Content-Type"" content=""text/html; charset=utf-8""><title> </title> <style type=""text/css"">.cs95E872D0{text-align:left;margin:0pt 0pt 0pt 0pt;}.csA7555675{color:#000;background-color:transparent;font-weight:normal;font-style:normal;}</style> </head> <body> <p>Replacement rubber tip for bleeder 89402004</p></body> </html>","       Replacement rubber tip for bleeder 89402004 ",TOOLING & WS,TOOLING,TOOLING CHASSIS,71,5,89,42,19,,,,,,,,,,https://api.mybihr.com/medias/1052101-1-800Wx800H?context=bWFzdGVyfHJvb3R8MzIwMzJ8aW1hZ2UvanBlZ3xhRFJtTDJnM1l5ODRPVEkzTmpVMk5UYzFNREEyTHpFd05USXhNREV0TVY4NE1EQlhlRGd3TUVnfGYzZDU3OTU3YTg2NDZjZTcxOGQ2MTNmOWRiM2M4MGY4NTUxMmNiMGNhOTUzNGYwZDU3MzRlY2M4OTM4NTIwNGY,,,https://static.bihr.pro/eBihr/Pictures/JMP-pictures.zip,Spain Warehouse (Parts)
1052090,89401010,7225972,JMP,"JMP NUT SOCKET ØINT 30MM ØEXT 43,2MM","Vaso almenado cilíndrico para eje oscillante/chasis JMP Øint30mm /Øext43,2mm 4 muescas Suzuki",33.03,27.30,21.84,7225972,1,8714109090,0,1,Llaves de vaso para apretar o aflojar tuercas del basculante o del chasis,Llaves de vaso para apretar o aflojar tuercas del basculante o del chasis,TOOLING & WS,TOOLING,TOOLING CHASSIS,146,166,54,60,45,,,,,por unidad,,4,,,https://api.mybihr.com/medias/1052090-1-800Wx800H?context=bWFzdGVyfHJvb3R8NTYwODJ8aW1hZ2UvanBlZ3xhRFZtTDJobE5TODRPVFV6T1RJek1EYzJNVEkyTHpFd05USXdPVEF0TVY4NE1EQlhlRGd3TUVnfGU5NWEzYjBhMWQ1NjE0MDNiOTU0ZDQxZDU5NWY5YTdlMjYyODFmOTNjYjljNjJkZDZiNDRlNjViZDI5ZmVkNzM,https://api.mybihr.com/medias/1052090-2-800Wx800H?context=bWFzdGVyfHJvb3R8NjUwNDV8aW1hZ2UvanBlZ3xhRGt3TDJoa1pTODRPVFV6T1RJek1qY3lOek0wTHpFd05USXdPVEF0TWw4NE1EQlhlRGd3TUVnfGI5ODM0YTk3MzAwODdiODBiNTE1NWE0YWU2M2ViZWFkZGU0NzE1MzIxYWIzMjg3ZTdkN2VmNGI5ZGYzNjgwN2I,https://api.mybihr.com/medias/1052090-3-800Wx800H?context=bWFzdGVyfHJvb3R8NjQ2MDF8aW1hZ2UvanBlZ3xhR1F5TDJoa055ODRPVFV6T1RJek5EWTVNelF5THpFd05USXdPVEF0TTE4NE1EQlhlRGd3TUVnfDc4ZDk4NThkM2RlZDY0NGE4NTY1NmFiMDIxNWNlMTRjNDNkMTM5Yjk2ZGE3ZmNhNjI1N2NkMDBiNGFhOWQ1NDQ,https://static.bihr.pro/eBihr/Pictures/JMP-pictures.zip,Spain Warehouse (Parts)
1052091,89404032,7226020,JMP,"JMP NUT SOCKET ØINT 35,5MM ØEXT 42,3MM",Vaso de tapón de horquilla JMP Ohlins/WP,60.50,50.00,40.00,7226020,1,8714109090,0,1,"Llave de vaso para apretar o aflojar tuercas autoblocantes del cubo de embrague, chasis u otras partes. 			Diámetro interior: 35,5 mmDiámetro exterior: 42,3 mm""""""""","Llave de vaso para apretar o aflojar tuercas autoblocantes del cubo de embrague, chasis u otras partes. 			Diámetro interior: 35,5 mmDiámetro exterior: 42,3 mm""""""""",TOOLING & WS,TOOLING,TOOLING CHASSIS,819,210,196,76,55,,,,,,,,,,https://api.mybihr.com/medias/1052091-1-800Wx800H?context=bWFzdGVyfHJvb3R8NzkwOTR8aW1hZ2UvanBlZ3xhR05oTDJoaU1TODRPVE01TlRjeU5UVTVPVEF5THpFd05USXdPVEV0TVY4NE1EQlhlRGd3TUVnfGMzNjUzN2EzOTc1MTk2YzFiYTkxMmNkYjU3ZDc2YWE5OGMwNTIwZDcwNzdiZWNhYWIyN2EwMzZmZTRiYTgyYjY,,,https://static.bihr.pro/eBihr/Pictures/JMP-pictures.zip,Spain Warehouse (Parts)
1052095,89401009,7228060,JMP,"JMP NUT SOCKET ØINT 28,5MM ØEXT 37MM","Vaso almenado cilíndrico para eje oscillante/chasis JMP Øint28,5mm /Øext37mm 4 muescas Kawasaki",24.50,20.25,16.20,7228060,1,8714109090,0,1,Llaves de vaso para apretar o aflojar tuercas del basculante o del chasis,Llaves de vaso para apretar o aflojar tuercas del basculante o del chasis,TOOLING & WS,TOOLING,TOOLING CHASSIS,534,158,107,96,52,,,,,por unidad,,4,,,https://api.mybihr.com/medias/1052095-1-800Wx800H?context=bWFzdGVyfHJvb3R8NTY3OTB8aW1hZ2UvanBlZ3xhRGhtTDJobU15ODRPVEF5TWprek1EWXhOall5THpFd05USXdPVFV0TVY4NE1EQlhlRGd3TUVnfDY4MzA3ZTljMzJmZjI5MTUwNmI5ODc2NGZmODdiOTYxODFiYzIxMmIzY2M1NTE4Nzg4OTllMmRkODMyZWM5ZWU,https://api.mybihr.com/medias/1052095-2-800Wx800H?context=bWFzdGVyfHJvb3R8NjU5MDl8aW1hZ2UvanBlZ3xhRFJrTDJobVlTODRPVEF5TWprek1qVTRNamN3THpFd05USXdPVFV0TWw4NE1EQlhlRGd3TUVnfGIwZmZlMDMxNjgxODBhMzVhNzAzNmE4MzAwODBkMThiMDZlODhjMzc3YmNkYTljODNjNTY2YjM1ZmQ4ZTM1MzI,,https://static.bihr.pro/eBihr/Pictures/JMP-pictures.zip,Spain Warehouse (Parts)
1052096,89401008,7228128,JMP,"JMP NUT SOCKET ØINT 41MM ØEXT 48,5MM","Vaso almenado cilíndrico para columna de dirección JMP Øint41mm /Øext48,5mm 4 muescas Honda",45.01,37.20,29.76,7228128,1,8714109090,0,1,Permite apretar o aflojar las tuercas del tubo de dirección.,Permite apretar o aflojar las tuercas del tubo de dirección.,TOOLING & WS,TOOLING,TOOLING CHASSIS,690,323,75,76,121,,,,,por unidad,,4,,,https://api.mybihr.com/medias/1052096-1-800Wx800H?context=bWFzdGVyfHJvb3R8NDg0MDh8aW1hZ2UvanBlZ3xhR1JrTDJnNE9TODRPVEkzTmpVMk1UZ3hOemt3THpFd05USXdPVFl0TVY4NE1EQlhlRGd3TUVnfGI2ZjA3ZDAxYjEwODg2Mzg4MTdlZDViMDlmZWZjNDgwYmVjZDM5OTljYTAwZmIzODM4M2ZlZGY4NmJlMjZjY2E,https://api.mybihr.com/medias/1052096-2-800Wx800H?context=bWFzdGVyfHJvb3R8NjUxNjd8aW1hZ2UvanBlZ3xhREZtTDJnNE15ODRPVEkzTmpVMk16YzRNems0THpFd05USXdPVFl0TWw4NE1EQlhlRGd3TUVnfDUwYTg1OTI2MTc4YTExMTE2NWIxZmFjZWU3YTBkMWFlZjljYzFmMzkyMDc4MDUyNzRhYjA4MTk3NzhhYjM3YzQ,,https://static.bihr.pro/eBihr/Pictures/JMP-pictures.zip,Spain Warehouse (Parts)
1052097,89401011,7228129,JMP,JMP NUT SOCKET ØINT 34MM ØEXT 43MM,Vaso almenado cilíndrico para eje oscillante/chasis JMP Øint34mm /Øext43mm 4 muescas Kawasaki,34.00,28.10,22.48,7228129,1,8714109090,0,1,Llaves de vaso para apretar o aflojar tuercas del basculante o del chasis,Llaves de vaso para apretar o aflojar tuercas del basculante o del chasis,TOOLING & WS,TOOLING,TOOLING CHASSIS,539,218,113,106,45,,,,,por unidad,,4,,,https://api.mybihr.com/medias/1052097-1-800Wx800H?context=bWFzdGVyfHJvb3R8MzcyNzR8aW1hZ2UvanBlZ3xhREF5TDJoa01TODRPVFV6T1RJek5qWTFPVFV3THpFd05USXdPVGN0TVY4NE1EQlhlRGd3TUVnfGYwMGQ1ZGUxZDk4MDc4ZDQxZDM3YmM3MDk1ZDE2NmQ2YTlhNzRjMDc2Zjk3YWI5MWMzYjVlNWJjNTkyZTc0YjM,https://api.mybihr.com/medias/1052097-2-800Wx800H?context=bWFzdGVyfHJvb3R8NjY0NjV8aW1hZ2UvanBlZ3xhRE15TDJoallTODRPVFV6T1RJek9EWXlOVFU0THpFd05USXdPVGN0TWw4NE1EQlhlRGd3TUVnfDU1MTNhNzRhNjI4ODhkMDQ5YjlkYjcyZjJhZWU2ZTJlZTQ1NGZlNzYxNDEwYzFiN2YwMzFiYjBlOTQ0MjI1MTU,,https://static.bihr.pro/eBihr/Pictures/JMP-pictures.zip,Spain Warehouse (Parts)
1052072,89403008,7222417,JMP,JMP NUT SOCKET FOR WHEEL AXLE NUT,Llave de vaso JMP 1/2'' Ø30mm 6 puntos,31.46,26.00,20.80,7222417,1,8714109090,0,1,Tuerca para eje de rueda Para Ducati,Tuerca para eje de rueda Para Ducati,TOOLING & WS,TOOLING,TOOLING CHASSIS,419,61,122,101,34,,,,,,,,,,https://api.mybihr.com/medias/1052072-1-800Wx800H?context=bWFzdGVyfHJvb3R8MTU3MzgyfGltYWdlL2pwZWd8YURNekwyZ3dOQzg0T1RJME9UUTFNVEl4TXpFd0x6RXdOVEl3TnpJdE1WODRNREJYZURnd01FZ3xlOWJkYjFmMWQzNDVkNTMzYzE4OGI5MzNmNjRiZDAyZmMwOTY0MGY4NzAzNDM5MmVmOTE3MTcwZjFkNTRhOTEy,,,https://static.bihr.pro/eBihr/Pictures/JMP-pictures.zip,Spain Warehouse (Parts)
1052080,,7224504,JMP,JMP NUT SOCKET ØINT 22MM,Llave de tapon de horquilla Ø22mm 3 / 8,24.20,20.00,16.00,4043981036022,0,8714109090,0,1,"<html> <head> <meta http-equiv=""Content-Type"" content=""text/html; charset=utf-8""><title> </title> <style type=""text/css"">.cs95E872D0{text-align:left;margin:0pt 0pt 0pt 0pt;}.csA7555675{color:#000;background-color:transparent;font-weight:normal;font-style:normal;}.cs4FC7BF42{text-align:left;margin:0pt 0pt 0pt 0pt;list-style-type:disc;color:#000;background-color:transparent;font-weight:normal;font-style:normal;}</style> </head> <body> <p>Spanner Socket with 4 nipples for disassembly of KTM fork caps.</p><p> </p><ul> <li>Square Drive of 3/8"" or 22mm wrench</li></ul> <p> </p><p>Also suitable for Honda CR250R</p></body> </html>","       Spanner Socket with 4 nipples for disassembly of KTM fork caps.  Square Drive of 3/8"" or 22mm wrench  Also suitable for Honda CR250R ",TOOLING & WS,TOOLING,TOOLING CHASSIS,381,281,117,88,37,,,,,,,,,3/8',https://api.mybihr.com/medias/1052080-1-800Wx800H?context=bWFzdGVyfHJvb3R8NjgxODF8aW1hZ2UvanBlZ3xhRFl3TDJnek1pODRPRFk0TURJME5UUTVOREEyTHpFd05USXdPREF0TVY4NE1EQlhlRGd3TUVnfDU5NTkxMDY0ZmM4NmM5MDdhYTlhZjg1NTQ3ZTA3MWZkNGRjYTkzNzA5M2UwMjEyYTE3MWZiMmQyY2U0Zjc2Nzc,,,https://static.bihr.pro/eBihr/Pictures/JMP-pictures.zip,Spain Warehouse (Parts)
1052087,89403011,7225238,JMP,JMP SOCKET 46MM WHEEL AXLE,Llave de vaso JMP 3/4'' Ø46mm 6 puntos & 12 puntos,79.01,65.30,52.24,4043981068672,1,8714109090,0,1,Llave de vaso para eje rueda Para Ducati y Triumph,Llave de vaso para eje rueda Para Ducati y Triumph,TOOLING & WS,TOOLING,TOOLING CHASSIS,488,223,73,76,88,,,,,,,,,,https://api.mybihr.com/medias/1052087-1-800Wx800H?context=bWFzdGVyfHJvb3R8Mjk4NzUyfGltYWdlL2pwZWd8YURKaEwyZ3hNQzg0T1RJME9UUTFOekV4TVRNMEx6RXdOVEl3T0RjdE1WODRNREJYZURnd01FZ3w1MDcyNjVhOTU3MTliODhlMjk0ZTQ1NzMwNmMwYTM5NzUzYzdkMWM2MDcwMGU3MTM0MmUyYjcxYjNlZDFhYzdm,,,https://static.bihr.pro/eBihr/Pictures/JMP-pictures.zip,Spain Warehouse (Parts)
1052092,89403015,7226160,JMP,JMP SET OF 5 SOCKET WHEEL AXLE NUT,Maleta de 5 llaves de vaso para tuerca de rueda universal JMP 28-55mm,279.99,231.40,185.12,7226160,1,8714109090,0,1,"Kit de 5 llaves de vaso con diseño y características específicas para tuercas de ejes de rueda. Incluye: 			Llave de 1/2"""""""""""""""", con 28 mm de diámetro y 12 caras, para DucatiLlave de 1/2"""""""""""""""", con 30 mm de diámetro y 6 caras, para DucatiLlave de 1/2"""""""""""""""", con dos diámetros (28 mm, con 6 caras, y 55 mm, con 12 caras), para DucatiLlave de 1/2"""""""""""""""", con 41 mm de diámetro, con 6 y 12 caras, para Ducati, Triumph...Llave de 1/2"""""""""""""""", con 46 mm de diámetro, con 6 y 12 caras, para Ducati, Triumph...		 """"""""","Kit de 5 llaves de vaso con diseño y características específicas para tuercas de ejes de rueda. Incluye: 			Llave de 1/2"""""""""""""""", con 28 mm de diámetro y 12 caras, para DucatiLlave de 1/2"""""""""""""""", con 30 mm de diámetro y 6 caras, para DucatiLlave de 1/2"""""""""""""""", con dos diámetros (28 mm, con 6 caras, y 55 mm, con 12 caras), para DucatiLlave de 1/2"""""""""""""""", con 41 mm de diámetro, con 6 y 12 caras, para Ducati, Triumph...Llave de 1/2"""""""""""""""", con 46 mm de diámetro, con 6 y 12 caras, para Ducati, Triumph...		 """"""""",TOOLING & WS,TOOLING,TOOLING CHASSIS,2195,948,242,162,56,,,,,,,,,,https://api.mybihr.com/medias/1052092-1-800Wx800H?context=bWFzdGVyfHJvb3R8NDUyODF8aW1hZ2UvanBlZ3xhREUwTDJoaE5TODRPVEF5TWpreU9EWTFNRFUwTHpFd05USXdPVEl0TVY4NE1EQlhlRGd3TUVnfDUyODBhMzQ3YTlmZjgzZWNlMGQ3Y2E5YWY0OThlYzZjZWEwZTdlNGI5MDU3NDQxMjQwYzM0YjdkMjQwMzgyZjU,,,https://static.bihr.pro/eBihr/Pictures/JMP-pictures.zip,Spain Warehouse (Parts)
1052765,52400016,724.03.06,JMP,JMP FUEL FILT Ø7MM DUCATI,Filtro de gasolina JMP Ø7mm,7.02,5.80,3.77,4043981182767,20,8421230090,0,1,,,TOOLING & WS,CONSUMABLE,CONS. CONSUMABLE,356,39,66,98,55,,,,,,,,,,,,,https://static.bihr.pro/eBihr/Pictures/JMP-pictures.zip,Spain Warehouse (Parts)
1052767,89170039,724.06.90,JMP,JMP FUEL FILT Ø11MM HONDA,Filtro de gasolina JMP Ø11mm Honda,7.50,6.20,4.03,724.06.90,43,8421230090,0,1,,,TOOLING & WS,CONSUMABLE,CONS. CONSUMABLE,176,23,110,40,40,,,,,,,,,,https://api.mybihr.com/medias/1052767-1-800Wx800H?context=bWFzdGVyfHJvb3R8MjMwMzl8aW1hZ2UvanBlZ3xhR1ExTDJnME1TODRPVE0xTWpBMU5EY3dNak00THpFd05USTNOamN0TVY4NE1EQlhlRGd3TUVnfGMyNjFjMjE2ZjVhZDcwYWNlY2Y5MjI2ZGRlOTllM2IyOTQ4OTkzYTY5ZWZjZmE1NDc1ZTc0OWU0NThkNWQyZDg,,,https://static.bihr.pro/eBihr/Pictures/JMP-pictures.zip,Spain Warehouse (Parts)
1052769,52400021,724.09.71,JMP,JMP FUEL FILT Ø8MM MOTO GUZZI,Filtro de gasolina Mähle Moto Guzzi Ø8mm KL150,13.99,11.56,7.51,52400021,5,8421230090,0,1,,,TOOLING & WS,CONSUMABLE,CONS. CONSUMABLE,207,47,51,81,50,,,,,,,,,,https://api.mybihr.com/medias/800Wx800H-1052769-1.jpg?context=bWFzdGVyfHJvb3R8MTM3ODR8aW1hZ2UvanBlZ3xhRGRqTDJnNVlpOHpNekV6TVRjMU16a3pNRGM0TWk4NE1EQlhlRGd3TUVoZk1UQTFNamMyT1MweExtcHdad3w1YjJkZjgyNzQ4YTA1YWU5ZGY2MGFmYmVlZTY2MzBhYjkzNWE5NTE2MWVkMTUxN2Y3YTE0N2MzYWM1NGI0NmJk,,,https://static.bihr.pro/eBihr/Pictures/JMP-pictures.zip,Spain Warehouse (Parts)
1052771,52400019,724.16.63,JMP,JMP FUEL FILT DELLORTO PIAGGIO/VESPA,Filtro de gasolina Dellorto Aprilia/Piaggio/Derbi/Gilera,4.99,4.12,2.68,724.16.63,10,8421230090,0,1,,,TOOLING & WS,CONSUMABLE,CONS. CONSUMABLE,2,5,20,20,5,,,,,,,,,,https://api.mybihr.com/medias/1052771-1-800Wx800H?context=bWFzdGVyfHJvb3R8NDEzMjN8aW1hZ2UvanBlZ3xhR1l4TDJnMk1DODRPVEkwT1RVM01URTBNems0THpFd05USTNOekV0TVY4NE1EQlhlRGd3TUVnfGNlNDMzMmQxYjNhZmQ0ZmQ2YjJmYmRhOTRhZDQ1OTBjYWZhYjM3YmY0ZTM3ODc4ODM5MzUyODZjMWRmY2EwNmM,,,https://static.bihr.pro/eBihr/Pictures/JMP-pictures.zip,Spain Warehouse (Parts)
1052774,52400023,724.90.71,JMP,JMP FUEL FILT UNIVERSAL ALUMINIUM BLACK,Filtro de gasolina JMP aluminio Ø8mm universal,21.54,17.80,11.57,4043981009859,0,8421230090,0,1,"<p>Filtro de gasolina universal de aluminio negro con conexiones de Ø8mm.</p>
<p>Este filtro se puede desmontar para su limpieza.</p>","
Filtro de gasolina universal de aluminio negro con conexiones de Ø8mm.

Este filtro se puede desmontar para su limpieza.",TOOLING & WS,CONSUMABLE,CONS. CONSUMABLE,95,47,31,96,32,,,,,,,,,,https://api.mybihr.com/medias/800Wx800H-1052774-1.JPG?context=bWFzdGVyfHJvb3R8MjIwNDE3fGltYWdlL2pwZWd8YURNNUwyaGxaaTgxTVRZMU9ERTVOelEyTnpFMk5pODRNREJYZURnd01FaGZNVEExTWpjM05DMHhMa3BRUnd8MDJiYTIyODU0MTAwNjQ3Njc2YTZhYTQ4MjNhMDM5NWI3NGQwMzk0ZmIwM2Y3ZjdiZDgwNzY3YjEyZmYwMDEwMQ,https://api.mybihr.com/medias/800Wx800H-1052774-2.JPG?context=bWFzdGVyfHJvb3R8Mjc0NzgwfGltYWdlL2pwZWd8YURrNEwyaGxNUzgxTVRZMU9ERTVOemcyTURNNE1pODRNREJYZURnd01FaGZNVEExTWpjM05DMHlMa3BRUnd8MjBlNzkzNzgxZGM5MzY4YWI5NmY1Mzc2YTZjM2E4MTE3YzBhODM4ZDIyYjc2ZGJmYWUwYTg1Y2E3MzVhMWIwOA,,https://static.bihr.pro/eBihr/Pictures/JMP-pictures.zip,Spain Warehouse (Parts)
1052759,52400014,312.16.54,JMP,JMP FUEL FILT KL26,Filtro de gasolina MAHLE KL26 universal Ø5mm,7.26,6.00,3.90,312.16.54,43,8421230090,0,1,<p>Filtro de gasolina universal con conexiones de Ø5mm.</p>,"
Filtro de gasolina universal con conexiones de Ø5mm.",TOOLING & WS,CONSUMABLE,CONS. CONSUMABLE,10,10,50,20,10,,,,,,,,,,https://api.mybihr.com/medias/800Wx800H-1052759-1.jpg?context=bWFzdGVyfHJvb3R8NzE5Njh8aW1hZ2UvanBlZ3xhREJoTDJneFppODFNVFkxT0RFNU9UTTJOemN4TUM4NE1EQlhlRGd3TUVoZk1UQTFNamMxT1MweExtcHdad3wxYjdhN2M4MzIzZDE2NDFjNGY1ZTE5NDk4NDBkOGYwMGM4MDQ0YTE0OWRkOTU1NDM4ZjdjNDU1MWIyMzI0OTc2,,,https://static.bihr.pro/eBihr/Pictures/JMP-pictures.zip,Spain Warehouse (Parts)
1052762,52400018,724.02.57,JMP,JMP FUEL FILT KL315 BMW G 650,Filtro de gasolina Mähle BMW G650 Ø8mm KL315,34.49,28.50,18.53,4009026933237,2,8421230090,0,1,<p>Filtro de gasolina JMP</p><p>Diámetro del racor: 8 mm</p>,"
Filtro de gasolina JMP
Diámetro del racor: 8 mm",TOOLING & WS,CONSUMABLE,CONS. CONSUMABLE,323,95,90,63,57,,,,,,,,,,https://api.mybihr.com/medias/1052762-1-800Wx800H?context=bWFzdGVyfHJvb3R8NTYxMDJ8aW1hZ2UvanBlZ3xhR0UwTDJnNVpDODRPVFEyTURnME56UXhNVFV3THpFd05USTNOakl0TVY4NE1EQlhlRGd3TUVnfDkwYWFkZmU3MDJkNzlkZThhODhmMzQwYzcyMWM0NDI5NGFkMjhiZDJkMGZlNTRhNjMxMzY5MTZkYWFiYTMxYTg,,,https://static.bihr.pro/eBihr/Pictures/JMP-pictures.zip,Spain Warehouse (Parts)
1052763,52400017,724.03.03,JMP,JMP FUEL FILT Ø8MM MOTO GUZZI/DUCATI,Filtro de gasolina Mähle Ø8mm,52.01,42.98,27.94,4009026104323,1,8421230090,0,1,,,TOOLING & WS,CONSUMABLE,CONS. CONSUMABLE,588,136,178,58,57,,,,,,,,,,https://api.mybihr.com/medias/800Wx800H-1052763-1.jpg?context=bWFzdGVyfHJvb3R8MTQ3OTZ8aW1hZ2UvanBlZ3xhREZqTDJoaE9TOHpNekV6TVRjMU16VXpOelUyTmk4NE1EQlhlRGd3TUVoZk1UQTFNamMyTXkweExtcHdad3w2ZDk0MWM0NWE0OGFkODIwMDk1NWIwMDM2N2UxMGM0NGE2MTJjNzhkOTVjYjQ4MDNiYjBmMmQ4MGEwZjJiMDM1,,,https://static.bihr.pro/eBihr/Pictures/JMP-pictures.zip,Spain Warehouse (Parts)
1052764,52400022,724.03.05,JMP,JMP FUEL FILT Ø6MM DUCATI,Filtro de gasolina JMP Ø6mm Ducati,7.02,5.80,3.77,4043981182750,12,8421230090,0,1,,,TOOLING & WS,CONSUMABLE,CONS. CONSUMABLE,387,38,66,103,57,,,,,,,,,,,,,https://static.bihr.pro/eBihr/Pictures/JMP-pictures.zip,Spain Warehouse (Parts)
1052766,89170037,724.06.33,JMP,JMP FUEL FILT Ø7MM HONDA,Filtro de gasolina JMP Ø7mm Honda,9.85,8.14,5.29,724.06.33,21,8421230090,0,1,,,TOOLING & WS,CONSUMABLE,CONS. CONSUMABLE,239,21,95,63,40,,,,,,,,,,https://api.mybihr.com/medias/1052766-1-800Wx800H?context=bWFzdGVyfHJvb3R8MzA2MDl8aW1hZ2UvanBlZ3xhR0ppTDJobU1pODRPVEF5TXpNM05EazFNRGN3THpFd05USTNOall0TVY4NE1EQlhlRGd3TUVnfDExN2VjMjM5ZWY1NDE4ZTY3YmM5ZGM5ZjY3NDkyOGI1ZWQ5NjI3MjY0NmY2NDM2NWYxYTQzNDAzMzNhMTBiNTI,,,https://static.bihr.pro/eBihr/Pictures/JMP-pictures.zip,Spain Warehouse (Parts)
1052768,89170038,724.07.08,JMP,JMP FUEL FILT Ø9MM KAWASAKI/YAMAHA,Filtro de gasolina JMP Ø9mm Kawasaki / Yamaha,7.88,6.51,4.23,4043981259568,47,8421230090,0,1,,,TOOLING & WS,CONSUMABLE,CONS. CONSUMABLE,252,20,140,90,20,,,,,,,,,,https://api.mybihr.com/medias/1052768-1-800Wx800H?context=bWFzdGVyfHJvb3R8MjMwMzl8aW1hZ2UvanBlZ3xhR1EzTDJnNU5TODRPRFk0TWpFNU9EUTJOamcyTHpFd05USTNOamd0TVY4NE1EQlhlRGd3TUVnfDcyYTFmMjJmMjM1Yjg2ZGFiNjU1OTA2YmJkMzliZGU4ZTJiZjFhMjk0NGE5OWQ4ZjMxN2MyMGFlNjI1NDlhZGQ,,,https://static.bihr.pro/eBihr/Pictures/JMP-pictures.zip,Spain Warehouse (Parts)
1052770,52400025,724.16.15,JMP,JMP FUEL FILT DUCATI/BETA/KTM,Filtro de gasolina MAHLE KL97 Off Road KTM,41.49,34.29,22.29,724.16.15,8,8421230090,0,1,"<p>Filtro gasolina con toma de conexión Ø8mm. Indicado para todos los modelos Off Road KTM, Husqvarna y Gas Gas de inyección.</p>","
Filtro gasolina con toma de conexión Ø8mm. Indicado para todos los modelos Off Road KTM, Husqvarna y Gas Gas de inyección.",TOOLING & WS,CONSUMABLE,CONS. CONSUMABLE,77,11,33,73,32,,,,,,,,,,https://api.mybihr.com/medias/800Wx800H-1052770-1.jpg?context=bWFzdGVyfHJvb3R8MTYyOTE0fGltYWdlL2pwZWd8YUdKakwyaGhZeTgxTVRZeU5UWTJNVEEzTVRNNU1DODRNREJYZURnd01FaGZNVEExTWpjM01DMHhMbXB3Wnd8NGMzNWFiNjQ2ZGJhOTE2N2M0ZDg0NTAyYTlhMjhlMzZmMGEwYzdhMWQ4MTY3ZTcyYjhjMDg1ZWU3ZmUyNTNmYg,,,https://static.bihr.pro/eBihr/Pictures/JMP-pictures.zip,Spain Warehouse (Parts)
