PartNumber,OldPartNumber,SupplierProductCode,Brand,ProductName,Designation,RetailPriceIncludingTax,RetailPriceExcludingTax,BaseDealerPriceExcludingTax,BarCode,StockValue,CommodityCode,OnDemand,DropShipping,HtmlDescription,Description,Category1,Category2,Category3,Volume (cm³),Weight (g),Length (mm),Width (mm),Height (mm),Ángulo ( ° ),BCD (Mm),Color,Composición,Diámetro dirección Ø (mm),Diámetro Ø (mm),Dientes,Longitud (mm),Material de plato,Peso (g),Uso recomendado,Velocidades,Picture1,Picture2,Picture3,Picture4,Picture5,Picture6,Picture7,Picture8,AllPicturesZIP,Document1,DeliveryPlant
1116982,,RAS-217-110,CONTROLTECH,CTECH ONE ±17° DROP STEM 110MM,Potencia para bicicleta ±17° CONTROLTECH One - 110 mm,32.00,26.45,6.64,RAS-217-110,8,8714999089,0,1,"<ul>
<li>Material: AL6061</li>
<li>Manillar &Oslash;: 31.8mm</li>
<li>Direcci&oacute;n &Oslash;: 28.6mm</li>
<li>Longitud: 110mm</li>
<li>Inclinaci&oacute;n: +/- 17&deg; </li>
<li>Peso: 145g (110mm)</li>
</ul>","
Material: AL6061
Manillar Ø: 31.8mm
Dirección Ø: 28.6mm
Longitud: 110mm
Inclinación: +/- 17° 
Peso: 145g (110mm)
",VEHICLE PARTS & ACCESSORIES,BICYCLE PARTS & ACCESSORIES,BICYCLE PARTS,1395,176,250,124,45,,,,,,,,,,,Carretera & MTB,,https://api.mybihr.com/medias/1116982-1-800Wx800H?context=bWFzdGVyfHJvb3R8MTUwODkwfGltYWdlL2pwZWd8YUROaEwyaGlNQzh5TmpnNU1EazVPVFE1Tmpjek5DOHhNVEUyT1RneUxURmZPREF3VjNnNE1EQkl8OTRkNDM4ZDViMDJhYzMxZjgwN2E4YTk2M2RjYzY1ODE1N2M5ZTIyNDI5ODkxZjMxNjBhZmQ3NDQzMDEyZmVmMg,,,,,,,,https://static.bihr.pro/eBihr/Pictures/CONTROLTECH-pictures.zip,https://api.mybihr.com/medias/Controltech-RAS217-manual.pdf?context=bWFzdGVyfHJvb3R8NTkwMTQ3N3xhcHBsaWNhdGlvbi9wZGZ8YURZeUwyZ3dNeTh4TmpjMU1UQTVNRFUyTlRFMU1DOURiMjUwY205c2RHVmphQzFTUVZNeU1UY3RiV0Z1ZFdGc0xuQmtaZ3xhNmFlZTNkZThhNDQ4MjYxZjVhNGJhYTRmYTgwMmEwODIxNGI4MGY2ZWFkN2QwOGU5MWJmMDk2YzJmMzlkM2Y0,Spain Warehouse (Parts)
1116970,,ATB-312-800,CONTROLTECH,CTECH LYNX 31.8 EI BAR 800MM,Manillar de bicicleta CONTROLTECH Lynx EI 800mm,219.00,180.99,54.00,ATB-312-800,3,8714999089,0,1,"<ul>
<li>Material: Carbon</li>
<li>Diam&egrave;tre &Oslash;: 31.8mm</li>
<li>Anchura: 800mm</li>
<li>Elevaci&oacute;n: 8mm</li>
<li>Apertura: 6&deg;</li>
<li>Peso: 185g ( 800mm)</li>
<li>ZEDLER PASS</li>
</ul>","
Material: Carbon
Diamètre Ø: 31.8mm
Anchura: 800mm
Elevación: 8mm
Apertura: 6°
Peso: 185g ( 800mm)
ZEDLER PASS
",VEHICLE PARTS & ACCESSORIES,BICYCLE PARTS & ACCESSORIES,BICYCLE PARTS,8153,288,804,169,60,,,,,,,,,,,E-Bike,,https://api.mybihr.com/medias/1116970-1-800Wx800H?context=bWFzdGVyfHJvb3R8Mjc2NDF8aW1hZ2UvanBlZ3xhR1UxTDJnNU5DOHlOamc1TURrNU5ERTRPRE14T0M4eE1URTJPVGN3TFRGZk9EQXdWM2c0TURCSXw5MDIxOWQ1MmFkYzIyZTQwMDhhYjM3YzhkZWEwYmYzNjM1OTdiZTIyOGNlOTM5OWI3MWE3OTNhZGIwNDViZGRh,https://api.mybihr.com/medias/1116970-2-800Wx800H?context=bWFzdGVyfHJvb3R8MzAxMzR8aW1hZ2UvanBlZ3xhR0kwTDJnNVlpOHlOamc1TURrNU5ETTRORGt5Tmk4eE1URTJPVGN3TFRKZk9EQXdWM2c0TURCSXxmYTUzMGIzMzhkMzY4ZTk5NTA3NTZmNzJhYWQ2ODJiZGNmM2VkYzliNTIyYjFjZjZiMjQzZTMyMjUyNGNjN2Ji,https://api.mybihr.com/medias/1116970-3-800Wx800H?context=bWFzdGVyfHJvb3R8MjkwMzR8aW1hZ2UvanBlZ3xhRGd6TDJoaE5TOHlOamc1TURrNU5EWTBOekEzTUM4eE1URTJPVGN3TFROZk9EQXdWM2c0TURCSXw3MmE1NDg5NDY5NzM3NmM4ZTc3NjZkN2NkYmQ1NjNjMDE5YTQ4NzBhNzVhNDhjYmY2NTIyOGNmNmZlODU1MmI0,https://api.mybihr.com/medias/1116970-4-800Wx800H?context=bWFzdGVyfHJvb3R8NzMwNzB8aW1hZ2UvanBlZ3xhR05tTDJobVlTOHlOamc1TURrNU5UQTBNREk0Tmk4eE1URTJPVGN3TFRSZk9EQXdWM2c0TURCSXwxNWFlZGYxMDI5NTQ5Nzk5ODM3MzJmOGMxOTBmZjZkN2EzNjY5OWNmM2M5YzZiNzk5ZTM2YmRjOTEwZDE1MTU0,https://api.mybihr.com/medias/1116970-5-800Wx800H?context=bWFzdGVyfHJvb3R8NDk5Nzl8aW1hZ2UvanBlZ3xhR0V5TDJobU55OHlOamc1TURrNU5UUXpNelV3TWk4eE1URTJPVGN3TFRWZk9EQXdWM2c0TURCSXwwODliMjI3YTQ4OWJjOGNiZTNjYThmNzljMjMwNTliOWMwZjE3YzQ3NTE1NjVkZWI0MmNhMjdiMDM3NThkMDIx,,,,https://static.bihr.pro/eBihr/Pictures/CONTROLTECH-pictures.zip,,Spain Warehouse (Parts)
1116916,,THS-01,CONTROLTECH,CTECH TIME ZONE HYDRATION SYSTEM,Sistema de hidratación CONTROLTECH Time Zone,89.00,73.55,28.00,THS-01,15,8714999089,0,1,"<ul>
<li>Material: Hdpe+Pa66-Gf30</li>
<li>Capacidad: 800ml </li>
<li>Talla: L 262x W 71x H 191mm</li>
<li>Peso: 396g</li>
</ul>","
Material: Hdpe+Pa66-Gf30
Capacidad: 800ml 
Talla: L 262x W 71x H 191mm
Peso: 396g
",VEHICLE PARTS & ACCESSORIES,BICYCLE PARTS & ACCESSORIES,BICYCLE PARTS,9578,495,358,273,98,,,,,,,,,,,Triathlon,,https://api.mybihr.com/medias/1116916-1-800Wx800H?context=bWFzdGVyfHJvb3R8NzcyNDF8aW1hZ2UvanBlZ3xhREE0TDJnNE55OHlOamc0TnpZeE9EWXlOVFUyTmk4eE1URTJPVEUyTFRGZk9EQXdWM2c0TURCSXwwOWRkMDM4MGUzNjRiMWZiNTdmZWE0MzdlZjY2YzRhZWIxM2YyYjFjMDI3NjNjZjNmYTEyYTU4ODU4ZGM0ZDY1,https://api.mybihr.com/medias/1116916-2-800Wx800H?context=bWFzdGVyfHJvb3R8NjAwMTV8aW1hZ2UvanBlZ3xhR1E1TDJnNFpDOHlOamc0TnpZeE9EZ3lNakUzTkM4eE1URTJPVEUyTFRKZk9EQXdWM2c0TURCSXw2ZmNmMzk4NDIyOGI0NGMyMzVhZWVjNTAzNzBkYzNlNTU5ZjdlZTI5Zjc0ZmJlMTk1NGMyYzU3ZWRiOWZkZTk5,https://api.mybihr.com/medias/1116916-3-800Wx800H?context=bWFzdGVyfHJvb3R8MTA3ODk1fGltYWdlL2pwZWd8YURReEwyaGtZeTh5TmpnNE56WXhPVEF4T0RjNE1pOHhNVEUyT1RFMkxUTmZPREF3VjNnNE1EQkl8MGYxZDE3Y2E3MWNlOGJjOGNjN2ZjNmE2NzU0MGZmNmZhMDRlMjVhNDBmYzQwZTVkNGZiMDBiOGFmMDgyYmQ0ZQ,https://api.mybihr.com/medias/1116916-4-800Wx800H?context=bWFzdGVyfHJvb3R8NTE5NTd8aW1hZ2UvanBlZ3xhREV5TDJobE15OHlOamc0TnpZeE9USXhOVE01TUM4eE1URTJPVEUyTFRSZk9EQXdWM2c0TURCSXxmMmUyZWVjMDYwMzZlOWMzYTQ0ZjBiZmViNGM5NzQ5MTY0M2FhZDU5NmNmNWQ0MGZlMDQ4ODk0MGI0MDdhZDJi,https://api.mybihr.com/medias/1116916-5-800Wx800H?context=bWFzdGVyfHJvb3R8NTY1ODZ8aW1hZ2UvanBlZ3xhR1V5TDJobE9TOHlOamc0TnpZeE9UUXhNVGs1T0M4eE1URTJPVEUyTFRWZk9EQXdWM2c0TURCSXxmZDc2NTQyY2JhOWEyM2EwYWRiOWZmMzJkOTc4Mzk1NGRlYTIzODcyYmIyYjAwZjY4YjFlMGNkNmIxYWNjYTMx,,,,https://static.bihr.pro/eBihr/Pictures/CONTROLTECH-pictures.zip,,Spain Warehouse (Parts)
1116993,,TTH-15P,CONTROLTECH,CTECH ELBOW PAD FALCON MINI TTH-14,Almohadillas de protección para los codos CONTROLTECH Falcon TT,11.50,9.50,3.00,TTH-15P,25,8714999089,0,1,<p>Almohadillas para los codos para acoples Falcon Mini (S&oacute;lo para TTH-14)</p>,"
Almohadillas para los codos para acoples Falcon Mini (Sólo para TTH-14)",VEHICLE PARTS & ACCESSORIES,BICYCLE PARTS & ACCESSORIES,BICYCLE PARTS,789,38,172,102,45,,,,,,,,,,,Triathlon,,https://api.mybihr.com/medias/1116993-1-800Wx800H?context=bWFzdGVyfHJvb3R8NzE1ODl8aW1hZ2UvanBlZ3xhRGc1TDJneE5DOHlOamc1TVRBd01qQTFNall6T0M4eE1URTJPVGt6TFRGZk9EQXdWM2c0TURCSXwyMDBmODJmNDM0YmU0Yjk1NTk3YjFiM2VlMDM4NTUxZWZkMmMyNTkzMjU1MDVjMWJmYzZkYjNjZGM4ZTA3ZjVj,,,,,,,,https://static.bihr.pro/eBihr/Pictures/CONTROLTECH-pictures.zip,,Spain Warehouse (Parts)
1116941,,CR-49/SHIMANO-53T BC,CONTROLTECH,CTECH ECCENTRIC RING 53T BCD110MM,Plato ovalado CONTROLTECH Shimano 53 dientes,165.00,136.36,41.00,1116941,3,8714999089,0,1,"<ul>
<li>Material: AL7075</li>
<li>Dentado: 53 dientes</li>
<li>BCD: 110</li>
</ul>","
Material: AL7075
Dentado: 53 dientes
BCD: 110
",VEHICLE PARTS & ACCESSORIES,BICYCLE PARTS & ACCESSORIES,BICYCLE PARTS,2569,295,262,258,38,,,,,,,,,Aluminio 7075-T6,,Triathlon,,https://api.mybihr.com/medias/1116941-1-800Wx800H?context=bWFzdGVyfHJvb3R8OTUxOTh8aW1hZ2UvanBlZ3xhRFF5TDJnM1l5OHlOamc0TnpZek5EVTFNRGd4TkM4eE1URTJPVFF4TFRGZk9EQXdWM2c0TURCSXw0MzdmMDhiNWI0OTVhZTRjNjU0MWQzYTY1NjdmNGNiOTgzZjZiMzViMGFkYTI3YmZmYWUwNmYyOWIxYmEzY2M0,,,,,,,,https://static.bihr.pro/eBihr/Pictures/CONTROLTECH-pictures.zip,https://api.mybihr.com/medias/Controltech-Eccentric-Ring-Shimano.pdf?context=bWFzdGVyfHJvb3R8MjMxNDAwOXxhcHBsaWNhdGlvbi9wZGZ8YUdZekwyaGhaaTh4TmpjMU1UVTRPVFU0T1RBeU1pOURiMjUwY205c2RHVmphQzFGWTJObGJuUnlhV010VW1sdVp5MVRhR2x0WVc1dkxuQmtaZ3wwNmFjYzBkYTA0YjljNWE3ZmI1ZTYwNGQ0OGM3ZmM4NmEyYmU3MmNlMmI1ZDZiNDA1MTE4MTRjYmI0MjJmOTVk,Spain Warehouse (Parts)
1116915,,THS-01-B,CONTROLTECH,CTECH TIME ZONE HYDRATION SPARE PART B,Kit B para sistema de hidratación CONTROLTECH Time Zone,33.00,27.27,7.00,THS-01-B,5,8714999089,0,1,"<p>Incluye:</p>
<ul>
<li>Bid&oacute;n (800ml)</li>
<li>Tapa externa</li>
<li>Tapa interna</li>
</ul>","
Incluye:

Bidón (800ml)
Tapa externa
Tapa interna
",VEHICLE PARTS & ACCESSORIES,BICYCLE PARTS & ACCESSORIES,BICYCLE PARTS,3971,205,286,178,78,,,,,,,,,,,Triathlon,,https://api.mybihr.com/medias/800Wx800H-1116915-1.jpg?context=bWFzdGVyfHJvb3R8MTcxOTF8aW1hZ2UvanBlZ3xhRGRrTDJoaE9DOHpOVEV6T1RreU5EYzROekl6TUM4NE1EQlhlRGd3TUVoZk1URXhOamt4TlMweExtcHdad3wyNDM0NjllZWUzNDNjYmQyZmJhOWIxNzYzZTZiM2I1OGNiZWFlYTliMDgxNDI0NWNlZmM2YmNhZGZiZTg2OWRj,https://api.mybihr.com/medias/800Wx800H-1116915-2.jpg?context=bWFzdGVyfHJvb3R8MTg4MDh8aW1hZ2UvanBlZ3xhR001TDJobVpDOHpOVEV6T1RreU5URTRNRFEwTmk4NE1EQlhlRGd3TUVoZk1URXhOamt4TlMweUxtcHdad3w3MzAzMTFjMTdhY2Q0YjVlNDFkZTliMTA3ZTE5MWM2MjlmOGFkNDIxY2E0NDNiYWQ4OGI1NzA2MTk0Y2Q1YWY3,,,,,,,https://static.bihr.pro/eBihr/Pictures/CONTROLTECH-pictures.zip,,Spain Warehouse (Parts)
1116963,,ATB-958-60,CONTROLTECH,CTECH LYNX -10 ° DROP STEM 60MM,Potencia para bicicleta -10° CONTROLTECH Lynx - 60 mm,79.99,66.11,26.00,ATB-958-60,6,8714999089,0,1,"<ul>
<li>Material: AL6061</li>
<li>Centro de manillar &Oslash;: 31.8mm</li>
<li>Direcci&oacute;n &Oslash;: 28.6mm</li>
<li>Longitud: 60mm</li>
<li>Inclinaci&oacute;n: -10&deg;</li>
<li>Peso: 214g (70mm) </li>
</ul>","
Material: AL6061
Centro de manillar Ø: 31.8mm
Dirección Ø: 28.6mm
Longitud: 60mm
Inclinación: -10°
Peso: 214g (70mm) 
",VEHICLE PARTS & ACCESSORIES,BICYCLE PARTS & ACCESSORIES,BICYCLE PARTS,1920,276,256,100,75,,,,,,,,,,,E-Bike,,https://api.mybihr.com/medias/1116963-1-800Wx800H?context=bWFzdGVyfHJvb3R8MTM2ODkxfGltYWdlL2pwZWd8YUdVeUwyZzFNQzh5TmpnNE56WTBOVE0yTkRJMU5DOHhNVEUyT1RZekxURmZPREF3VjNnNE1EQkl8NmFmY2FlY2ZlNTNmNjc4M2I0NjlkY2JjOTY2OTgwNDc0ODgxMjA5M2FhYmI3MmE4YmFjZDJlNzcxN2EwZTVjYQ,https://api.mybihr.com/medias/1116963-2-800Wx800H?context=bWFzdGVyfHJvb3R8NjE2NDh8aW1hZ2UvanBlZ3xhREV5TDJnMFlTOHlOamc0TnpZME5UVTJNRGcyTWk4eE1URTJPVFl6TFRKZk9EQXdWM2c0TURCSXw4ZDliZjY0Mjk0OWMzZWI4ZjEyM2Q4MmNkZjYyZWZmMGQzYjRjZWNlMTk5NDkwODQzOTgwMzFkZmNkYTdmM2Vk,https://api.mybihr.com/medias/1116963-3-800Wx800H?context=bWFzdGVyfHJvb3R8NzQzMjB8aW1hZ2UvanBlZ3xhRFUxTDJnME15OHlOamc0TnpZME5UYzFOelEzTUM4eE1URTJPVFl6TFROZk9EQXdWM2c0TURCSXw3NDMyZjRjYTRiOGU3MGM5YmIyNGM3MzhiZThlZWU2MGVmODM2YmZjNzk2N2E3NDU1YjQzYWFlZjBhYTBiMzI0,https://api.mybihr.com/medias/1116963-4-800Wx800H?context=bWFzdGVyfHJvb3R8NzcyNTl8aW1hZ2UvanBlZ3xhRGcwTDJnell5OHlOamc0TnpZME5UazFOREEzT0M4eE1URTJPVFl6TFRSZk9EQXdWM2c0TURCSXw5NWQ0NjQ5MDIxZmE5ODQxZDVhM2RkZTVlNDM2YWQ4M2Q4MWJjOTYzZTk5MjMxZWY0NzA4MWY5NGM1MzkwODNj,https://api.mybihr.com/medias/1116963-5-800Wx800H?context=bWFzdGVyfHJvb3R8NTEyNDZ8aW1hZ2UvanBlZ3xhR1kwTDJneE5DOHlOamc0TnpZME5qSXhOakl5TWk4eE1URTJPVFl6TFRWZk9EQXdWM2c0TURCSXw5ZTUyMWJhODI4M2NhZWMxNGQ1NjMxOTQ4OTUwMWNhYTc0YzI2NGIxMWM0NzI3MTI5MmY4NDVlMmZkNzUwZTVm,https://api.mybihr.com/medias/1116963-6-800Wx800H?context=bWFzdGVyfHJvb3R8MTExMDM1fGltYWdlL2pwZWd8YURneUwyZ3lNaTh5TmpnNE56WTBOall3T1RRek9DOHhNVEUyT1RZekxUWmZPREF3VjNnNE1EQkl8MDQ5MTFkMzExNGYyMTk1Yzc5NGExMTgwNzY0ODcwMmM5MDcwNGI4NzU5NTg0ODlkZmYwYTg3MTEwNzE2M2RlMw,https://api.mybihr.com/medias/1116963-7-800Wx800H?context=bWFzdGVyfHJvb3R8MTAwNTE0fGltYWdlL2pwZWd8YUdObEwyZzNOeTh5TmpnNE56WTBOekF3TWpZMU5DOHhNVEUyT1RZekxUZGZPREF3VjNnNE1EQkl8ZWJjOTdjMzE3YTVjMDUxNGVjMzkwNzcyZjNkN2ExM2I1ODhiZmIxNzQwMDYxNTVmZDQ5NmQ5YjMzMTJmZWFkNw,https://api.mybihr.com/medias/1116963-8-800Wx800H?context=bWFzdGVyfHJvb3R8MTA0NDQ3fGltYWdlL2pwZWd8YURCaUwyZzRNeTh5TmpnNE56WTBOek01TlRnM01DOHhNVEUyT1RZekxUaGZPREF3VjNnNE1EQkl8NTQ1MDIyMDg5ZWIwOWI1YjJmMzIwYzBlNGZhYTc1OWFjYzliMjM5OGE4NGJkZWUxZjBlY2NkMGM5MzQxODA2Zg,https://static.bihr.pro/eBihr/Pictures/CONTROLTECH-pictures.zip,,Spain Warehouse (Parts)
1117009,,TTH-14H,CONTROLTECH,CTECH TTH-14 EXTENSION BAR,Barras de recambio para acoples CONTROLTECH Falcon Mini,42.50,35.12,13.00,TTH-14H,4,8714999089,0,1,<p>Material: AL6061-T6</p>,"
Material: AL6061-T6",VEHICLE PARTS & ACCESSORIES,BICYCLE PARTS & ACCESSORIES,BICYCLE PARTS,1507,144,243,155,40,,,,,,,,,,,Triathlon,,https://api.mybihr.com/medias/800Wx800H-1117009-1.JPG?context=bWFzdGVyfHJvb3R8OTI0MjV8aW1hZ2UvanBlZ3xhRGxrTDJnMFl5ODBOREl3TlRFMk5qY3lNekV3TWk4NE1EQlhlRGd3TUVoZk1URXhOekF3T1MweExrcFFSd3xiMDRhNzZiMWNkYTE3NDc1ZGIwNzg3NTkxN2M4MDFlZjU1OWE2NjZiNDlkZDU4MjNhOTAyNmRjNDBhODI1NzZk,https://api.mybihr.com/medias/800Wx800H-1117009-2.JPG?context=bWFzdGVyfHJvb3R8ODQyNjJ8aW1hZ2UvanBlZ3xhR1EyTDJoaE1TODBOREl3TlRFMk56RXhOak14T0M4NE1EQlhlRGd3TUVoZk1URXhOekF3T1MweUxrcFFSd3wzMzE0ZjY2ZWM4MmFmNzAwYmI2ZWRjZWQxMjUxYWQzZDlhNThmMzI1MDVmNGRmYjNjNGRiYjkyYzhlNzZiNzJj,,,,,,,https://static.bihr.pro/eBihr/Pictures/CONTROLTECH-pictures.zip,https://api.mybihr.com/medias/Controltech-Extension.pdf?context=bWFzdGVyfHJvb3R8MjEzMDk2MXxhcHBsaWNhdGlvbi9wZGZ8YURObUwyaGxOeTh4TmpjMU1UVTVPRFl6TWprNU1DOURiMjUwY205c2RHVmphRjlGZUhSbGJuTnBiMjR1Y0dSbXw1NWYxODExMzM0NzgzMDkyYmZkNmZlZTJkYjdlMGZkOGRjNmJiNjMxMDBmNTQwNjVkNzcyODI3M2Y0NDg0OGU1,Spain Warehouse (Parts)
1116971,,ATB-956-40,CONTROLTECH,CTECH LYNX 31.8MM STEM 40MM,Potencia para bicicleta CONTROLTECH Lynx - 40mm,57.50,47.52,28.51,ATB-956-40,1,8714999089,0,1,"<ul>
<li>Material: AL6061</li>
<li>Manillar &Oslash;: 31.8mm</li>
<li>Direcci&oacute;n &Oslash;: 28.6mm</li>
<li>Longitud: 40mm</li>
<li>Inclinaci&oacute;n: +/- 0&deg;</li>
<li>Peso: 139g (40mm)</li>
<li>Ideal para All Mountain y Enduro 27.5 y 29''.</li>
</ul>","
Material: AL6061
Manillar Ø: 31.8mm
Dirección Ø: 28.6mm
Longitud: 40mm
Inclinación: +/- 0°
Peso: 139g (40mm)
Ideal para All Mountain y Enduro 27.5 y 29''.
",VEHICLE PARTS & ACCESSORIES,BICYCLE PARTS & ACCESSORIES,BICYCLE PARTS,1282,182,231,111,50,,,,,,,,,,,MTB,,https://api.mybihr.com/medias/1116971-1-800Wx800H?context=bWFzdGVyfHJvb3R8MTYxOTQ3fGltYWdlL2pwZWd8YURFekwyaGxaQzh5TmpnNU1EazVOVGMyTVRFNE1pOHhNVEUyT1RjeExURmZPREF3VjNnNE1EQkl8MDc3ZWVhOTdiNmVlZDkxOWU4YzIxNzcwYzFhYmMxMmMwNzExMDc1Mzk5ZGJiMjIzNzE0NjE5NmI3MGVlY2M2Mg,https://api.mybihr.com/medias/1116971-2-800Wx800H?context=bWFzdGVyfHJvb3R8MTIzMzc4fGltYWdlL3BuZ3xhRE0xTDJnMU55OHhOekU1TWpJeU5EVTROemd3Tmk4eE1URTJPVGN4TFRKZk9EQXdWM2c0TURCSXwxMjcwYzQ0ZDc2ZTcwMGYwZDJiZTQxYzY4ZWI2OGVlZWJjNmIyZmJiM2U0OWVmNDZiNWZjMWY4MWY4OTE1MmUz,,,,,,,https://static.bihr.pro/eBihr/Pictures/CONTROLTECH-pictures.zip,https://api.mybihr.com/medias/02-STEM.pdf?context=bWFzdGVyfHJvb3R8NTkwMTQ3N3xhcHBsaWNhdGlvbi9wZGZ8YUdKa0wyaG1OUzh4TmpjMU1URXdNekkwTmpNMk5pOHdNaTFUVkVWTkxuQmtaZ3w0MTM5OTQyMWUwNzM2NzkyYzUyOTkwOTViYmU4MzBhZTM3NDg0OTE5YjYwZDkyMjhiNjA4NDBmNWJlMjBlMDJh,Spain Warehouse (Parts)
1116985,,RAS-80-110,CONTROLTECH,CTECH ONE ±5° STEM 110MM,Potencia para bicicleta ±5° CONTROLTECH One - 110 mm,27.50,22.73,5.00,RAS-80-110,9,8714999089,0,1,"<ul>
<li>Material: AL6061</li>
<li>Manillar &Oslash;: 31.8mm</li>
<li>Direcci&oacute;n &Oslash;: 28.6mm</li>
<li>Longitud: 110mm</li>
<li>Inclinaci&oacute;n: +/- 5&deg; </li>
<li>Peso: 137g (110mm)</li>
</ul>","
Material: AL6061
Manillar Ø: 31.8mm
Dirección Ø: 28.6mm
Longitud: 110mm
Inclinación: +/- 5° 
Peso: 137g (110mm)
",VEHICLE PARTS & ACCESSORIES,BICYCLE PARTS & ACCESSORIES,BICYCLE PARTS,1205,165,237,113,45,,,,,,,,,,,Carretera & Gravel & MTB,,https://api.mybihr.com/medias/1116985-1-800Wx800H?context=bWFzdGVyfHJvb3R8MTE5MDcxfGltYWdlL2pwZWd8YUdOaEwyaGxOeTh5TmpnNU1UQXdNREE0TmpVMU9DOHhNVEUyT1RnMUxURmZPREF3VjNnNE1EQkl8OWRiNTgyYTM2ZjBjZjE4M2RiNzVlZWUzYmYzMjFjMDcwNzUxZjgwYTk0NTEyODhlMTc2MmEzMjJmYTY4OWE1ZA,,,,,,,,https://static.bihr.pro/eBihr/Pictures/CONTROLTECH-pictures.zip,,Spain Warehouse (Parts)
1116957,,TTH-13P,CONTROLTECH,CTECH ELBOW PAD IMPEL MINI AEROBAR,Almohadillas de protección para los codos CONTROLTECH Impel mini,15.00,12.40,4.00,TTH-13P,4,8714999089,0,1,"<p>C&oacute;modas almohadillas para los brazos dise&ntilde;adas para los acoples de contrarreloj Impel de ControlTech.</p>
<p>Se adhiere r&aacute;pidamente para una seguridad total.<br>Proporciona una base estable para que una posici&oacute;n de contrarreloj sostenible.</p>","
Cómodas almohadillas para los brazos diseñadas para los acoples de contrarreloj Impel de ControlTech.

Se adhiere rápidamente para una seguridad total.Proporciona una base estable para que una posición de contrarreloj sostenible.",VEHICLE PARTS & ACCESSORIES,BICYCLE PARTS & ACCESSORIES,BICYCLE PARTS,447,27,163,98,28,,,,,,,,,,,Triathlon,,https://api.mybihr.com/medias/1116957-1-800Wx800H?context=bWFzdGVyfHJvb3R8ODI4NDF8aW1hZ2UvanBlZ3xhRFkxTDJnM1lpOHlOamc0TnpZME1qWXhNVGMwTWk4eE1URTJPVFUzTFRGZk9EQXdWM2c0TURCSXwzMDI2ZTY0OTY4OWVmZGU0MzEzZDkyMWQyMTliNmM1Yjk4ZDZkOTMxOTU3YTJjZDc2MzQ4ODRiMzFlN2QzMzJh,,,,,,,,https://static.bihr.pro/eBihr/Pictures/CONTROLTECH-pictures.zip,,Spain Warehouse (Parts)
1117012,,TTH-18H,CONTROLTECH,CTECH TTH-26 EXTENSION BAR,Barras de recambio para acoples CONTROLTECH J Bend,225.00,185.95,76.00,TTH-18H,1,8714999089,0,1,<p>Material: Carbono</p>,"
Material: Carbono",VEHICLE PARTS & ACCESSORIES,BICYCLE PARTS & ACCESSORIES,BICYCLE PARTS,2069,176,466,148,30,,,,,,,,,,,Triathlon,,https://api.mybihr.com/medias/800Wx800H-1117012-1.jpg?context=bWFzdGVyfHJvb3R8NTMwNjN8aW1hZ2UvanBlZ3xhR1ZrTDJnM09TOHpOVEV6T1RreE9Ea3lNVGMxT0M4NE1EQlhlRGd3TUVoZk1URXhOekF4TWkweExtcHdad3wwMDM2ZDFlYjc4YWJmMWZlZjNjZjNhMTViYjVmYmE1YzJlZjZmYjhjMjE5YTA0Y2VlZWE4MTk1ODFhYjNjODQy,https://api.mybihr.com/medias/800Wx800H-1117012-2.jpg?context=bWFzdGVyfHJvb3R8NTIzNTB8aW1hZ2UvanBlZ3xhR0kwTDJneU5DOHpOVEV6T1RreE9UTXhORGszTkM4NE1EQlhlRGd3TUVoZk1URXhOekF4TWkweUxtcHdad3wyZjdhZmFmNTQxNTRjZTUyYmY5ZjA4YmRhNmE0ODA4OTJmMTM1OWEzMjkzODM0NmY0NDA0ODA0ODk4YWFjOTBi,,,,,,,https://static.bihr.pro/eBihr/Pictures/CONTROLTECH-pictures.zip,https://api.mybihr.com/medias/Controltech-Extension.pdf?context=bWFzdGVyfHJvb3R8MjEzMDk2MXxhcHBsaWNhdGlvbi9wZGZ8YURObUwyaGxOeTh4TmpjMU1UVTVPRFl6TWprNU1DOURiMjUwY205c2RHVmphRjlGZUhSbGJuTnBiMjR1Y0dSbXw1NWYxODExMzM0NzgzMDkyYmZkNmZlZTJkYjdlMGZkOGRjNmJiNjMxMDBmNTQwNjVkNzcyODI3M2Y0NDg0OGU1,Spain Warehouse (Parts)
1116946,,ATB-303-8UD-800,CONTROLTECH,CTECH EXL FLAT TOP BAR 800MM,Manillar de bicicleta CONTROLTECH EXL Flat 800mm,195.00,161.16,49.00,ATB-303-8UD-8,2,8714999089,0,1,"<ul>
<li>Material: UD Carbon</li>
<li>Centro de manillar &Oslash;: 31.8mm </li>
<li>Anchura: 700/760mm</li>
<li>Elevaci&oacute;n: 0mm</li>
<li>Apertura : 9&deg;</li>
<li>Barrido: 4&deg;</li>
<li>Peso: 176g (760mm)</li>
</ul>","
Material: UD Carbon
Centro de manillar Ø: 31.8mm 
Anchura: 700/760mm
Elevación: 0mm
Apertura : 9°
Barrido: 4°
Peso: 176g (760mm)
",VEHICLE PARTS & ACCESSORIES,BICYCLE PARTS & ACCESSORIES,BICYCLE PARTS,3240,200,810,160,25,,,,,,,,,,,MTB,,https://api.mybihr.com/medias/1116946-1-800Wx800H?context=bWFzdGVyfHJvb3R8Mjg1Njd8aW1hZ2UvanBlZ3xhRGt3TDJneE9TOHlOamc0TnpZek9ESTROak0yTmk4eE1URTJPVFEyTFRGZk9EQXdWM2c0TURCSXwzNjFjM2Y4MDE4NDgyNDMzNzA3MGZhNWYyYTIxNDg5NTVlZmQ2YTY4ZWRhZThmNTA4ODcwMDk4M2E2ZjEyZWMw,,,,,,,,https://static.bihr.pro/eBihr/Pictures/CONTROLTECH-pictures.zip,,Spain Warehouse (Parts)
1117003,,TTH-27,CONTROLTECH,CTECH SIROCO AERO MINI CLIP-ON,Acoples CONTROLTECH Siroco Mini Clip-On,139.00,114.88,35.00,TTH-27,3,8714999089,0,1,"<ul>
	<li>Material: Pl&aacute;stico reforzado</li>
	<li>Longitud: Max 213mm</li>
	<li>&nbsp;Inclinaci&oacute;n acoples: 45&deg;</li>
	<li>Centro de manillar &Oslash;: &Oslash;31.8mm</li>
	<li>Peso: 336g</li>
</ul>","
	Material: Plástico reforzado
	Longitud: Max 213mm
	 Inclinación acoples: 45°
	Centro de manillar Ø: Ø31.8mm
	Peso: 336g
",VEHICLE PARTS & ACCESSORIES,BICYCLE PARTS & ACCESSORIES,BICYCLE PARTS,8105,461,323,204,123,,,,,,,,,,,,,https://api.mybihr.com/medias/1117003-1-800Wx800H?context=bWFzdGVyfHJvb3R8MTA0MjU2fGltYWdlL2pwZWd8YURBeEwyZzRNUzh5TmpnNU1UQXdPRGd3TWpnME5pOHhNVEUzTURBekxURmZPREF3VjNnNE1EQkl8OTU5YTk3Y2M1MjNjNTU2NTNiODA3YjgyNzgzMzBlMjEwNjFiNzNlNDI2NWFmYjEzYWRhNThlNmUzZGNkNGQ5YQ,https://api.mybihr.com/medias/1117003-2-800Wx800H?context=bWFzdGVyfHJvb3R8NzgwNDd8aW1hZ2UvanBlZ3xhR1ZpTDJoa015OHlOamc1TVRBd09URTVOakEyTWk4eE1URTNNREF6TFRKZk9EQXdWM2c0TURCSXxmNjdiYzFlYjhmNjUwYzgyM2I0MDc3ZDRiY2IzMTE4NmZhYTRjZjJlYWMzMzk1MWY0MGU5N2Y0YThiMjRlYTE5,,,,,,,https://static.bihr.pro/eBihr/Pictures/CONTROLTECH-pictures.zip,,Spain Warehouse (Parts)
1116917,,ATB-960-110,CONTROLTECH,CTECH -17 DROP STEM 110MM,Potencia para bicicleta -17° CONTROLTECH - 110 mm,57.50,47.52,11.00,ATB-960-110,5,8714999089,0,1,"<ul>
<li>Material: AL6061</li>
<li>Centro de manillar &Oslash;: 31.8 mm</li>
<li>Direcci&oacute;n &Oslash;: 28.6mm</li>
<li>Longitud: 110mm</li>
<li>Inclinaci&oacute;n: -17&deg;</li>
<li>Peso: 190g (100mm)</li>
</ul>","
Material: AL6061
Centro de manillar Ø: 31.8 mm
Dirección Ø: 28.6mm
Longitud: 110mm
Inclinación: -17°
Peso: 190g (100mm)
",VEHICLE PARTS & ACCESSORIES,BICYCLE PARTS & ACCESSORIES,BICYCLE PARTS,1308,210,235,96,58,,,,,,,,,,,Carretera & Triathlon,,https://api.mybihr.com/medias/1116917-1-800Wx800H?context=bWFzdGVyfHJvb3R8MTEzNTIxfGltYWdlL2pwZWd8YURZMUwyZzJaUzh5TmpnNU1UQXlNakl6TnpjeU5pOHhNVEUyT1RFM0xURmZPREF3VjNnNE1EQkl8OGUwNDdiYzY4MTM2NzgzNGY0NjViMDEwMTY1NGE1OTgwNWM4MGUwMmQ0NmNlYmNkZGUwNmZiZDhmNTU0OWEwNg,https://api.mybihr.com/medias/1116917-2-800Wx800H?context=bWFzdGVyfHJvb3R8NzYzNjB8aW1hZ2UvanBlZ3xhRGswTDJnMk55OHlOamc1TVRBeU1qUXpORE16TkM4eE1URTJPVEUzTFRKZk9EQXdWM2c0TURCSXwyNmExMTcwNmE1ZDc0M2U0YTM5MzA1ODFiYTlmZmMzOTJjZmZkOWQ3YjQ0YWIwZjk0ODVkYWQ1MTZjZmU1OWVh,,,,,,,https://static.bihr.pro/eBihr/Pictures/CONTROLTECH-pictures.zip,,Spain Warehouse (Parts)
1117002,,BC-40,CONTROLTECH,CTECH SIROCCO REAR HYDRATION SYSTEM,Sistema de hidratación CONTROLTECH Sirocco trasero,109.00,90.08,27.00,BC-40,3,8714999089,0,1,"<ul>
	<li>Material: Plastico + Aluminio</li>
	<li>Incluye 2 portabotellas</li>
	<li>Montaje: CO2 Cartridge x2 y racord</li>
	<li>Peso: 260g</li>
</ul>","
	Material: Plastico + Aluminio
	Incluye 2 portabotellas
	Montaje: CO2 Cartridge x2 y racord
	Peso: 260g
",VEHICLE PARTS & ACCESSORIES,BICYCLE PARTS & ACCESSORIES,BICYCLE PARTS,1735,198,169,163,63,,,,,,,,,,,Todos & Triathlon,,https://api.mybihr.com/medias/1117002-1-800Wx800H?context=bWFzdGVyfHJvb3R8ODU4MzZ8aW1hZ2UvanBlZ3xhR0UxTDJoak1pOHlOamc1TVRBd05UWTFOekV4T0M4eE1URTNNREF5TFRGZk9EQXdWM2c0TURCSXwxMmIyMGM1NThiNWMyNDIzNmNmZDEyMjY1MDZjODk4MzZiYmVlOThhNmU1NDYyMDZkNDBhZDQwYzMwYWE2ZDVj,https://api.mybihr.com/medias/1117002-2-800Wx800H?context=bWFzdGVyfHJvb3R8MTI1NTk0fGltYWdlL2pwZWd8YURVNUwyZzJaQzh5TmpnNU1UQXdOakExTURNek5DOHhNVEUzTURBeUxUSmZPREF3VjNnNE1EQkl8ZTlmMDljN2NmODQ2NzEyMGZjM2IyZmNmYWRiYjdjM2MzN2YzZWNmZmU2Mzc2ZDg0NDI0Y2M1ZDEwMDhjOWFhNA,https://api.mybihr.com/medias/1117002-3-800Wx800H?context=bWFzdGVyfHJvb3R8NzY1NDR8aW1hZ2UvanBlZ3xhR05qTDJnMVppOHlOamc1TVRBd05qUTBNelUxTUM4eE1URTNNREF5TFROZk9EQXdWM2c0TURCSXw1NmZkMmUxNjg5MzE3MTNhNTk4OGMxOGEzNDNmYjkzZmRkNTZiYTA1YTM1NDIyODcwYjYwMmJhYTNjNDI2YzBi,https://api.mybihr.com/medias/1117002-4-800Wx800H?context=bWFzdGVyfHJvb3R8OTI2Nzl8aW1hZ2UvanBlZ3xhRE5sTDJnMU1pOHlOamc1TVRBd05qZ3pOamMyTmk4eE1URTNNREF5TFRSZk9EQXdWM2c0TURCSXwzYzQzMTYyYTFkNzUzY2ZjNzJmN2E4MGUzNjNjNTJmMTg0NjM0MGI3NjZiZWZmYzljNmQ2OWFmYWM2ZGFkNmE5,https://api.mybihr.com/medias/1117002-5-800Wx800H?context=bWFzdGVyfHJvb3R8NjA1ODl8aW1hZ2UvanBlZ3xhR1poTDJnd01pOHlOamc1TVRBd056SXlPVGs0TWk4eE1URTNNREF5TFRWZk9EQXdWM2c0TURCSXw4ZWEyZjk3ZDM1YmZhYzdmYjNjODYwYWY4ZWRhMjlhNzgzMzZiZDg2ZGFjY2ExMjg2ODE3Y2VkMGJkNzU2N2Rk,https://api.mybihr.com/medias/1117002-6-800Wx800H?context=bWFzdGVyfHJvb3R8NjM2MjZ8aW1hZ2UvanBlZ3xhRGxpTDJneE1DOHlOamc1TVRBd056WXlNekU1T0M4eE1URTNNREF5TFRaZk9EQXdWM2c0TURCSXw2NTEwOTMyNTQ5MzlmOGE4NjdhMzI4NWVlZjkzYzIyNWQyOTU5YmQyOGMwOTk0MmQ5YTkxNjhkMzI1MDlmNjQw,https://api.mybihr.com/medias/1117002-7-800Wx800H?context=bWFzdGVyfHJvb3R8NjM1MDN8aW1hZ2UvanBlZ3xhR1EwTDJnMk5TOHlOamc1TVRBd09EQXhOalF4TkM4eE1URTNNREF5TFRkZk9EQXdWM2c0TURCSXxiZTFmMTJkYzJiM2EwOTA4MDA5YmIwZGM0NTJjNTMxMjdiMGMzOGFhOGY0MGU2MDQxMDcyYmNjNDNmYWFiYmM0,https://api.mybihr.com/medias/1117002-8-800Wx800H?context=bWFzdGVyfHJvb3R8OTU4Mjh8aW1hZ2UvanBlZ3xhRFl4TDJnM015OHlOamc1TVRBd09EUXdPVFl6TUM4eE1URTNNREF5TFRoZk9EQXdWM2c0TURCSXw1ZTU0YjZhNzcxYjEzMWEyOGM5Mzc0Y2FmYzBjY2Q2OWU5ZTQxOGE1YzhhZTVkZjliNzg2NDY3MTYyZDc3NTUx,https://static.bihr.pro/eBihr/Pictures/CONTROLTECH-pictures.zip,,Spain Warehouse (Parts)
1116928,,RAS-94-90,CONTROLTECH,CTECH COUGAR -6° AERO ALLOY STEM 90MM,Potencia para bicicleta Aero -6° CONTROLTECH Cougar - 90 mm,75.00,61.98,18.00,RAS-94-90,9,8714999089,0,1,"<ul>
<li>Material: AL6061</li>
<li>Manillar &Oslash;: 31.8mm</li>
<li>Direcci&oacute;n &Oslash;: 28.6mm</li>
<li>Longitud: 90mm</li>
<li>Inclinaci&oacute;n: -6&deg;</li>
<li>Peso: 240g (110mm)</li>
<li>Tap&oacute;n de ara&ntilde;a integrado, tornillos de tapa frontal ocultos</li>
</ul>","
Material: AL6061
Manillar Ø: 31.8mm
Dirección Ø: 28.6mm
Longitud: 90mm
Inclinación: -6°
Peso: 240g (110mm)
Tapón de araña integrado, tornillos de tapa frontal ocultos
",VEHICLE PARTS & ACCESSORIES,BICYCLE PARTS & ACCESSORIES,BICYCLE PARTS,1221,258,235,98,53,,,,,,,,,,,Carretera & Triathlon,,https://api.mybihr.com/medias/1116928-1-800Wx800H?context=bWFzdGVyfHJvb3R8MTA3NjAyfGltYWdlL2pwZWd8YURoa0wyaGpOUzh5TmpreU1qQTRPRFEyTkRReE5DOHhNVEUyT1RJNExURmZPREF3VjNnNE1EQkl8OGU5OWRkY2Q1NmY4YjRkOTMyMjU2ZmU4ZDc0N2ZkMTQ3M2RhZmQyYTEzYzVmZGUwMWU3NmM3MGRhNWUxZjc0Nw,,,,,,,,https://static.bihr.pro/eBihr/Pictures/CONTROLTECH-pictures.zip,,Spain Warehouse (Parts)
1116929,,RAS-114-100,CONTROLTECH,CTECH COUGAR -8° DROP STEM 100MM,Potencia para bicicleta -8° CONTROLTECH Cougar - 100 mm,72.50,59.92,18.00,RAS-114-100,7,8714999089,0,1,"<ul>
<li>Material: AL6061</li>
<li>Manillar &Oslash;: 31.8mm</li>
<li>Direcci&oacute;n &Oslash;: 28.6mm</li>
<li>Longitud: 100mm</li>
<li>Inclinaci&oacute;n: -8 &deg;</li>
<li>Peso: </li>
<li>Funda de cable, espaciadores 5mm x 1, 10mm x2 y tap&oacute;n de ara&ntilde;a inclu&iacute;dos</li>
<li>Peso: 129g (110mm)</li>
</ul>","
Material: AL6061
Manillar Ø: 31.8mm
Dirección Ø: 28.6mm
Longitud: 100mm
Inclinación: -8 °
Peso: 
Funda de cable, espaciadores 5mm x 1, 10mm x2 y tapón de araña incluídos
Peso: 129g (110mm)
",VEHICLE PARTS & ACCESSORIES,BICYCLE PARTS & ACCESSORIES,BICYCLE PARTS,1859,313,236,105,75,,,,,,,,,,,Carretera & Triathlon,,https://api.mybihr.com/medias/1116929-1-800Wx800H?context=bWFzdGVyfHJvb3R8MTQxNDIxfGltYWdlL2pwZWd8YURWa0wyaGpZeTh5TmpreU1qQTRPRFkyTVRBeU1pOHhNVEUyT1RJNUxURmZPREF3VjNnNE1EQkl8MDcwMDMwYTgwZWQzMDZkYmJiMjk2YzA0NDIxNWIwODE4ZGQwNzRkMmFkMDBjY2U2NTcxYTI3Njk4NDIzNmFjYg,https://api.mybihr.com/medias/1116929-2-800Wx800H?context=bWFzdGVyfHJvb3R8MTAzNzY2fGltYWdlL2pwZWd8YURGaEwyaGtNeTh5TmpreU1qQTRPRGcxTnpZek1DOHhNVEUyT1RJNUxUSmZPREF3VjNnNE1EQkl8YmVhNWU2N2M5OTA1ZGMwZTE5YmQ1YWMyNWVkNGZmMGQxNjNmOGFiZjQ5YmQ0NWQyY2NkZGM2YWYwMWI1YTNhNg,https://api.mybihr.com/medias/1116929-3-800Wx800H?context=bWFzdGVyfHJvb3R8MjkxNzF8aW1hZ2UvanBlZ3xhRFk1TDJoa1pTOHlOamt5TWpBNE9UQTFOREl6T0M4eE1URTJPVEk1TFROZk9EQXdWM2c0TURCSXxlNmE0NGQyZjliNDVmM2YyMmZiNjI5Mjg5MWU3YjZiMDQzZDVjZTliNTA2ZmIyZGE4Njk5YzRmMjkyY2MzOWNh,https://api.mybihr.com/medias/1116929-4-800Wx800H?context=bWFzdGVyfHJvb3R8MzIwODB8aW1hZ2UvanBlZ3xhRGs1TDJoa055OHlOamt5TWpBNE9USTFNRGcwTmk4eE1URTJPVEk1TFRSZk9EQXdWM2c0TURCSXw5MTQ5NWYwNjYzYmY2YTUzMGFhYmRhMmQ3MzFiM2QwNmZlYTZkOTA4NWI0NjFiNzJjNDhmMDVhYTA4YTFkYTc2,https://api.mybihr.com/medias/1116929-5-800Wx800H?context=bWFzdGVyfHJvb3R8NDMxNzJ8aW1hZ2UvanBlZ3xhR1JqTDJoa01DOHlOamt5TWpBNE9UUTBOelExTkM4eE1URTJPVEk1TFRWZk9EQXdWM2c0TURCSXw5MGQ4YjZhMTdiNjIxMDk5NzUwYWE5NWQ4NDY3MTUyMzZhNzE3OWM0NjM4OTg4ZjdkOWQwY2M4MzEzN2E3NmJm,https://api.mybihr.com/medias/1116929-6-800Wx800H?context=bWFzdGVyfHJvb3R8NDAyMjh8aW1hZ2UvanBlZ3xhREJpTDJoallTOHlOamt5TWpBNE9UWTBOREEyTWk4eE1URTJPVEk1TFRaZk9EQXdWM2c0TURCSXwxYmNhZWQ4MDM2OWU5ODI4NWFiMTQ2NDRjN2Q3NTRlOTUxNTY1NmEwYjczYmJlNzAxYTQyZWU0YTAwYWUwNWI1,https://api.mybihr.com/medias/1116929-7-800Wx800H?context=bWFzdGVyfHJvb3R8NDc4MjN8aW1hZ2UvanBlZ3xhRE5pTDJoak15OHlOamt5TWpBNE9UZzBNRFkzTUM4eE1URTJPVEk1TFRkZk9EQXdWM2c0TURCSXw0Nzg0MDE2ZmIyNjI3NjA5OThmODQ5MTlmNGM0YTk3NzA4N2VkZDllZTk2NjRmOTAyODA5OTgyZjNmNDU1MWUz,https://api.mybihr.com/medias/1116929-8-800Wx800H?context=bWFzdGVyfHJvb3R8NDEyNjV8aW1hZ2UvanBlZ3xhR1l6TDJnek9DOHlOamt5TWpBNU1EQXpOekkzT0M4eE1URTJPVEk1TFRoZk9EQXdWM2c0TURCSXw5ODNjMmUyM2IwZTlkYjgwZmQ2YjA0ZmIwODE4ODU0ZGFiNjMzZWRiZmE2MDUzNTM2NTFiM2NlMTFhNzViMmFj,https://static.bihr.pro/eBihr/Pictures/CONTROLTECH-pictures.zip,,Spain Warehouse (Parts)
1116951,,SP-1540-31.6X350,CONTROLTECH,CTECH FALCON ALLOY HEX SEATPOST 31.6X350,Tija de sillín CONTROLTECH Falcon Alloy HEX - 350mm Ø31.6,135.00,111.57,29.00,SP-1540-31.6X,5,8714999089,0,1,"<ul>
<li>Material: AL6061 </li>
<li>&Oslash;: 31.6mm</li>
<li>Longitud: 350mm</li>
<li>Offset: 20/10/-3/-6mm</li>
<li>Peso: 353g ( &Oslash;27.2mm)</li>
</ul>","
Material: AL6061 
Ø: 31.6mm
Longitud: 350mm
Offset: 20/10/-3/-6mm
Peso: 353g ( Ø27.2mm)
",VEHICLE PARTS & ACCESSORIES,BICYCLE PARTS & ACCESSORIES,BICYCLE PARTS,3151,433,390,101,80,,,Negro,,,,,,,,Carretera,,https://api.mybihr.com/medias/1116951-1-800Wx800H?context=bWFzdGVyfHJvb3R8MzQwMTJ8aW1hZ2UvanBlZ3xhR000TDJnNU1DOHlOamc0TnpZek9UWTJNall5TWk4eE1URTJPVFV4TFRGZk9EQXdWM2c0TURCSXw2YTlmZWVhYzJkZjZhYzM1YWM5OWRkODYxYjcwMDA1M2Q0ZjYwMDEyNGM4ZjI3NGIxZmIxOWFmYjA0NGE4ZWQ1,https://api.mybihr.com/medias/1116951-2-800Wx800H?context=bWFzdGVyfHJvb3R8MzYyMDB8aW1hZ2UvanBlZ3xhRGsyTDJnNVlTOHlOamc0TnpZek9Ua3lORGMyTmk4eE1URTJPVFV4TFRKZk9EQXdWM2c0TURCSXxlMmM1NzBjYjUwOWNjNDA1NDI5NGY1OGQ2OTRhM2ZkMDA3NGQyNjU1YzAzZjBkNjQ5YTI4MGZiOGNjMGZhMGU0,,,,,,,https://static.bihr.pro/eBihr/Pictures/CONTROLTECH-pictures.zip,,Spain Warehouse (Parts)
1116922,,ATB-281DB6-8-760,CONTROLTECH,CTECH CLS FLAT TOP BAR 760MM,Manillar de bicicleta CONTROLTECH CLS 760mm,34.99,28.92,17.35,ATB-281DB6-8-,2,8714999089,0,1,"<ul>
	<li>Material: AL6061</li>
	<li>Centro de manillar &Oslash;: 31.8mm &nbsp; &nbsp; &nbsp; &nbsp; &nbsp; &nbsp; &nbsp;</li>
	<li>Anchura: 760mm</li>
	<li>Apertura : 9&deg;</li>
	<li>Elevaci&oacute;n: 0mm</li>
	<li>Peso: 268g (700mm)</li>
</ul>","
	Material: AL6061
	Centro de manillar Ø: 31.8mm              
	Anchura: 760mm
	Apertura : 9°
	Elevación: 0mm
	Peso: 268g (700mm)
",VEHICLE PARTS & ACCESSORIES,BICYCLE PARTS & ACCESSORIES,BICYCLE PARTS,5762,346,776,99,75,,,,,,,,,,,MTB,,https://api.mybihr.com/medias/1116922-1-800Wx800H?context=bWFzdGVyfHJvb3R8MjcxOTl8aW1hZ2UvanBlZ3xhREkyTDJnM05pOHlOamc0TnpZeU1UYzNNVEk1TkM4eE1URTJPVEl5TFRGZk9EQXdWM2c0TURCSXw3NTJmZWQ1YzhhYTQ5Y2I2Y2Y4NTRiYzNiNDdiNjVlNWMwMzYyNzRlNjVmNDNjNWVhZjRkYjcyOTU1OTE3MjY4,,,,,,,,https://static.bihr.pro/eBihr/Pictures/CONTROLTECH-pictures.zip,,Spain Warehouse (Parts)
1117011,,TTH-17H,CONTROLTECH,CTECH TTH-25 EXTENSION BAR,Barras de recambio para acoples CONTROLTECH S Bend,225.00,185.95,76.00,TTH-17H,1,8714999089,0,1,<p>Material: Carbono</p>,"
Material: Carbono",VEHICLE PARTS & ACCESSORIES,BICYCLE PARTS & ACCESSORIES,BICYCLE PARTS,2274,155,399,150,38,,,,,,,,,,,Triathlon,,https://api.mybihr.com/medias/800Wx800H-1117011-1.jpg?context=bWFzdGVyfHJvb3R8NTY2NDF8aW1hZ2UvanBlZ3xhREZpTDJnNU5TOHpOVEV6T1RreE9ERXpOVE15Tmk4NE1EQlhlRGd3TUVoZk1URXhOekF4TVMweExtcHdad3w2ZTllMGM3YzZiNWNhMmM3ZTYzYzAwNWFkMGVmMDg3ZTNmMjBkNjE5MDQyMzYwNzc4Y2M2NjE4MzJmMTA5NmNk,https://api.mybihr.com/medias/800Wx800H-1117011-2.jpg?context=bWFzdGVyfHJvb3R8Mzg2NDV8aW1hZ2UvanBlZ3xhRGhsTDJnNE55OHpOVEV6T1RreE9EVXlPRFUwTWk4NE1EQlhlRGd3TUVoZk1URXhOekF4TVMweUxtcHdad3xjNzU2ZGM2MWRiMDY5NDNjMGE4ZTI5ZWNjZjhlMjRmODg4ZDc1ZTUwY2JiMTdiYWNlMGQ4NjlmMTQ5NmZlZWQy,,,,,,,https://static.bihr.pro/eBihr/Pictures/CONTROLTECH-pictures.zip,https://api.mybihr.com/medias/Controltech-Extension.pdf?context=bWFzdGVyfHJvb3R8MjEzMDk2MXxhcHBsaWNhdGlvbi9wZGZ8YURObUwyaGxOeTh4TmpjMU1UVTVPRFl6TWprNU1DOURiMjUwY205c2RHVmphRjlGZUhSbGJuTnBiMjR1Y0dSbXw1NWYxODExMzM0NzgzMDkyYmZkNmZlZTJkYjdlMGZkOGRjNmJiNjMxMDBmNTQwNjVkNzcyODI3M2Y0NDg0OGU1,Spain Warehouse (Parts)
1116959,,HSS-11,CONTROLTECH,CTECH INTERGRATED SPLIT SPACER,Kit de espaciadores CONTROLTECH para potencia Falcon,6.50,5.37,1.99,HSS-11,13,8714999089,0,1,"<ul>
<li>Material: Nylon + fibra de vidrio</li>
<li>Altura: 5mm/10mm</li>
<li>Peso: 2.5g (5mm), 5g(10mm), 5g (Tapa)</li>
<li>Para RAS-88, RAS-101 y ATB-960</li>
</ul>","
Material: Nylon + fibra de vidrio
Altura: 5mm/10mm
Peso: 2.5g (5mm), 5g(10mm), 5g (Tapa)
Para RAS-88, RAS-101 y ATB-960
",VEHICLE PARTS & ACCESSORIES,BICYCLE PARTS & ACCESSORIES,BICYCLE PARTS,25,27,103,49,5,,,,,,,,,,,Carretera & MTB,,https://api.mybihr.com/medias/1116959-1-800Wx800H?context=bWFzdGVyfHJvb3R8MzQ0Nzd8aW1hZ2UvanBlZ3xhRFpsTDJoa055OHlOamc0TnpZME16SXdNVFUyTmk4eE1URTJPVFU1TFRGZk9EQXdWM2c0TURCSXxmYjk5MjVmNTA3OGI5ZmJmNTU3YWM3NjQ1MzgzOGQ3YzY2OTg3Y2Q2MjMzY2RlNjA0ZjQzYmVlZDA0YmJiMjI5,https://api.mybihr.com/medias/1116959-2-800Wx800H?context=bWFzdGVyfHJvb3R8Mjc0MDh8aW1hZ2UvanBlZ3xhR1JqTDJoa1lpOHlOamc0TnpZME16TTVPREUzTkM4eE1URTJPVFU1TFRKZk9EQXdWM2c0TURCSXxmNjdhNmFlMzIyZTc4MTIxN2E2NGEwYzM3Mjg4MmM2ZjA2YTU4YTg1NGI5ZTY1MzUwY2FmMzBhMjM1MjJkMDNk,https://api.mybihr.com/medias/1116959-3-800Wx800H?context=bWFzdGVyfHJvb3R8NDE0ODF8aW1hZ2UvanBlZ3xhR0ZqTDJobE1pOHlOamc0TnpZME16VTVORGM0TWk4eE1URTJPVFU1TFROZk9EQXdWM2c0TURCSXxhZjhjMTEzNzJhNjE1ZWU5MzA0OTdlOGRlNjk0ODFhMjRkMzBkOTY0OWIyYTNkZDBhNWQxZGVhNzBhMGEwZDhh,,,,,,https://static.bihr.pro/eBihr/Pictures/CONTROLTECH-pictures.zip,,Spain Warehouse (Parts)
1116954,,TTH-16,CONTROLTECH,CTECH FALCON TRI ALLOY EXTENSION,Acoples CONTROLTECH Falcon J-Bend,135.00,111.57,41.00,TTH-16,4,8714999089,0,1,"<ul>
<li>Material abrazaderas: AL6061</li>
<li>Anchura: Max. 303mm, Min. 253mm </li>
<li>Acoples: Aluminio curvado en ""J"",</li>
<li>Anchura regulable: Derecha/30mm, Izquierda/30mm</li>
<li>Inclinaci&oacute;n regulable: 15&deg;(+/-7.5&deg;)</li>
<li>Espaciadores opcionales: 20mm, 40mm o 60mm</li>
<li>Peso: 462g (con almohadillas)</li>
</ul>","
Material abrazaderas: AL6061
Anchura: Max. 303mm, Min. 253mm 
Acoples: Aluminio curvado en ""J"",
Anchura regulable: Derecha/30mm, Izquierda/30mm
Inclinación regulable: 15°(+/-7.5°)
Espaciadores opcionales: 20mm, 40mm o 60mm
Peso: 462g (con almohadillas)
",VEHICLE PARTS & ACCESSORIES,BICYCLE PARTS & ACCESSORIES,BICYCLE PARTS,12707,630,361,220,160,,,,,,,,,,,Triathlon,,https://api.mybihr.com/medias/1116954-1-800Wx800H?context=bWFzdGVyfHJvb3R8OTM2NDF8aW1hZ2UvanBlZ3xhR0V5TDJnd01pOHlOamc0TnpZME1UQXpPRGczT0M4eE1URTJPVFUwTFRGZk9EQXdWM2c0TURCSXw4ODQ4ZmJiNDQ5MGIxMzRiOTc1MzVmNGE3OTY1MThlY2UyZTVmOWNlZjA4YzBkMzc4ZjIwMWI0ZDJkNTEwZTdj,,,,,,,,https://static.bihr.pro/eBihr/Pictures/CONTROLTECH-pictures.zip,,Spain Warehouse (Parts)
1116940,,CR-49/SHIMANO-51T BC,CONTROLTECH,CTECH ECCENTRIC RING 51T BCD 110MM,Plato ovalado CONTROLTECH Shimano 51 dientes,165.00,136.36,41.00,1116940,3,8714999089,0,1,"<ul>
<li>Material: AL7075</li>
<li>Dentado: 51 dientes</li>
<li>BCD: 110</li>
</ul>","
Material: AL7075
Dentado: 51 dientes
BCD: 110
",VEHICLE PARTS & ACCESSORIES,BICYCLE PARTS & ACCESSORIES,BICYCLE PARTS,2433,302,269,238,38,,,,,,,,,Aluminio 7075-T6,,Triathlon,,https://api.mybihr.com/medias/1116940-1-800Wx800H?context=bWFzdGVyfHJvb3R8OTUxOTh8aW1hZ2UvanBlZ3xhRGN5TDJnM05TOHlOamc0TnpZek5ETTFOREl3Tmk4eE1URTJPVFF3TFRGZk9EQXdWM2c0TURCSXw1NjExZjcyMDQ1OGJiODIyMWVjMzBjNGY0YTNiMTljYjc1Yzk1OGVhMzViMDg0MzM5OWM2ZjkxY2NkNGI3NmU5,,,,,,,,https://static.bihr.pro/eBihr/Pictures/CONTROLTECH-pictures.zip,https://api.mybihr.com/medias/Controltech-Eccentric-Ring-Shimano.pdf?context=bWFzdGVyfHJvb3R8MjMxNDAwOXxhcHBsaWNhdGlvbi9wZGZ8YUdZekwyaGhaaTh4TmpjMU1UVTRPVFU0T1RBeU1pOURiMjUwY205c2RHVmphQzFGWTJObGJuUnlhV010VW1sdVp5MVRhR2x0WVc1dkxuQmtaZ3wwNmFjYzBkYTA0YjljNWE3ZmI1ZTYwNGQ0OGM3ZmM4NmEyYmU3MmNlMmI1ZDZiNDA1MTE4MTRjYmI0MjJmOTVk,Spain Warehouse (Parts)
1116937,,CR-48/SRAM-53T BCD11,CONTROLTECH,CTECH ECCENTRIC RING 53T BCD110MM,Plato ovalado CONTROLTECH SRAM 53 dientes,165.00,136.36,28.00,1116937,2,8714999089,0,1,"<ul>
<li>Material: AL7075</li>
<li>Dentado: 53 dientes</li>
<li>BCD: 110</li>
</ul>","
Material: AL7075
Dentado: 53 dientes
BCD: 110
",VEHICLE PARTS & ACCESSORIES,BICYCLE PARTS & ACCESSORIES,BICYCLE PARTS,2433,303,269,238,38,,,,,,,,,Aluminio 7075-T6,,Triathlon,,https://api.mybihr.com/medias/1116937-1-800Wx800H?context=bWFzdGVyfHJvb3R8OTAxNTh8aW1hZ2UvanBlZ3xhREZrTDJneFl5OHlOamt5TWpBNU5ERTJOakEwTmk4eE1URTJPVE0zTFRGZk9EQXdWM2c0TURCSXwxMWM1NGM1YjgwMThkMjE4NjVhMmZkZmY5NzQ4Y2Y2OThmZTRlYjNlOTIzNzg3MzI4YmU0M2RmNzNhNzI1YmM5,,,,,,,,https://static.bihr.pro/eBihr/Pictures/CONTROLTECH-pictures.zip,,Spain Warehouse (Parts)
1116914,,THS-01-A,CONTROLTECH,CTECH TIME ZONE HYDRATION SPARE PART A,Kit A para sistema de hidratación CONTROLTECH Time Zone,22.00,18.18,2.24,THS-01-A,13,8714999089,0,1,"<p>Incluye:</p>
<ul>
<li>Manguito de silicona</li>
<li>Tapa externa</li>
<li>Tapa interna</li>
<li>Soporte magn&eacute;tico</li>
</ul>","
Incluye:

Manguito de silicona
Tapa externa
Tapa interna
Soporte magnético
",VEHICLE PARTS & ACCESSORIES,BICYCLE PARTS & ACCESSORIES,BICYCLE PARTS,588,100,240,98,25,,,,,,,,,,,Triathlon,,https://api.mybihr.com/medias/800Wx800H-1116914-1.jpg?context=bWFzdGVyfHJvb3R8MTY2Njh8aW1hZ2UvanBlZ3xhR0l5TDJnNFppOHpOVEV6T1RreU5EQXdNRGM1T0M4NE1EQlhlRGd3TUVoZk1URXhOamt4TkMweExtcHdad3w2N2VkMjU5Mjg1ZmY0NDFlOGQ1YWMyNzU5OTEwYjk3M2JlNzRjYjNiODFmZWE3Y2FhN2NmNjliYTc4NThlNzk4,,,,,,,,https://static.bihr.pro/eBihr/Pictures/CONTROLTECH-pictures.zip,,Spain Warehouse (Parts)
1116943,,ST-EB-01-80,CONTROLTECH,CTECH E-I ±5° STEM 80MM,Potencia para bicicleta ±5° CONTROLTECH E-I - 80 mm,54.99,45.45,16.65,ST-EB-01-80,2,8714999089,0,1,"<ul>
<li>Material: AL6061</li>
<li>Manillar &Oslash;: 31.8mm</li>
<li>Direcci&oacute;n &Oslash;: 28.6mm</li>
<li>Longitud: 80mm</li>
<li>Inclinaci&oacute;n: +5/-5&deg;</li>
<li>Peso: 245g (110mm)</li>
<li>Compatible con Bosch Kiox</li>
</ul>","
Material: AL6061
Manillar Ø: 31.8mm
Dirección Ø: 28.6mm
Longitud: 80mm
Inclinación: +5/-5°
Peso: 245g (110mm)
Compatible con Bosch Kiox
",VEHICLE PARTS & ACCESSORIES,BICYCLE PARTS & ACCESSORIES,BICYCLE PARTS,1634,250,231,104,68,,,,,,,,,,,E-Bike,,https://api.mybihr.com/medias/1116943-1-800Wx800H?context=bWFzdGVyfHJvb3R8OTc3ODR8aW1hZ2UvanBlZ3xhR0U1TDJobFl5OHlOamc0TnpZek5UY3pNRFEyTWk4eE1URTJPVFF6TFRGZk9EQXdWM2c0TURCSXwzN2QwN2JkZDdkYTJjYmEwMWE2NGE5MzE1ZDMzNjgwZmRhM2UxMzdkODNkZmEyYjcxN2EwYmQ1Zjc4YzVkOGQ3,https://api.mybihr.com/medias/1116943-2-800Wx800H?context=bWFzdGVyfHJvb3R8Nzc3Mjd8aW1hZ2UvanBlZ3xhRFkzTDJobU15OHlOamc0TnpZek5Ua3lOekEzTUM4eE1URTJPVFF6TFRKZk9EQXdWM2c0TURCSXxlYTg5MjhmM2M2YWYxN2U0YzdiMmQ4MDJhYTVkODAxYjNkNTJhZjVmZDFkZWZjMjU0MGI4NTZhYTc1MzA5ZDE5,https://api.mybihr.com/medias/1116943-3-800Wx800H?context=bWFzdGVyfHJvb3R8MzUwNjd8aW1hZ2UvanBlZ3xhREZrTDJoaVpTOHlOamc0TnpZek5qRXlNelkzT0M4eE1URTJPVFF6TFROZk9EQXdWM2c0TURCSXw0ODAwZDIwMWM1N2VjZjUwM2RmY2UxY2RmMGM3NWI1MTFiN2ZkNmE5OTNhMzM1ODI5MTZhMmFlMDQ4OTEyMDQ4,https://api.mybihr.com/medias/1116943-4-800Wx800H?context=bWFzdGVyfHJvb3R8NDMwMTN8aW1hZ2UvanBlZ3xhRGxtTDJoaU5pOHlOamc0TnpZek5qTTROVGd5TWk4eE1URTJPVFF6TFRSZk9EQXdWM2c0TURCSXxmZmQxMTBiYTIyOWZjYTAyMjc5MTc3NzQyMDZiN2ExMDIwNDdhNzIyNmI4NTA3NTFhMGM0OWEyNjVjMDFkNzNh,,,,,https://static.bihr.pro/eBihr/Pictures/CONTROLTECH-pictures.zip,https://api.mybihr.com/medias/Manual-Controltech-STEB01.pdf?context=bWFzdGVyfHJvb3R8MjA3OTYzM3xhcHBsaWNhdGlvbi9wZGZ8YURNMkwyZ3haaTh4TmpjMU1UQTROemszTmpRM09DOU5ZVzUxWVd4ZlEyOXVkSEp2YkhSbFkyaGZVMVJGUWpBeExuQmtaZ3w4ODhlYTMzM2JhOTQwYjYzZDIxNWMxZTUwNmI3NjczZTJlNmQ5YmQ3MTc2YWJiYTkyNGQyNzdlZjI1MDllMjY0,Spain Warehouse (Parts)
1116972,,ATB-957-50,CONTROLTECH,CTECH LYNX 35 0° STEM 50MM,Potencia para bicicleta -0° CONTROLTECH Lynx - 50 mm,54.99,45.45,20.45,ATB-957-50,1,8714999089,0,1,"<ul>
<li>Material: AL6061</li>
<li>Manillar &Oslash;: 35mm</li>
<li>Direcci&oacute;n &Oslash;: 28.6mm</li>
<li>Longitud: 40/50mm</li>
<li>Inclinaci&oacute;n: +/- 0&deg;</li>
<li>Peso: 162g (40mm)</li>
<li>Ideal para All Mountain y Enduro 27.5 y 29''.</li>
</ul>","
Material: AL6061
Manillar Ø: 35mm
Dirección Ø: 28.6mm
Longitud: 40/50mm
Inclinación: +/- 0°
Peso: 162g (40mm)
Ideal para All Mountain y Enduro 27.5 y 29''.
",VEHICLE PARTS & ACCESSORIES,BICYCLE PARTS & ACCESSORIES,BICYCLE PARTS,1693,226,252,112,60,,,,,,,,,,,E-Bike,,https://api.mybihr.com/medias/1116972-1-800Wx800H?context=bWFzdGVyfHJvb3R8MTkwMzA1fGltYWdlL2pwZWd8YURVMkwyaGxOaTh5TmpnNU1EazVOVGsxTnpjNU1DOHhNVEUyT1RjeUxURmZPREF3VjNnNE1EQkl8ZTM2ZDk5MTA3YmViNGQ0NWUwNzUyMTBlM2VkZWQ4NThmNzQzMjY0Yzg4OTg5ZTg3MWFjYmZjMmEwMDMzN2EwMA,,,,,,,,https://static.bihr.pro/eBihr/Pictures/CONTROLTECH-pictures.zip,https://api.mybihr.com/medias/Controltech-ATB956-manual.pdf?context=bWFzdGVyfHJvb3R8NTkwMTQ3N3xhcHBsaWNhdGlvbi9wZGZ8YUdJeEwyZ3hNUzh4TmpjMU1UQTVNREV3TmpNNU9DOURiMjUwY205c2RHVmphQzFCVkVJNU5UWXRiV0Z1ZFdGc0xuQmtaZ3xjZTY1ZDFjOTJlYzJhYjU4NWEwYjdhNTg3ODBhZjljODk3MmI0NDRlOGQ1NDk4M2Q5OGYwZTlmOTg0YmQ0OTE2,Spain Warehouse (Parts)
1116925,,RAS-92-110,CONTROLTECH,CTECH COUGAR -5° STEM 110MM,Potencia para bicicleta -5° CONTROLTECH Cougar - 110 mm,54.99,45.45,18.00,RAS-92-110,4,8714999089,0,1,"<ul>
<li>Material: AL6061</li>
<li>Centro de manillar &Oslash;: 31.8mm</li>
<li>Direcci&oacute;n &Oslash;: 28.6mm</li>
<li>Longitud: 110mm</li>
<li>Inclinaci&oacute;n: -5&deg;</li>
<li>Peso: 182g(110mm)</li>
<li>PCS Compatible</li>
</ul>","
Material: AL6061
Centro de manillar Ø: 31.8mm
Dirección Ø: 28.6mm
Longitud: 110mm
Inclinación: -5°
Peso: 182g(110mm)
PCS Compatible
",VEHICLE PARTS & ACCESSORIES,BICYCLE PARTS & ACCESSORIES,BICYCLE PARTS,1461,220,229,110,58,,,,,,,,,,,Carretera & Triathlon,,https://api.mybihr.com/medias/1116925-1-800Wx800H?context=bWFzdGVyfHJvb3R8MTMzNzk2fGltYWdlL2pwZWd8YUdWa0wyaGtPQzh5TmpnNE56WXlNalUxTnpjeU5pOHhNVEUyT1RJMUxURmZPREF3VjNnNE1EQkl8OGNlZjY4NGJlYzhlN2RmOWNlYzlhODdmZmNjMDRlMGU0ODU0Yzk0N2MxZTVhNjdmMjU5MzI5NWMzMGFkMzFiMg,,,,,,,,https://static.bihr.pro/eBihr/Pictures/CONTROLTECH-pictures.zip,,Spain Warehouse (Parts)
1116948,,RAS-101-120,CONTROLTECH,CTECH FALCON -8° AERO STEM 120MM,Potencia para bicicleta Aero -8° CONTROLTECH Falcon - 120 mm,39.99,33.05,13.99,RAS-101-120,3,8714999089,0,1,"<ul>
<li>Material: AL6061</li>
<li>Centro de manillar &Oslash;: 31.8mm</li>
<li>Direcci&oacute;n &Oslash;: 28.6mm</li>
<li>Longitud: 120mm</li>
<li>Inclinaci&oacute;n: -8&deg; </li>
<li>Peso: 170g (110mm)</li>
</ul>","
Material: AL6061
Centro de manillar Ø: 31.8mm
Dirección Ø: 28.6mm
Longitud: 120mm
Inclinación: -8° 
Peso: 170g (110mm)
",VEHICLE PARTS & ACCESSORIES,BICYCLE PARTS & ACCESSORIES,BICYCLE PARTS,1428,221,231,103,60,,,,,,,,,,,Carretera,,https://api.mybihr.com/medias/1116948-1-800Wx800H?context=bWFzdGVyfHJvb3R8MTQzNDYzfGltYWdlL2pwZWd8YURGbEwyZ3lOeTh5TmpnNE56WXpPRFkzT1RVNE1pOHhNVEUyT1RRNExURmZPREF3VjNnNE1EQkl8ZGRlZDk4ZTlhYzcwM2U0NTM2NDVlYjkwMjljNmUxMTY1MjQwOThiYzg3YmU2ODgyNDRhMTM5MzE0NGRiOGI2NQ,,,,,,,,https://static.bihr.pro/eBihr/Pictures/CONTROLTECH-pictures.zip,https://api.mybihr.com/medias/Controltech-RAS101-manual.pdf?context=bWFzdGVyfHJvb3R8MjEzOTkyNHxhcHBsaWNhdGlvbi9wZGZ8YURCbUwyaGxaaTh4TmpjMU1UQTRPVGcwTkRJMU5DOURiMjUwY205c2RHVmphQzFTUVZNeE1ERXRiV0Z1ZFdGc0xuQmtaZ3w3YmMwYmNiMGY2YWFlNjkwMzY4M2VkZWJjZjMxNDg5Y2JhZTdmYTg2Zjg3NzdhYWI5MWI1YzJkZDk3MTljMjc2,Spain Warehouse (Parts)
1116997,,TTH-19P,CONTROLTECH,CTECH SIROCCO MINI CLIP-ON PAD TTH-19,Almohadillas de protección para los codos CONTROLTECH Sirocco Mini Clip-on,37.50,30.99,8.87,TTH-19P,8,8714999089,0,1,<p>Espuma integrada de 1 pieza</p>,"
Espuma integrada de 1 pieza",VEHICLE PARTS & ACCESSORIES,BICYCLE PARTS & ACCESSORIES,BICYCLE PARTS,629,42,321,98,20,,,,,,,,,,,Triathlon,,https://api.mybihr.com/medias/1116997-1-800Wx800H?context=bWFzdGVyfHJvb3R8MTU0MTAxfGltYWdlL2pwZWd8YURsaEwyZzJNaTh5TmpnNU1UQXdNelF5T0RnNU5DOHhNVEUyT1RrM0xURmZPREF3VjNnNE1EQkl8OGFhMzAyYTFhNjEwZmMxNzdiMTVhMDE5ODAyMmVmYWY1Y2Q3MDE4YzIyNWIxYjJlYzRmYzcwNmYwZjllMmRlNw,,,,,,,,https://static.bihr.pro/eBihr/Pictures/CONTROLTECH-pictures.zip,,Spain Warehouse (Parts)
1117001,,TTH-19-2,CONTROLTECH,CTECH SIROCCO MINI CLIP-ON (H-MOUNT),Acoples CONTROLTECH Sirocco Mini H-Mount,350.00,289.26,85.00,TTH-19-2,3,8714999089,0,1,"<ul>
<li>Material: Carbono UD con acabado negro mate</li>
<li>Montaje al manillar</li>
<li>Centro de manillar &Oslash;: 31.8mm</li>
<li>Peso: 259g</li>
</ul>","
Material: Carbono UD con acabado negro mate
Montaje al manillar
Centro de manillar Ø: 31.8mm
Peso: 259g
",VEHICLE PARTS & ACCESSORIES,BICYCLE PARTS & ACCESSORIES,BICYCLE PARTS,10308,499,336,260,118,,,,,,,,,,,Triathlon,,https://api.mybihr.com/medias/1117001-1-800Wx800H?context=bWFzdGVyfHJvb3R8OTQ4MDh8aW1hZ2UvanBlZ3xhR1F5TDJoa09TOHlOamc1TVRBd05EZ3dOVEUxTUM4eE1URTNNREF4TFRGZk9EQXdWM2c0TURCSXxiNGI1YTUyYzAwNWMwMTc2OGUzZWQxZTlhMmExN2E3OTlkMTIxOGNmODg3ODJiMWQ2ODhmOTRhYzdjYTE3ZTEy,https://api.mybihr.com/medias/1117001-2-800Wx800H?context=bWFzdGVyfHJvb3R8NTI5MTl8aW1hZ2UvanBlZ3xhR0l4TDJoa055OHlOamc1TVRBd05UQXdNVGMxT0M4eE1URTNNREF4TFRKZk9EQXdWM2c0TURCSXw0ZWFlMDRjYmNiY2U0ZjUxNDI3YjFiODc4MjVjM2ZkNDM1M2NjNWFjM2Y0ZjUwYzA4ZmJkODcwOTMxYTNkYWRl,https://api.mybihr.com/medias/1117001-3-800Wx800H?context=bWFzdGVyfHJvb3R8MTM0Mzc4fGltYWdlL2pwZWd8YURNekwyaGtNQzh5TmpnNU1UQXdOVEkyTXprd01pOHhNVEUzTURBeExUTmZPREF3VjNnNE1EQkl8NjIxNmEwNDdiM2E2ZWMwNWEzYWE1ODBmYzIxYWI2ODU0NGVhODc0YzQxOTZkZmEwZTQ4ZjU2ZjA3NTQ5Mjg4OQ,,,,,,https://static.bihr.pro/eBihr/Pictures/CONTROLTECH-pictures.zip,,Spain Warehouse (Parts)
1116947,,RAS-101-100,CONTROLTECH,CTECH FALCON -8° AERO STEM 100MM,Potencia para bicicleta Aero -8° CONTROLTECH Falcon - 100 mm,42.50,35.12,11.00,RAS-101-100,8,8714999089,0,1,"<ul>
<li>Material: AL6061</li>
<li>Manillar &Oslash;: 31.8mm</li>
<li>Direcci&oacute;n &Oslash;: 28.6mm</li>
<li>Longitud: 100mm</li>
<li>Inclinaci&oacute;n: -8&deg; </li>
<li>Peso: 170g (110mm)</li>
</ul>","
Material: AL6061
Manillar Ø: 31.8mm
Dirección Ø: 28.6mm
Longitud: 100mm
Inclinación: -8° 
Peso: 170g (110mm)
",VEHICLE PARTS & ACCESSORIES,BICYCLE PARTS & ACCESSORIES,BICYCLE PARTS,1428,221,231,103,60,,,,,,,,,,,Carretera,,https://api.mybihr.com/medias/1116947-1-800Wx800H?context=bWFzdGVyfHJvb3R8MTQzNDYzfGltYWdlL2pwZWd8YURZd0wyZ3lNQzh5TmpnNE56WXpPRFE0TWprM05DOHhNVEUyT1RRM0xURmZPREF3VjNnNE1EQkl8NDZlNDQ1OTcyMjg4M2ExYzY0YTMwYzVlZjQzMDRjNDM1OTU2YzNhZGEwOTMyOThhNzZlNDZhYTZkODliZTA0Yg,,,,,,,,https://static.bihr.pro/eBihr/Pictures/CONTROLTECH-pictures.zip,https://api.mybihr.com/medias/Controltech-RAS101-manual.pdf?context=bWFzdGVyfHJvb3R8MjEzOTkyNHxhcHBsaWNhdGlvbi9wZGZ8YURCbUwyaGxaaTh4TmpjMU1UQTRPVGcwTkRJMU5DOURiMjUwY205c2RHVmphQzFTUVZNeE1ERXRiV0Z1ZFdGc0xuQmtaZ3w3YmMwYmNiMGY2YWFlNjkwMzY4M2VkZWJjZjMxNDg5Y2JhZTdmYTg2Zjg3NzdhYWI5MWI1YzJkZDk3MTljMjc2,Spain Warehouse (Parts)
1117008,,BAG-01,CONTROLTECH,CTECH TRI-POWER UNIT,Caja de almacenamiento CONTROLTECH Tri Power Unit,37.50,30.99,13.95,BAG-01,5,8714999089,0,1,"<ul>
<li>Material: TPR + ABS </li>
<li>Capacidad: 260 cm&sup3;</li>
<li>Talla: 220x42mm </li>
<li>Peso: 155g</li>
</ul>","
Material: TPR + ABS 
Capacidad: 260 cm³
Talla: 220x42mm 
Peso: 155g
",VEHICLE PARTS & ACCESSORIES,BICYCLE PARTS & ACCESSORIES,BICYCLE PARTS,3211,196,265,146,83,,,,,,,,,,,Triathlon,,https://api.mybihr.com/medias/1117008-1-800Wx800H?context=bWFzdGVyfHJvb3R8ODEwNDJ8aW1hZ2UvanBlZ3xhRFkwTDJnd015OHlOamc1TVRBeE1EZzVPVGs1T0M4eE1URTNNREE0TFRGZk9EQXdWM2c0TURCSXwzODUyNjQ5ZDdmNDUyZDdlNWQyZDk4OTAwZTk1MzcyMDM0ZjE3MDA3MTFlMGNhZDk2MzEwMDlhNzM5Zjk2YjE5,https://api.mybihr.com/medias/1117008-2-800Wx800H?context=bWFzdGVyfHJvb3R8OTcxNjl8aW1hZ2UvanBlZ3xhR1V3TDJnMU1TOHlOamc1TVRBeE1UQTVOall3Tmk4eE1URTNNREE0TFRKZk9EQXdWM2c0TURCSXxmMzE3N2M2MTBlNTUwZmM0MWQ4ZWNhMDNmNTIxMjU1ZDk0ZTVkNTQ3NTI0YTYzNjAzMWMyZGU4YWFlMWQzOGZm,https://api.mybihr.com/medias/1117008-3-800Wx800H?context=bWFzdGVyfHJvb3R8NjkzMDV8aW1hZ2UvanBlZ3xhR0l4TDJnMU9DOHlOamc1TVRBeE1USTVNekl4TkM4eE1URTNNREE0TFROZk9EQXdWM2c0TURCSXxmZGQ4NTRmZTgwMmMxZTkzOTVkZDU5MDczNTAyMjE1NmM0ZDA2NGZlYWFmZWNlNzUyOTk3M2UwNDBmMmVkYzE0,https://api.mybihr.com/medias/1117008-4-800Wx800H?context=bWFzdGVyfHJvb3R8MTUyNjF8aW1hZ2UvanBlZ3xhRGxsTDJobU1pOHhOekV6TmpjNE56azBOelUxTUM4eE1URTNNREE0TFRSZk9EQXdWM2c0TURCSXxiMTRmODRlOGY0ODJkNDUxNTQ5NWFkOTM2ZGUyMThhMTg2MDg2MjdkYWQwNWRhOTc2MzFkYWNmY2QzNjc5NTVi,https://api.mybihr.com/medias/1117008-5-800Wx800H?context=bWFzdGVyfHJvb3R8Njc3MjV8aW1hZ2UvanBlZ3xhREUxTDJoaU9DOHhOekV6TmpjNE9ETTBNRGMyTmk4eE1URTNNREE0TFRWZk9EQXdWM2c0TURCSXw5NDY2YTIwNDkzYWY0OTk3NDBiMWViZTY5ZmFmNjY5NWFiMDc0YmI5MGNmNTg4MzAzYjUzNzBhYTBhNTc5ODkz,,,,https://static.bihr.pro/eBihr/Pictures/CONTROLTECH-pictures.zip,https://api.mybihr.com/medias/Controltech-tri-power-unit.pdf?context=bWFzdGVyfHJvb3R8MTkwMDAwN3xhcHBsaWNhdGlvbi9wZGZ8YURVNEwyZzFaUzh4TmpjMU1UWXdNRFV6TXpVek5DOURiMjUwY205c2RHVmphRjkwY21sZmNHOTNaWEpmZFc1cGRDNXdaR1l8NTYxOGQxYjY3ZGJhMzA4MDk2ZTZhZTkxMzlkNjIwZTBjOTExNWY2NWIyNTQwZDAzZTc2NWNlNDc4MTJmNTRjYg,Spain Warehouse (Parts)
1116966,,RIM-86,CONTROLTECH,CTECH LYNX 29ER WIDE WHEELSET,"Juego de ruedas de bicicleta CONTROLTECH Lynx 29""",690.00,570.25,342.15,,1,8714999089,0,1,"<ul>
	<li>Material: CNC AL6061</li>
	<li>Perfil: 18mm</li>
	<li>Anchura de llanta exterior: 34.5mm</li>
	<li>Anchura de llanta interior: 30mm</li>
	<li>Axle: TA-12</li>
	<li>Anchura de eje (O.L.D.): F: 110mm / R: 148mm</li>
	<li>Radios: F: 32h/R: 32h</li>
	<li>Peso: 1850 / par (TBD)</li>
	<li>Compatible con SHIMANO 12S</li>
	<li>Tubeless Ready</li>
</ul>","
	Material: CNC AL6061
	Perfil: 18mm
	Anchura de llanta exterior: 34.5mm
	Anchura de llanta interior: 30mm
	Axle: TA-12
	Anchura de eje (O.L.D.): F: 110mm / R: 148mm
	Radios: F: 32h/R: 32h
	Peso: 1850 / par (TBD)
	Compatible con SHIMANO 12S
	Tubeless Ready
",VEHICLE PARTS & ACCESSORIES,BICYCLE PARTS & ACCESSORIES,BICYCLE PARTS,90882,4240,810,660,170,,,,,,,,,,,MTB,,https://api.mybihr.com/medias/1116966-1-800Wx800H?context=bWFzdGVyfHJvb3R8MTQyODAyfGltYWdlL2pwZWd8YURsaEwyZ3lOeTh5TmpnNU1EazVNamd4TWpBMk1pOHhNVEUyT1RZMkxURmZPREF3VjNnNE1EQkl8ZDc0ZWY1NjNiNmNlZjNhYTJjOWQzZjUyZDMwNzNiODAyOWJiZTQ5YTQxNWUyNDUyZTE5YmUxM2NkYmNkNjEyZA,https://api.mybihr.com/medias/1116966-2-800Wx800H?context=bWFzdGVyfHJvb3R8MTU1NTE4fGltYWdlL2pwZWd8YURobUwyZ3lOeTh5TmpnNU1EazVNekEzTkRJd05pOHhNVEUyT1RZMkxUSmZPREF3VjNnNE1EQkl8OWEzOTRhZWI5YzAxODYwYTBlZjMwMTY1ZWM5NDQyYWZkNTRhOTdmNWY3ZjExNDkxZmZjOGY1ODU5ZWI4M2EwMQ,,,,,,,https://static.bihr.pro/eBihr/Pictures/CONTROLTECH-pictures.zip,,Spain Warehouse (Parts)
1116938,,CR-48/SRAM-53T BCD13,CONTROLTECH,CTECH ECCENTRIC RING 53T BCD130MM,Plato ovalado CONTROLTECH SRAM 53 dientes,165.00,136.36,41.00,1116938,3,8714999089,0,1,"<ul>
<li>Material: AL7075</li>
<li>Dentado: 53 dientes</li>
<li>BCD: 130</li>
</ul>","
Material: AL7075
Dentado: 53 dientes
BCD: 130
",VEHICLE PARTS & ACCESSORIES,BICYCLE PARTS & ACCESSORIES,BICYCLE PARTS,2526,292,262,241,40,,,,,,,,,Aluminio 7075-T6,,Triathlon,,https://api.mybihr.com/medias/1116938-1-800Wx800H?context=bWFzdGVyfHJvb3R8OTAxNTh8aW1hZ2UvanBlZ3xhRFJrTDJneE5TOHlOamt5TWpBNU5ETTJNalkxTkM4eE1URTJPVE00TFRGZk9EQXdWM2c0TURCSXw2NTlkYzYxYzM3N2FkMzJkMzNhNmZkMTI1ZTFlMThkOTkzYTgzMDY0YzU3MmRlMWQ0OTYyM2EzZWRkYTM0Mzcy,,,,,,,,https://static.bihr.pro/eBihr/Pictures/CONTROLTECH-pictures.zip,,Spain Warehouse (Parts)
1116974,,ATB-308/DI2-800,CONTROLTECH,CTECH LYNX 35 FLAT TOP BAR 800MM,Manillar de bicicleta CONTROLTECH Lynx Flat Carnono 800mm,210.00,173.55,63.99,ATB-308/DI2-8,3,8714999089,0,1,"<ul>
<li>Material: Carbono</li>
<li>Centro de manillar &Oslash;: 35mm</li>
<li>Anchura: 800mm </li>
<li>Apertura: 9&deg;</li>
<li>Barrido: 0&deg;</li>
<li>Elevaci&oacute;n: 0</li>
<li>Peso: 215g (760mm)</li>
</ul>","
Material: Carbono
Centro de manillar Ø: 35mm
Anchura: 800mm 
Apertura: 9°
Barrido: 0°
Elevación: 0
Peso: 215g (760mm)
",VEHICLE PARTS & ACCESSORIES,BICYCLE PARTS & ACCESSORIES,BICYCLE PARTS,7524,296,809,155,60,,,,,,,,,,,E-Bike,,https://api.mybihr.com/medias/1116974-1-800Wx800H?context=bWFzdGVyfHJvb3R8Mjc2OTN8aW1hZ2UvanBlZ3xhREE1TDJnNU1TOHlOamc1TURrNU5qTTFNVEF3Tmk4eE1URTJPVGMwTFRGZk9EQXdWM2c0TURCSXw5MDNjNzg5MjIxMGUzNTg3ZGUwZDhhYjdhNWQ3M2RmNWVlY2M5ZDdjNTJjOGQxODZhNjJjNjRjMjQzNGUzODZj,https://api.mybihr.com/medias/1116974-2-800Wx800H?context=bWFzdGVyfHJvb3R8MjY4MDB8aW1hZ2UvanBlZ3xhRE5pTDJnNE55OHlOamc1TURrNU5qWXhNekUxTUM4eE1URTJPVGMwTFRKZk9EQXdWM2c0TURCSXwyMjI0YmU0YWYwZjQ3NjU5ZjY2MzVkODc5NWFkNTk5NjdkN2E4NmQyYjllOGVjYzAwMTc1NDdkNTA1OWUzZTFh,https://api.mybihr.com/medias/1116974-3-800Wx800H?context=bWFzdGVyfHJvb3R8MzA5OTd8aW1hZ2UvanBlZ3xhREF5TDJnek1pOHlOamc1TURrNU56QXdOak0yTmk4eE1URTJPVGMwTFROZk9EQXdWM2c0TURCSXw2MWYwYWIzMTI2MDM1MzJiMmNmMGNlYzNkMGVkZDcyMGNhNDU1MmE0ZDM2N2UyYjg3OTA4NDBmM2UzOThlOGJh,,,,,,https://static.bihr.pro/eBihr/Pictures/CONTROLTECH-pictures.zip,,Spain Warehouse (Parts)
1116945,,ST-EB-02-90,CONTROLTECH,CTECH E-I ADJUSTABLE STEM 90MM,Potencia para bicicleta ajustable CONTROLTECH E-I - 90 mm,115.00,95.04,25.00,ST-EB-02-90,5,8714999089,0,1,"<ul>
<li>Material: AL6061</li>
<li>Manillar &Oslash;: 31.8mm</li>
<li>Direcci&oacute;n &Oslash;: 28.6mm</li>
<li>Longitud: 90mm</li>
<li>Inclinaci&oacute;n: +25/-30&deg;</li>
<li>Peso: 350g (110mm)</li>
<li>Integraci&oacute;n con el display Bosch Kiox</li>
</ul>","
Material: AL6061
Manillar Ø: 31.8mm
Dirección Ø: 28.6mm
Longitud: 90mm
Inclinación: +25/-30°
Peso: 350g (110mm)
Integración con el display Bosch Kiox
",VEHICLE PARTS & ACCESSORIES,BICYCLE PARTS & ACCESSORIES,BICYCLE PARTS,1560,381,233,103,65,,,,,,,,,,,E-Bike,,https://api.mybihr.com/medias/1116945-1-800Wx800H?context=bWFzdGVyfHJvb3R8MTEyMzEzfGltYWdlL2pwZWd8YURRNUwyZzBPUzh5TmpnNE56WXpOelE1T1Rrek5DOHhNVEUyT1RRMUxURmZPREF3VjNnNE1EQkl8ZTYwNTAxZjFmMWViNTQ5N2QyMDAyMTk2NjFlNzc2YTBmYjE2ZjgxMDQwY2IzOGFmZGMyZGE2OGMwMmY4MTYxNQ,https://api.mybihr.com/medias/1116945-2-800Wx800H?context=bWFzdGVyfHJvb3R8OTI1ODJ8aW1hZ2UvanBlZ3xhRGM0TDJnME1pOHlOamc0TnpZek56WTVOalUwTWk4eE1URTJPVFExTFRKZk9EQXdWM2c0TURCSXw0ZjZkNzA3OWE2YTZiNzk5MmM5ODBkOTc1YWQzNWFjZTU3NzFjMmQxZmYzNTExOTU0ZTZiY2JjODkxZjQzYWY4,https://api.mybihr.com/medias/1116945-3-800Wx800H?context=bWFzdGVyfHJvb3R8MTA3MDIxfGltYWdlL2pwZWd8YUdFNEwyZ3pZaTh5TmpnNE56WXpOemc1TXpFMU1DOHhNVEUyT1RRMUxUTmZPREF3VjNnNE1EQkl8MWVlMDc2Y2M2Nzk5M2VlNjJlNDgwNmNmMDQyYjY0YTIxOGVhMzkzMWY4MGYwYmUzYTE1ZjkwMzYwNjdlYjBjNQ,https://api.mybihr.com/medias/1116945-4-800Wx800H?context=bWFzdGVyfHJvb3R8MTIyNjI2fGltYWdlL2pwZWd8YUdNd0wyZ3hNaTh5TmpnNE56WXpPREE0T1RjMU9DOHhNVEUyT1RRMUxUUmZPREF3VjNnNE1EQkl8ZTBkYzFmOWE3MzY3OTJkMGUzMmU3MTg4YjBmNzNmZDg2YTVmMzZjYjczYzMzNjJmYjQxMzY3N2M1MzU2MjNlMg,https://api.mybihr.com/medias/1116945-5-800Wx800H?context=bWFzdGVyfHJvb3R8NDEyNTJ8aW1hZ2UvanBlZ3xhR00xTDJoa055OHhOamM1TlRVMU5USXdNVEExTkM4eE1URTJPVFExTFRWZk9EQXdWM2c0TURCSXwyODdjNzAwNjBhZDA5OWMzZjc3Y2Y2MmMxOWFkMWFhZGY5ZDY0YTllYzZiYjkxYTRmMDkyMGQ0Zjk4M2Y1NzM2,,,,https://static.bihr.pro/eBihr/Pictures/CONTROLTECH-pictures.zip,https://api.mybihr.com/medias/Controltech-STEB02-manual.pdf?context=bWFzdGVyfHJvb3R8MjI4Mzg1OHxhcHBsaWNhdGlvbi9wZGZ8YURObEwyaGxPQzh4TmpjMU1UQTRPVFkwTnpZME5pOURiMjUwY205c2RHVmphQzFUVkVWQ01ESXRiV0Z1ZFdGc0xuQmtaZ3xiYmIzMzlhYzYyNGI3ZmFhMjg5OTdhN2IwNmIwMmRkMDRiNjUxNTdlZWVjZDkyZTk2Y2MwMDY4NGVmMjcxZTdj,Spain Warehouse (Parts)
1117006,,TTH-18P,CONTROLTECH,CTECH TIME ZONE EVO ARM CUP PAD,Almohadilla de reposabrazos CONTROLTECH Time Zone EVO,24.50,20.25,6.00,TTH-18P,9,8714999089,0,1,"<ul>
	<li>Material: EVA</li>
	<li>Peso: 25g/par</li>
	<li>Almohadillas codos para Time Zone Aerobar TTH-17 &amp; TTH-18&nbsp;</li>
</ul>","
	Material: EVA
	Peso: 25g/par
	Almohadillas codos para Time Zone Aerobar TTH-17 & TTH-18 
",VEHICLE PARTS & ACCESSORIES,BICYCLE PARTS & ACCESSORIES,BICYCLE PARTS,1434,52,153,125,75,,,,,,,,,,,Triathlon,,https://api.mybihr.com/medias/1117006-1-800Wx800H?context=bWFzdGVyfHJvb3R8NjEyNTd8aW1hZ2UvanBlZ3xhR1UzTDJnd1pDOHlOamc1TVRBeE1ETTNOVGN4TUM4eE1URTNNREEyTFRGZk9EQXdWM2c0TURCSXwwN2FiZTFhNmFhMDRkOTcxZTMxZGZlZmEyNmRhYjVlNmMwZGFkMGU1YzAzY2ViYzFjYjlhZDM1YTI3NjgyMDA1,,,,,,,,https://static.bihr.pro/eBihr/Pictures/CONTROLTECH-pictures.zip,,Spain Warehouse (Parts)
1116976,,ATB-383DB6-5-800,CONTROLTECH,CTECH LYNX 35 RISER BAR 800MM,Manillar de bicicleta CONTROLTECH Lynx Riser 800mm,52.50,43.39,18.00,ATB-383DB6-5-,5,8714999089,0,1,"<ul>
<li>Material: AL6061</li>
<li>Centro de manillar &Oslash;: 35mm</li>
<li>Anchura: 800mm</li>
<li>Apertura: 9&deg;</li>
<li>Barrido: 4&deg;</li>
<li>Elevaci&oacute;n: 20mm</li>
<li>Peso: 310g (750mm)</li>
</ul>","
Material: AL6061
Centro de manillar Ø: 35mm
Anchura: 800mm
Apertura: 9°
Barrido: 4°
Elevación: 20mm
Peso: 310g (750mm)
",VEHICLE PARTS & ACCESSORIES,BICYCLE PARTS & ACCESSORIES,BICYCLE PARTS,7086,371,794,119,75,,,,,,,,,,,E-Bike,,https://api.mybihr.com/medias/1116976-1-800Wx800H?context=bWFzdGVyfHJvb3R8MzA5NjF8aW1hZ2UvanBlZ3xhR0V5TDJneU1DOHlOamc1TURrNU56VXpNRFkxTkM4eE1URTJPVGMyTFRGZk9EQXdWM2c0TURCSXxkYTkwNmVkMmFlZWU1ZTU3MmI0MDM5ZWExNTA3NjZlYzVkY2Q4NDI2MTBkMTE2NjZlOGYzMTE2ZDViYTdjNThm,,,,,,,,https://static.bihr.pro/eBihr/Pictures/CONTROLTECH-pictures.zip,,Spain Warehouse (Parts)
1116939,,CR-49/SHIMANO-36T BC,CONTROLTECH,CTECH ECCENTRIC RING 36T BCD110MM,Plato ovalado CONTROLTECH Shimano 36 dientes,120.00,99.17,30.00,1116939,2,8714999089,0,1,"<ul>
<li>Material: AL7075</li>
<li>Dentado: 36 dientes</li>
<li>BCD: 110</li>
</ul>","
Material: AL7075
Dentado: 36 dientes
BCD: 110
",VEHICLE PARTS & ACCESSORIES,BICYCLE PARTS & ACCESSORIES,BICYCLE PARTS,2688,136,235,208,55,,,,,,,,,Aluminio 7075-T6,,Triathlon,,https://api.mybihr.com/medias/1116939-1-800Wx800H?context=bWFzdGVyfHJvb3R8OTUxOTh8aW1hZ2UvanBlZ3xhR0V4TDJnMlpTOHlOamc0TnpZek5ERTFOelU1T0M4eE1URTJPVE01TFRGZk9EQXdWM2c0TURCSXxlYjAxZDhkYjNhZmRiZTRjNGQ3NmM2ZjE0Mzg4YWI3OGJmMDE0NWJhMzE5ZTdkNzQzZWQxMjQ3MjYyZTlhNjIx,,,,,,,,https://static.bihr.pro/eBihr/Pictures/CONTROLTECH-pictures.zip,https://api.mybihr.com/medias/Controltech-Eccentric-Ring-Shimano.pdf?context=bWFzdGVyfHJvb3R8MjMxNDAwOXxhcHBsaWNhdGlvbi9wZGZ8YUdZekwyaGhaaTh4TmpjMU1UVTRPVFU0T1RBeU1pOURiMjUwY205c2RHVmphQzFGWTJObGJuUnlhV010VW1sdVp5MVRhR2x0WVc1dkxuQmtaZ3wwNmFjYzBkYTA0YjljNWE3ZmI1ZTYwNGQ0OGM3ZmM4NmEyYmU3MmNlMmI1ZDZiNDA1MTE4MTRjYmI0MjJmOTVk,Spain Warehouse (Parts)
1117007,,TTL-02,CONTROLTECH,CTECH TIME ZONE TT LEVER,Manetas de freno CONTROLTECH Time Zone TT,99.00,81.82,30.00,TTL-02,1,8714999089,0,1,"<ul>
	<li>Material: AL 6061</li>
	<li>Interior &Oslash;: 20mm&nbsp;</li>
	<li>Talla: L126*W18.7*H70.8mm</li>
	<li>Peso: 170g/par (sin cables)</li>
</ul>","
	Material: AL 6061
	Interior Ø: 20mm 
	Talla: L126*W18.7*H70.8mm
	Peso: 170g/par (sin cables)
",VEHICLE PARTS & ACCESSORIES,BICYCLE PARTS & ACCESSORIES,BICYCLE PARTS,1664,288,265,146,43,,,,,,,,,,,Triathlon,,https://api.mybihr.com/medias/1117007-1-800Wx800H?context=bWFzdGVyfHJvb3R8NDg1Njd8aW1hZ2UvanBlZ3xhREE0TDJnd01TOHlOamc1TVRBeE1EY3dNek01TUM4eE1URTNNREEzTFRGZk9EQXdWM2c0TURCSXxkYmVmM2Y1YTUzZmNlOGE0YmY0YjQ2OTk4OTMwZjljNDlkZTcxYzc4Mjk2OWQyZTlhYjQ3ZTU1ZjZkOWRmNDBk,,,,,,,,https://static.bihr.pro/eBihr/Pictures/CONTROLTECH-pictures.zip,,Spain Warehouse (Parts)
1116969,,ATB-310 DB6-8-800,CONTROLTECH,CTECH LYNX 31.8 EI BAR 800MM,Manillar de bicicleta CONTROLTECH Lynx EI 800mm,75.00,61.98,14.00,1116969,10,8714999089,0,1,"<ul>
<li>Material: AL6061</li>
<li>Centro de manillar &Oslash;: 31.8mm</li>
<li>Anchura: 800mm</li>
<li>Apertura: 9&deg;</li>
<li>Peso: 300g (750mm)</li>
<li>T&uacute;nel de cableado interior en combinaci&oacute;n con la potencia ATB-958</li>
<li>Incluye separadores HSS-19</li>
</ul>","
Material: AL6061
Centro de manillar Ø: 31.8mm
Anchura: 800mm
Apertura: 9°
Peso: 300g (750mm)
Túnel de cableado interior en combinación con la potencia ATB-958
Incluye separadores HSS-19
",VEHICLE PARTS & ACCESSORIES,BICYCLE PARTS & ACCESSORIES,BICYCLE PARTS,7340,351,807,107,85,,,,,,,,,,,E-Bike,,https://api.mybihr.com/medias/1116969-1-800Wx800H?context=bWFzdGVyfHJvb3R8MTY5MDl8aW1hZ2UvanBlZ3xhR0ZqTDJnelppOHlOamc1TURrNU16YzVOVEV3TWk4eE1URTJPVFk1TFRGZk9EQXdWM2c0TURCSXxhNmQzODU0MmZiZjI3NTQ0NTcyZjRhZTdkMTYxNjA1NzY2MmZkNWFjNThhMWI4MzZjNGI0YzE2ODhlNmFlNmNi,https://api.mybihr.com/medias/1116969-2-800Wx800H?context=bWFzdGVyfHJvb3R8MjA1NjR8aW1hZ2UvanBlZ3xhRGRqTDJnME5pOHlOamc1TURrNU16azVNVGN4TUM4eE1URTJPVFk1TFRKZk9EQXdWM2c0TURCSXwyOTU0YmIzNzhkMTk2NDM3Yjk5Y2JhZGVkOGMxMzhlY2IzNDhmZTliODM3N2FkZGNlOWNiOGZkMmZhMjUxODll,,,,,,,https://static.bihr.pro/eBihr/Pictures/CONTROLTECH-pictures.zip,,Spain Warehouse (Parts)
1116956,,TTH-13,CONTROLTECH,CTECH IMPEL MINI CLIP-ON,Acoples CONTROLTECH Impel Mini Clip-On,250.00,206.61,61.00,TTH-13,3,8714999089,0,1,"<ul>
	<li>Material: UD Carbon&nbsp;</li>
	<li>Anchura: 168mm</li>
	<li>Centro de manillar &Oslash;: 31.8mm</li>
	<li>Peso: 280g</li>
</ul>","
	Material: UD Carbon 
	Anchura: 168mm
	Centro de manillar Ø: 31.8mm
	Peso: 280g
",VEHICLE PARTS & ACCESSORIES,BICYCLE PARTS & ACCESSORIES,BICYCLE PARTS,8918,362,318,228,123,,,,,,,,,,,Triathlon,,https://api.mybihr.com/medias/1116956-1-800Wx800H?context=bWFzdGVyfHJvb3R8MTA4ODUwfGltYWdlL2pwZWd8YUdKaUwyZ3hNUzh5TmpnNE56WTBNVFl5T0Rjd01pOHhNVEUyT1RVMkxURmZPREF3VjNnNE1EQkl8OTM3ODEzMzEzZGIwYjY3M2EyMDc2MDViNGJkYjQ5NDE2OWE0ZjAyZGRkNWEwZjA3MzBlZGEwYjMwYzM0ODU3ZA,https://api.mybihr.com/medias/1116956-2-800Wx800H?context=bWFzdGVyfHJvb3R8NzcxMjh8aW1hZ2UvanBlZ3xhRFJqTDJneE9TOHlOamc0TnpZME1UZzVNRGcwTmk4eE1URTJPVFUyTFRKZk9EQXdWM2c0TURCSXw0OGI1NTU3MDFmMDIwOWNhYjhkYWIwNThlOTVmN2YxZWJmNzllY2M5NTI5ZjJjMWU1ZmU0Mzc5MmFlY2I5ZWRl,https://api.mybihr.com/medias/1116956-3-800Wx800H?context=bWFzdGVyfHJvb3R8NjgzODR8aW1hZ2UvanBlZ3xhRGcyTDJnMlpTOHlOamc0TnpZME1qSTROREEyTWk4eE1URTJPVFUyTFROZk9EQXdWM2c0TURCSXxiZGUxNDI2ZGE2YmExZTYxNjFmOGY5ZGEzYTkyNWQzYmI5ZDViZGNmZWU2OTRkMTVlYWNhMzI0NWVkNzJlODBi,,,,,,https://static.bihr.pro/eBihr/Pictures/CONTROLTECH-pictures.zip,,Spain Warehouse (Parts)
1116944,,ST-EB-02-110,CONTROLTECH,CTECH E-I ADJUSTABLE STEM 110MM,Potencia para bicicleta ajustable CONTROLTECH E-I - 110 mm,115.00,95.04,25.00,ST-EB-02-110,5,8714999089,0,1,"<ul>
<li>Material: AL6061</li>
<li>Manillar &Oslash;: 31.8mm</li>
<li>Direcci&oacute;n &Oslash;: 28.6mm</li>
<li>Longitud: 110mm</li>
<li>Inclinaci&oacute;n: +25/-30&deg;</li>
<li>Peso: 350g (110mm)</li>
<li>Integraci&oacute;n con el display Bosch Kiox</li>
</ul>","
Material: AL6061
Manillar Ø: 31.8mm
Dirección Ø: 28.6mm
Longitud: 110mm
Inclinación: +25/-30°
Peso: 350g (110mm)
Integración con el display Bosch Kiox
",VEHICLE PARTS & ACCESSORIES,BICYCLE PARTS & ACCESSORIES,BICYCLE PARTS,1560,381,233,103,65,,,,,,,,,,,E-Bike,,https://api.mybihr.com/medias/1116944-1-800Wx800H?context=bWFzdGVyfHJvb3R8MTEyMzEzfGltYWdlL2pwZWd8YUdKbUwyaGhPUzh5TmpnNE56WXpOamN4TXpVd01pOHhNVEUyT1RRMExURmZPREF3VjNnNE1EQkl8MTQyNmExZDM5MWQ0MmE1NDQ4Y2YwNzFlMzdjNmViNjBlNjNjOGQ1NjgwZDI5NmZmYmY0MzliMzZiOWNhOGRiMg,https://api.mybihr.com/medias/1116944-2-800Wx800H?context=bWFzdGVyfHJvb3R8OTI1ODJ8aW1hZ2UvanBlZ3xhR1ZtTDJoaE1pOHlOamc0TnpZek5qa3hNREV4TUM4eE1URTJPVFEwTFRKZk9EQXdWM2c0TURCSXxhMjc5ZTgxM2E0OTc3N2NmNzJlYTFlMWNjOWQ5OGI1ZDc0MDJkN2I3NzkwOGI1Zjg5NDRhNDJkN2UzOTJiODNk,https://api.mybihr.com/medias/1116944-3-800Wx800H?context=bWFzdGVyfHJvb3R8MTA3MDIxfGltYWdlL2pwZWd8YURnMkwyZzFOQzh5TmpnNE56WXpOekV3TmpjeE9DOHhNVEUyT1RRMExUTmZPREF3VjNnNE1EQkl8YWQ2ZDFmZmJiNTE5NzA5ODY1ODFhYTU0OTY4Mjk1ZjA4YTRjMWZmMjVjNmU5MTYxMGIyNTM1ZmQ1ZWM3ZDM4Yw,https://api.mybihr.com/medias/1116944-4-800Wx800H?context=bWFzdGVyfHJvb3R8MTIyNjI2fGltYWdlL2pwZWd8YUdJMkwyZzBaQzh5TmpnNE56WXpOek13TXpNeU5pOHhNVEUyT1RRMExUUmZPREF3VjNnNE1EQkl8M2ZjZjhkNDJlYmYwZjY0YmVhZTRiMDQzODllMGExZTQ4NjllYzRiODhmN2MxZjkwZmVmZmIwM2EyMWI3NjdjZQ,https://api.mybihr.com/medias/1116944-5-800Wx800H?context=bWFzdGVyfHJvb3R8NDEyNTJ8aW1hZ2UvanBlZ3xhR00xTDJnd01DOHhOamM1TlRVMU16RXdNemt3TWk4eE1URTJPVFEwTFRWZk9EQXdWM2c0TURCSXxmNGNiZTAxZDBmNjY5ODhiODhmNDg5N2E2NTMxMTBmOWE3ZWNiMTRiYWFmZjY2ZjRhNmNhZDM2MGM2NDJjYzZm,,,,https://static.bihr.pro/eBihr/Pictures/CONTROLTECH-pictures.zip,https://api.mybihr.com/medias/Controltech-STEB02-manual.pdf?context=bWFzdGVyfHJvb3R8MjI4Mzg1OHxhcHBsaWNhdGlvbi9wZGZ8YURObEwyaGxPQzh4TmpjMU1UQTRPVFkwTnpZME5pOURiMjUwY205c2RHVmphQzFUVkVWQ01ESXRiV0Z1ZFdGc0xuQmtaZ3xiYmIzMzlhYzYyNGI3ZmFhMjg5OTdhN2IwNmIwMmRkMDRiNjUxNTdlZWVjZDkyZTk2Y2MwMDY4NGVmMjcxZTdj,Spain Warehouse (Parts)
1116927,,RAS-94-110,CONTROLTECH,CTECH COUGAR -6° AERO ALLOY STEM 110MM,Potencia para bicicleta Aero -6° CONTROLTECH Cougar - 110 mm,75.00,61.98,20.29,RAS-94-110,6,8714999089,0,1,"<ul>
<li>Material: AL6061</li>
<li>Manillar &Oslash;: 31.8mm</li>
<li>Direcci&oacute;n &Oslash;: 28.6mm</li>
<li>Longitud: 110mm</li>
<li>Inclinaci&oacute;n: -6&deg;</li>
<li>Peso: 240g (110mm)</li>
<li>Tap&oacute;n de ara&ntilde;a integrado, tornillos de tapa frontal ocultos</li>
</ul>","
Material: AL6061
Manillar Ø: 31.8mm
Dirección Ø: 28.6mm
Longitud: 110mm
Inclinación: -6°
Peso: 240g (110mm)
Tapón de araña integrado, tornillos de tapa frontal ocultos
",VEHICLE PARTS & ACCESSORIES,BICYCLE PARTS & ACCESSORIES,BICYCLE PARTS,1452,291,235,103,60,,,,,,,,,,,Carretera & Triathlon,,https://api.mybihr.com/medias/1116927-1-800Wx800H?context=bWFzdGVyfHJvb3R8MTA3NjAyfGltYWdlL2pwZWd8YUdKakwyaGlaUzh5TmpreU1qQTRPREkyTnpnd05pOHhNVEUyT1RJM0xURmZPREF3VjNnNE1EQkl8ZGFkODNlMDE5NjFlNzE3ODc0YWIwMWExM2IxMGZhY2ZiOTRmZDUzNGMwNmE2MjU4MTM1ZjY3NzhiZDdjMWFjOQ,,,,,,,,https://static.bihr.pro/eBihr/Pictures/CONTROLTECH-pictures.zip,,Spain Warehouse (Parts)
1116964,,ATB-958-80,CONTROLTECH,CTECH LYNX -10 ° DROP STEM 80MM,Potencia para bicicleta -10° CONTROLTECH Lynx - 80 mm,79.99,66.11,16.00,ATB-958-80,7,8714999089,0,1,"<ul>
<li>Material: AL6061</li>
<li>Manillar &Oslash;: 31.8mm</li>
<li>Direcci&oacute;n &Oslash;: 28.6mm</li>
<li>Longitud: 80mm</li>
<li>Inclinaci&oacute;n: -10&deg;</li>
<li>Peso: 214g (70mm) </li>
</ul>","
Material: AL6061
Manillar Ø: 31.8mm
Dirección Ø: 28.6mm
Longitud: 80mm
Inclinación: -10°
Peso: 214g (70mm) 
",VEHICLE PARTS & ACCESSORIES,BICYCLE PARTS & ACCESSORIES,BICYCLE PARTS,1752,306,233,103,73,,,,,,,,,,,E-Bike,,https://api.mybihr.com/medias/1116964-1-800Wx800H?context=bWFzdGVyfHJvb3R8MTM2ODkxfGltYWdlL2pwZWd8YUdWaUwyZzRaaTh5TmpnNE56WTBOemN5TXpVMU1DOHhNVEUyT1RZMExURmZPREF3VjNnNE1EQkl8NDBkOTc3MGFhYjY2NThhMTBiYTg3ZTc2Y2FhOTc4NDdmYTAyZWY4OGQ4NDhlNzJkNWQ1MWZmZGVjYjJkMDllZQ,https://api.mybihr.com/medias/1116964-2-800Wx800H?context=bWFzdGVyfHJvb3R8NjE2NDh8aW1hZ2UvanBlZ3xhR0ppTDJnNU5pOHlOamc0TnpZME56a3lNREUxT0M4eE1URTJPVFkwTFRKZk9EQXdWM2c0TURCSXwyYmFjZDgzMzE5NThjYjdiNmRiNzMxOWZlOTg4MDU2NmI0YzliMjBiYzU3MzZjOGM1YjhiNGE0MjYyM2RkZjZl,https://api.mybihr.com/medias/1116964-3-800Wx800H?context=bWFzdGVyfHJvb3R8NzQzMjB8aW1hZ2UvanBlZ3xhREkwTDJobE5TOHlOamc0TnpZME9ERXhOamMyTmk4eE1URTJPVFkwTFROZk9EQXdWM2c0TURCSXxlNmU2OGQwYmJhNDBhMDgxY2Y5NWU3MjY4ZTA3ZGNlNWQ2MTM1ZGEwMDVmNGEwYTM5OTA2YzAyMjg5OTYzNDgw,https://api.mybihr.com/medias/1116964-4-800Wx800H?context=bWFzdGVyfHJvb3R8NzcyNTl8aW1hZ2UvanBlZ3xhR1kwTDJobFlpOHlOamc0TnpZME9ETXhNek0zTkM4eE1URTJPVFkwTFRSZk9EQXdWM2c0TURCSXxjMDNkYTM0MjMxMjEwZjVhMWQ4ODI1NDNmMmM5YTM3NjkwNzA1MjIzMDNkZDE5N2EzMTk3MjQyMTE0OWQxY2Zh,https://api.mybihr.com/medias/1116964-5-800Wx800H?context=bWFzdGVyfHJvb3R8NTEyNDZ8aW1hZ2UvanBlZ3xhR05oTDJobU55OHlOamc1TURrNU1Ea3hNVFV4T0M4eE1URTJPVFkwTFRWZk9EQXdWM2c0TURCSXwzYTBkNjRlZjg3NzEyYmVlZTI5OTBiMmNlNjQyYTFmZTJmMzQ5NDgwMzcxY2Y0YzQyNzUzNjViNzliNTYwNDI5,https://api.mybihr.com/medias/1116964-6-800Wx800H?context=bWFzdGVyfHJvb3R8MTExMDM1fGltYWdlL2pwZWd8YURreEwyaGhNaTh5TmpnNU1EazVNVE13TkRjek5DOHhNVEUyT1RZMExUWmZPREF3VjNnNE1EQkl8MmRjNTRhOGIxNjliMjdjNjIzODMyZWJjNjQ2YTcyZWIzN2UxNWY4NmZiMGUxZWVhNzI3Njc1OGEzZDY3M2U2OA,https://api.mybihr.com/medias/1116964-7-800Wx800H?context=bWFzdGVyfHJvb3R8MTAwNTE0fGltYWdlL2pwZWd8YURVMEwyZzVOeTh5TmpnNU1EazVNVFk1TnprMU1DOHhNVEUyT1RZMExUZGZPREF3VjNnNE1EQkl8OTFiMTU0YjAxY2M2YmY3ZDBlMDQzNTg1NWVkZTgzYjI3ZTM0ZjBjOTE3ODUxZjYyYjNjZTE5ZTA2MzdhYTRiNA,https://api.mybihr.com/medias/1116964-8-800Wx800H?context=bWFzdGVyfHJvb3R8MTA0NDQ3fGltYWdlL2pwZWd8YURBM0wyZzBNaTh5TmpnNU1EazVNakE1TVRFMk5pOHhNVEUyT1RZMExUaGZPREF3VjNnNE1EQkl8ZGYxMzczNDUyNmE4ZTI5MWQ3OTc5YjkyZWIxMDg0MjQ1NzdjODA3NDlhZGVlZjkyZTg1MTE2N2JmY2Y5OTVkOQ,https://static.bihr.pro/eBihr/Pictures/CONTROLTECH-pictures.zip,,Spain Warehouse (Parts)
1116935,,CR-48/SRAM-36T BCD11,CONTROLTECH,CTECH ECCENTRIC RING 36T BCD110MM,Plato ovalado CONTROLTECH SRAM 36 dientes,120.00,99.17,30.00,1116935,4,8714999089,0,1,"<ul>
<li>Material: AL7075</li>
<li>Dentado: 36 dientes</li>
<li>BCD: 110</li>
</ul>","
Material: AL7075
Dentado: 36 dientes
BCD: 110
",VEHICLE PARTS & ACCESSORIES,BICYCLE PARTS & ACCESSORIES,BICYCLE PARTS,2727,141,245,210,53,,,,,,,,,Aluminio 7075-T6,,Triathlon,,https://api.mybihr.com/medias/1116935-1-800Wx800H?context=bWFzdGVyfHJvb3R8OTAxNTh8aW1hZ2UvanBlZ3xhRFUzTDJnM01TOHlOamt5TWpBNU16YzNNamd6TUM4eE1URTJPVE0xTFRGZk9EQXdWM2c0TURCSXw1YjU5ZTdlNmJhOGMzZjU5MjAyMTJlYTBmNjliNDg2Y2MwNDBjY2MxZDMwNDRkN2FlYzFmZTY0N2UzMDExZWI3,,,,,,,,https://static.bihr.pro/eBihr/Pictures/CONTROLTECH-pictures.zip,,Spain Warehouse (Parts)
1116994,,TTH-17P,CONTROLTECH,CTECH ELBOW PAD FALCON TRI CARBON,Almohadillas de protección para los codos CONTROLTECH Falcon Tri Carbon,22.00,18.18,6.99,TTH-17P,6,8714999089,0,1,"<p>Almohadillas para acoples de triatl&oacute;n FALCON TRI de carbono y aluminio (TTH-15, TTH-16, TTH-25 y TTH-26)</p>","
Almohadillas para acoples de triatlón FALCON TRI de carbono y aluminio (TTH-15, TTH-16, TTH-25 y TTH-26)",VEHICLE PARTS & ACCESSORIES,BICYCLE PARTS & ACCESSORIES,BICYCLE PARTS,581,33,156,98,38,,,,,,,,,,,Triathlon,,https://api.mybihr.com/medias/1116994-1-800Wx800H?context=bWFzdGVyfHJvb3R8OTY2MzB8aW1hZ2UvanBlZ3xhR05qTDJnd1pDOHlOamc1TVRBd01qSTBPVEkwTmk4eE1URTJPVGswTFRGZk9EQXdWM2c0TURCSXxkYTdjZmM4M2NjMWQyN2Q1ZGQxMjRiOWQ1NDBkNmEzYjk5Y2ZkZjU4ZjA3ZDAzYmMzYzRkOTMxZjg0OGRiMTQ0,,,,,,,,https://static.bihr.pro/eBihr/Pictures/CONTROLTECH-pictures.zip,,Spain Warehouse (Parts)
1116984,,RAS-217-90,CONTROLTECH,CTECH ONE ±17° DROP STEM 90MM,Potencia para bicicleta ±17° CONTROLTECH One - 90 mm,30.00,24.79,5.00,RAS-217-90,15,8714999089,0,1,"<ul>
<li>Material: AL6061</li>
<li>Manillar &Oslash;: 31.8mm</li>
<li>Direcci&oacute;n &Oslash;: 28.6mm</li>
<li>Longitud: 90mm</li>
<li>Inclinaci&oacute;n: +/- 17&deg; </li>
<li>Peso: 145g (110mm)</li>
</ul>","
Material: AL6061
Manillar Ø: 31.8mm
Dirección Ø: 28.6mm
Longitud: 90mm
Inclinación: +/- 17° 
Peso: 145g (110mm)
",VEHICLE PARTS & ACCESSORIES,BICYCLE PARTS & ACCESSORIES,BICYCLE PARTS,1183,164,244,101,48,,,,,,,,,,,Carretera & MTB,,https://api.mybihr.com/medias/1116984-1-800Wx800H?context=bWFzdGVyfHJvb3R8MTUwODkwfGltYWdlL2pwZWd8YUdNNEwyaGlaQzh5TmpnNU1EazVPVGc0T1RrMU1DOHhNVEUyT1RnMExURmZPREF3VjNnNE1EQkl8ZjdhYjM1MzBiOWQwN2EzNDY1YjRjZTIyMWI2OGUzODNkZjJmZGRkZDBjYmNmNTEyMzgxMDUwYmRmODJlZTEyZA,,,,,,,,https://static.bihr.pro/eBihr/Pictures/CONTROLTECH-pictures.zip,https://api.mybihr.com/medias/Controltech-RAS217-manual.pdf?context=bWFzdGVyfHJvb3R8NTkwMTQ3N3xhcHBsaWNhdGlvbi9wZGZ8YURZeUwyZ3dNeTh4TmpjMU1UQTVNRFUyTlRFMU1DOURiMjUwY205c2RHVmphQzFTUVZNeU1UY3RiV0Z1ZFdGc0xuQmtaZ3xhNmFlZTNkZThhNDQ4MjYxZjVhNGJhYTRmYTgwMmEwODIxNGI4MGY2ZWFkN2QwOGU5MWJmMDk2YzJmMzlkM2Y0,Spain Warehouse (Parts)
1116977,,RAS-96 DI2-70,CONTROLTECH,CTECH LYNX -5° DI2 STEM 70MM,Potencia para bicicleta -5° CONTROLTECH Lynx - 70 mm,54.99,45.45,11.03,RAS-96 DI2-70,2,8714999089,0,1,"<ul>
<li>Material: AL6061</li>
<li>Manillar &Oslash;: 31.8mm</li>
<li>Direcci&oacute;n &Oslash;: 28.6mm</li>
<li>Longitud: 70mm</li>
<li>Inclinaci&oacute;n: -5&deg;</li>
<li>Peso: 146g (60mm) </li>
<li>Ideal para All Mountain y Enduro 27.5 y 29''.</li>
<li>Compatible con sistema Shimano MTB DI2.</li>
</ul>","
Material: AL6061
Manillar Ø: 31.8mm
Dirección Ø: 28.6mm
Longitud: 70mm
Inclinación: -5°
Peso: 146g (60mm) 
Ideal para All Mountain y Enduro 27.5 y 29''.
Compatible con sistema Shimano MTB DI2.
",VEHICLE PARTS & ACCESSORIES,BICYCLE PARTS & ACCESSORIES,BICYCLE PARTS,1359,197,229,112,53,,,,,,,,,,,MTB,,https://api.mybihr.com/medias/1116977-1-800Wx800H?context=bWFzdGVyfHJvb3R8NTI0MjR8aW1hZ2UvanBlZ3xhR1UxTDJneE9TOHlOamc1TURrNU56Y3lOekkyTWk4eE1URTJPVGMzTFRGZk9EQXdWM2c0TURCSXwwNGY3ZTMxOWM5YzhhYzFmOWViMzkxMDM1YTFjM2Y2MGUwMTY3OWI3NWI2ZTgzOGI1N2IyYjVkZjdkMWI0YmIx,,,,,,,,https://static.bihr.pro/eBihr/Pictures/CONTROLTECH-pictures.zip,https://api.mybihr.com/medias/Controltech-RAS96DI2-manual.pdf?context=bWFzdGVyfHJvb3R8MTQ1MzMxNnxhcHBsaWNhdGlvbi9wZGZ8YUdZd0wyZ3hNQzh4TmpjMU1UQTVNREUzTVRrek5DOURiMjUwY205c2RHVmphQzFTUVZNNU5rUkpNaTF0WVc1MVlXd3VjR1JtfDA2OWY4MTNkZjdkMDBmY2FkNGI4YTIzMWQ4MWRjNmYzMjc4MDIxYWZhZGYwZGRlZTJjY2MwZTZlMmIxNDQ1OTk,Spain Warehouse (Parts)
1116930,,RAS-114-110,CONTROLTECH,CTECH COUGAR -8° DROP STEM 110MM,Potencia para bicicleta -8° CONTROLTECH Cougar - 110 mm,75.00,61.98,15.10,RAS-114-110,8,8714999089,0,1,"<ul>
<li>Material: AL6061</li>
<li>Centro de manillar &Oslash;: 31.8mm</li>
<li>Direcci&oacute;n &Oslash;: 28.6mm</li>
<li>Longitud: 110mm</li>
<li>Inclinaci&oacute;n: -8 &deg;</li>
<li>Peso: 129g (110mm)</li>
<li>Funda de cable, espaciadores 5mm x 1, 10mm x2 y tap&oacute;n de ara&ntilde;a inclu&iacute;dos</li>
</ul>","
Material: AL6061
Centro de manillar Ø: 31.8mm
Dirección Ø: 28.6mm
Longitud: 110mm
Inclinación: -8 °
Peso: 129g (110mm)
Funda de cable, espaciadores 5mm x 1, 10mm x2 y tapón de araña incluídos
",VEHICLE PARTS & ACCESSORIES,BICYCLE PARTS & ACCESSORIES,BICYCLE PARTS,1893,323,245,103,75,,,,,,,,,,,Carretera & Triathlon,,https://api.mybihr.com/medias/1116930-1-800Wx800H?context=bWFzdGVyfHJvb3R8MTQxNDIxfGltYWdlL2pwZWd8YUdNekwyZ3paaTh5TmpreU1qQTVNREl6TXpnNE5pOHhNVEUyT1RNd0xURmZPREF3VjNnNE1EQkl8ZWZkYmZhNmFhMDg5MzczNDM2NWUwM2MzYTkyZWFiZjI0ZTE0MjNjN2ZhZTRmMDI4MDYzMTMxYjE5Nzg4NTA2Zg,https://api.mybihr.com/medias/1116930-2-800Wx800H?context=bWFzdGVyfHJvb3R8MTAzNzY2fGltYWdlL2pwZWd8YURrekwyZzBOaTh5TmpreU1qQTVNRFF6TURRNU5DOHhNVEUyT1RNd0xUSmZPREF3VjNnNE1EQkl8ZDBkNmNhYjU4YzZmNWI3M2FkMmVjOThmNjZlYzc2ZGZjZDZkYzFmMzhlM2EwOTUwYzVmMTZjZGY3OTFlNzNjOA,https://api.mybihr.com/medias/1116930-3-800Wx800H?context=bWFzdGVyfHJvb3R8MjkxNzF8aW1hZ2UvanBlZ3xhRFV4TDJnMFpDOHlOamt5TWpBNU1EWXlOekV3TWk4eE1URTJPVE13TFROZk9EQXdWM2c0TURCSXxlOGI2NTAzOWQ5M2I3NzVmNmQ4YjNkOWM4NTkwYzgzNmVlOTMzNDVkNGIzZDM2MTUwNjRmOTRlM2E4YWEzYzE0,https://api.mybihr.com/medias/1116930-4-800Wx800H?context=bWFzdGVyfHJvb3R8MzIwODB8aW1hZ2UvanBlZ3xhREl3TDJnMU5DOHlOamt5TWpBNU1EZ3lNemN4TUM4eE1URTJPVE13TFRSZk9EQXdWM2c0TURCSXxjNDhhNDgxZDhiNzQwNjI5YmJiMzhlNWRhMjUyNTEzNGFmMTBjOTE0NzhlNTY5MjdmMTRiNmViZWI0Mzg2MGUx,https://api.mybihr.com/medias/1116930-5-800Wx800H?context=bWFzdGVyfHJvb3R8NDMxNzJ8aW1hZ2UvanBlZ3xhRGxrTDJoaE1pOHlOamt5TWpBNU1UQXlNRE14T0M4eE1URTJPVE13TFRWZk9EQXdWM2c0TURCSXwxYTc1Yjg3MWQxMzdjNTNjYjMzYTM1YTE3YzU3NDg5YTgwODNmZWFhMTFiZjg2ODFjYjRlZGVmNWM1ZDViYmMz,https://api.mybihr.com/medias/1116930-6-800Wx800H?context=bWFzdGVyfHJvb3R8NDAyMjh8aW1hZ2UvanBlZ3xhRFU1TDJoaE9TOHlOamt5TWpBNU1USXhOamt5Tmk4eE1URTJPVE13TFRaZk9EQXdWM2c0TURCSXxjZmVkN2ExYzdmN2NjYjE1Zjk3NTg1ZDJhNWMwNmFkMWQ5MjVhYTcwMjRkOTIxOWY0ODY0OWQ4NzI0MmMzZjBl,https://api.mybihr.com/medias/1116930-7-800Wx800H?context=bWFzdGVyfHJvb3R8NDc4MjN8aW1hZ2UvanBlZ3xhREpoTDJoaU1DOHlOamt5TWpBNU1UUXhNelV6TkM4eE1URTJPVE13TFRkZk9EQXdWM2c0TURCSXxjMWM1MzU5NTI1MWI0NGIwMjQyMDIxMjMyZWVlY2M4NGFiOTRkZWU0ZTIzZGVkZTQ2OTJhMDkyMDgwMjM5OTgy,https://api.mybihr.com/medias/1116930-8-800Wx800H?context=bWFzdGVyfHJvb3R8NDEyNjV8aW1hZ2UvanBlZ3xhR1poTDJoaU5pOHlOamt5TWpBNU1UWXhNREUwTWk4eE1URTJPVE13TFRoZk9EQXdWM2c0TURCSXxjMWFjMWE0OGNiNTI2MTQyYzVmMGQ4YWM5NWY5MGYxZGY5NWIyY2ZhMDVjNzkwNmU5NmQ1NzUxOGU1MWM4ZmUx,https://static.bihr.pro/eBihr/Pictures/CONTROLTECH-pictures.zip,,Spain Warehouse (Parts)
1117005,,TTH-18EP,CONTROLTECH,CTECH TIME ZONE EVO ARM CUP & PAD,Almohadilla de reposabrazos CONTROLTECH Time Zone EVO,36.99,30.57,6.15,TTH-18EP,2,8714999089,0,1,"<ul>
	<li>Material: Acero inoxidable</li>
	<li>Direcci&oacute;n: 1-1/8&quot;</li>
	<li>Tornillos: Cr-Mo</li>
	<li>Peso: 39.5g</li>
</ul>","
	Material: Acero inoxidable
	Dirección: 1-1/8""
	Tornillos: Cr-Mo
	Peso: 39.5g
",VEHICLE PARTS & ACCESSORIES,BICYCLE PARTS & ACCESSORIES,BICYCLE PARTS,2084,174,227,153,60,,,,,,,,,,,Triathlon,,https://api.mybihr.com/medias/1117005-1-800Wx800H?context=bWFzdGVyfHJvb3R8MTA1MjIyfGltYWdlL2pwZWd8YURFNUwyaGxaaTh5TmpnNU1UQXdPVGs0TWpRNU5DOHhNVEUzTURBMUxURmZPREF3VjNnNE1EQkl8Njg4N2RmYjNmY2Q1Njc1MWQ2OGU1OGEwMTdlNzYxZmYyYzVhZjQ5YjYzNWY3MDcyNzJiOWU3YzgyNjZhNDBmZg,,,,,,,,https://static.bihr.pro/eBihr/Pictures/CONTROLTECH-pictures.zip,,Spain Warehouse (Parts)
1116926,,RAS-92-90,CONTROLTECH,CTECH COUGAR -5° STEM 90MM,Potencia para bicicleta -5° CONTROLTECH Cougar - 90 mm,54.99,45.45,13.00,RAS-92-90,5,8714999089,0,1,"<ul>
<li>Material: AL6061</li>
<li>Centro de manillar &Oslash;: 31.8mm</li>
<li>Direcci&oacute;n &Oslash;: 28.6mm</li>
<li>Longitud: 90mm</li>
<li>Inclinaci&oacute;n: -5&deg;</li>
<li>Peso: 182g(110mm)</li>
<li>PCS Compatible</li>
</ul>","
Material: AL6061
Centro de manillar Ø: 31.8mm
Dirección Ø: 28.6mm
Longitud: 90mm
Inclinación: -5°
Peso: 182g(110mm)
PCS Compatible
",VEHICLE PARTS & ACCESSORIES,BICYCLE PARTS & ACCESSORIES,BICYCLE PARTS,1552,212,264,98,60,,,,,,,,,,,Carretera & Triathlon,,https://api.mybihr.com/medias/1116926-1-800Wx800H?context=bWFzdGVyfHJvb3R8MTMzNzk2fGltYWdlL2pwZWd8YUdabUwyaGlOeTh5TmpreU1qQTRPREEzTVRFNU9DOHhNVEUyT1RJMkxURmZPREF3VjNnNE1EQkl8ZTA5ZDU3NzM2YzcxYzcwNmQyMzg2NDFiZWQ5NTcyYTFiYTEzNTg3MDU0MzliZjYxOTAwODE4NDkxODBlOGJkOQ,,,,,,,,https://static.bihr.pro/eBihr/Pictures/CONTROLTECH-pictures.zip,,Spain Warehouse (Parts)
1116919,,ATB-960-90,CONTROLTECH,CTECH -17 DROP STEM 90MM,Potencia para bicicleta -17° CONTROLTECH - 90 mm,54.99,45.45,10.99,ATB-960-90,6,8714999089,0,1,"<ul>
<li>Material: AL6061</li>
<li>Centro de manillar &Oslash;: 31.8 mm</li>
<li>Direcci&oacute;n &Oslash;: 28.6mm</li>
<li>Longitud: 90mm</li>
<li>Inclinaci&oacute;n: -17&deg;</li>
<li>Peso: 190g (100mm)</li>
</ul>","
Material: AL6061
Centro de manillar Ø: 31.8 mm
Dirección Ø: 28.6mm
Longitud: 90mm
Inclinación: -17°
Peso: 190g (100mm)
",VEHICLE PARTS & ACCESSORIES,BICYCLE PARTS & ACCESSORIES,BICYCLE PARTS,1347,192,230,101,58,,,,,,,,,,,MTB & Triathlon,,https://api.mybihr.com/medias/1116919-1-800Wx800H?context=bWFzdGVyfHJvb3R8MTEzNTIxfGltYWdlL2pwZWd8YURoaUwyZ3dZaTh5TmpnNU1UQXlNekF5TkRFMU9DOHhNVEUyT1RFNUxURmZPREF3VjNnNE1EQkl8NDE5ZjJlZWZkNzgwNjQ1ZGU1YzFiODNkYjQ3ZjMzZmEyZDQ1NzkzZjEwMDMzYWQ2MDJjZmQ3YjllY2MwOGVlOQ,https://api.mybihr.com/medias/1116919-2-800Wx800H?context=bWFzdGVyfHJvb3R8NzYzNjB8aW1hZ2UvanBlZ3xhR0ppTDJnd05DOHlOamc1TVRBeU16SXlNRGMyTmk4eE1URTJPVEU1TFRKZk9EQXdWM2c0TURCSXw3MGQzM2JmYzdhMGYzMzY0NzM0N2E3NmI1ZjZkOWE1NjdjNzQ4NDk3YjI1MzBjNGFmOWM0OGY3NmRmNWY4ZjU0,,,,,,,https://static.bihr.pro/eBihr/Pictures/CONTROLTECH-pictures.zip,,Spain Warehouse (Parts)
1116936,,CR-48/SRAM-51T BCD11,CONTROLTECH,CTECH ECCENTRIC RING 51T BCD110MM,Plato ovalado CONTROLTECH SRAM 51 dientes,165.00,136.36,35.00,1116936,6,8714999089,0,1,"<ul>
<li>Material: AL7075</li>
<li>Dentado: 51 dientes</li>
<li>BCD: 110</li>
</ul>","
Material: AL7075
Dentado: 51 dientes
BCD: 110
",VEHICLE PARTS & ACCESSORIES,BICYCLE PARTS & ACCESSORIES,BICYCLE PARTS,2030,303,264,233,33,,,,,,,,,Aluminio 7075-T6,,Triathlon,,https://api.mybihr.com/medias/1116936-1-800Wx800H?context=bWFzdGVyfHJvb3R8OTAxNTh8aW1hZ2UvanBlZ3xhRGs1TDJnMllTOHlOamt5TWpBNU16azJPVFF6T0M4eE1URTJPVE0yTFRGZk9EQXdWM2c0TURCSXxjMzdjMzc5MmU2NjExYzZjNjliNThmMTFmMGVkMzFmZmZkMzI0ZDQ2MDkyZGU0NDYzNzYxOTQzYTZlZWY3Nzhl,,,,,,,,https://static.bihr.pro/eBihr/Pictures/CONTROLTECH-pictures.zip,,Spain Warehouse (Parts)
1117010,,TTH-16H,CONTROLTECH,CTECH TTH-16 EXTENSION BAR,Barras de recambio para acoples CONTROLTECH Falcon J-Bend,47.00,38.84,11.00,TTH-16H,7,8714999089,0,1,<p>Material: AL6061-T6</p>,"
Material: AL6061-T6",VEHICLE PARTS & ACCESSORIES,BICYCLE PARTS & ACCESSORIES,BICYCLE PARTS,1903,204,377,153,33,,,,,,,,,,,Triathlon,,https://api.mybihr.com/medias/800Wx800H-1117010-1.JPG?context=bWFzdGVyfHJvb3R8NzI2Mzh8aW1hZ2UvanBlZ3xhRFl6TDJoaFppODBOREl3TlRFMk56VXdPVFV6TkM4NE1EQlhlRGd3TUVoZk1URXhOekF4TUMweExrcFFSd3xhZjU1MzliZTc4ZmQ1NzZkZmI2YWUzZjNhY2FiMzljYzk3MzEwY2M5MWE0YWUyZjNjOWM1MGM4ZTE5MzBkYjZk,https://api.mybihr.com/medias/800Wx800H-1117010-2.JPG?context=bWFzdGVyfHJvb3R8NzM2NzN8aW1hZ2UvanBlZ3xhREEwTDJoaVpDODBOREl3TlRFMk56a3dNamMxTUM4NE1EQlhlRGd3TUVoZk1URXhOekF4TUMweUxrcFFSd3w3ODQ2ZDUyYWRjZjY5ZDczNTYzZjI4YjZjYmRkYzVmYzgyZTlhODI5NzYyMDc3ZjNiZWI1Mjg0NDRiZTk0NTc2,,,,,,,https://static.bihr.pro/eBihr/Pictures/CONTROLTECH-pictures.zip,https://api.mybihr.com/medias/Controltech-Extension.pdf?context=bWFzdGVyfHJvb3R8MjEzMDk2MXxhcHBsaWNhdGlvbi9wZGZ8YURObUwyaGxOeTh4TmpjMU1UVTVPRFl6TWprNU1DOURiMjUwY205c2RHVmphRjlGZUhSbGJuTnBiMjR1Y0dSbXw1NWYxODExMzM0NzgzMDkyYmZkNmZlZTJkYjdlMGZkOGRjNmJiNjMxMDBmNTQwNjVkNzcyODI3M2Y0NDg0OGU1,Spain Warehouse (Parts)
