PartNumber,OldPartNumber,SupplierProductCode,Brand,ProductName,Designation,RetailPriceIncludingTax,RetailPriceExcludingTax,BaseDealerPriceExcludingTax,BarCode,StockValue,CommodityCode,OnDemand,DropShipping,HtmlDescription,Description,Category1,Category2,Category3,V-Color,Volume (cm³),Weight (g),Length (mm),Width (mm),Height (mm),Color,Modelo de casco,Talla,Tipo de pieza de repuesto,Picture1,AllPicturesZIP,Document1,Document2,Document3,Document4,Document5,DeliveryPlant
8009323,,DKS163-002311,PINLOCK,"PINLK SHILD BELL PANO MAXVI 120XLT, CLR",Inserto PINLOCK 120XLT para pantalla Bell,34.94,28.88,20.22,8719323740181,3,3926909790,0,1,"<p>De la competici&oacute;n a la carretera. Contiene los mismos componentes utilizados en MotoGP y F&oacute;rmula 1. Probados en pista para mantenerte concentrado incluso en las condiciones m&aacute;s duras.</p>
<ul>
<li>Dise&ntilde;o espec&iacute;fico para la visera</li>
<li>MaxVision</li>
</ul>","
De la competición a la carretera. Contiene los mismos componentes utilizados en MotoGP y Fórmula 1. Probados en pista para mantenerte concentrado incluso en las condiciones más duras.

Diseño específico para la visera
MaxVision
",RIDER GEAR,HELMET,HELMET SP. PARTS,,237,56,356,133,5,Transparente,,,,https://api.mybihr.com/medias/800Wx800H-8009323-1.jpg?context=bWFzdGVyfHJvb3R8OTk3NnxpbWFnZS9qcGVnfGFEZ3lMMmd6TWk4Mk1qazNOemM0T0RFME9UYzVNQzg0TURCWGVEZ3dNRWhmT0RBd09UTXlNeTB4TG1wd1p3fGUwYmEzMmU1MGUzNmM5ZGExYjJmNzJlOWIyOTNhNDcyNzU1ZDk1ZTZiM2Q5NzdiMDc4MzI4MjY4Mjg5Y2I4YTI,https://static.bihr.pro/eBihr/Pictures/PINLOCK-pictures.zip,,,,,,Germany Warehouse
8009324,,DKS095-002315,PINLOCK,"PINLK SHILD ARAI MAXVI SAI 12OXLT, CLR",Pinlock transparente PINLOCK 120XLT para pantalla Arai SAI Maxivision,34.94,28.88,20.22,8719323740266,15,3926909790,0,1,"<p>De la competici&oacute;n a la carretera. Contiene los mismos componentes utilizados en MotoGP y F&oacute;rmula 1. Probados en pista para mantenerte concentrado incluso en las condiciones m&aacute;s duras.</p>
<ul>
<li>Dise&ntilde;o espec&iacute;fico para la visera</li>
<li>MaxVision</li>
</ul>","
De la competición a la carretera. Contiene los mismos componentes utilizados en MotoGP y Fórmula 1. Probados en pista para mantenerte concentrado incluso en las condiciones más duras.

Diseño específico para la visera
MaxVision
",RIDER GEAR,HELMET,HELMET SP. PARTS,,272,49,306,111,8,Transparente,,,,https://api.mybihr.com/medias/800Wx800H-8009324-1.jpg?context=bWFzdGVyfHJvb3R8MjcxMzl8aW1hZ2UvanBlZ3xhRGxqTDJoaE1DODJORGN5TlRjNU16a3pNVEk1TkM4NE1EQlhlRGd3TUVoZk9EQXdPVE15TkMweExtcHdad3xhNjdkNmFmNzc3NzlhNGQ3NmQzMWEwNmQ2NTljZTcwNGI5OTczMjRhZTdhOTRmYjhjZTYwODExM2JkNzk0OWNl,https://static.bihr.pro/eBihr/Pictures/PINLOCK-pictures.zip,,,,,,Germany Warehouse
8009326,,DKS232-002289,PINLOCK,"PINLK SHILD ARAI SZR VAS/EVO 12OXLT, CLR","Pinlock transparente PINLOCK 120XLT para pantalla Arai SZR VAS/EVO ",34.94,28.88,20.22,8719323737396,272,3926909790,0,1,"<p>De la competici&oacute;n a la carretera. Contiene los mismos componentes utilizados en MotoGP y F&oacute;rmula 1. Probados en pista para mantenerte concentrado incluso en las condiciones m&aacute;s duras.</p>
<ul>
<li>Dise&ntilde;o espec&iacute;fico para la visera</li>
<li>MaxVision</li>
</ul>","
De la competición a la carretera. Contiene los mismos componentes utilizados en MotoGP y Fórmula 1. Probados en pista para mantenerte concentrado incluso en las condiciones más duras.

Diseño específico para la visera
MaxVision
",RIDER GEAR,HELMET,HELMET SP. PARTS,,346,60,325,133,8,Transparente,SZ-R VAS EVO,,,https://api.mybihr.com/medias/800Wx800H-8009326-1.jpg?context=bWFzdGVyfHJvb3R8MjM5MzJ8aW1hZ2UvanBlZ3xhR1ExTDJobU5TODJORGN5TlRjNU5ETXlORFV4TUM4NE1EQlhlRGd3TUVoZk9EQXdPVE15TmkweExtcHdad3w0NzAwZjRlNGZlYzM1N2I4MTU0NjA5OWRiZDZjMTFkMWFiYTA4MWNjOTlkZWRjZjVlM2YyMTY4NTRkZDgzYTA4,https://static.bihr.pro/eBihr/Pictures/PINLOCK-pictures.zip,,,,,,Germany Warehouse
8009325,,DKS159-002183,PINLOCK,"PINLK SHILD ARAI MAXVI VAS 12OXLT, CLR",Pinlock transparente PINLOCK 120XLT para pantalla Arai VAS-V Maxivision,34.94,28.88,20.22,8719323737273,273,3926909790,0,1,"<p>De la competici&oacute;n a la carretera. Contiene los mismos componentes utilizados en MotoGP y F&oacute;rmula 1. Probados en pista para mantenerte concentrado incluso en las condiciones m&aacute;s duras.</p>
<ul>
<li>Dise&ntilde;o espec&iacute;fico para la visera</li>
<li>MaxVision</li>
</ul>","
De la competición a la carretera. Contiene los mismos componentes utilizados en MotoGP y Fórmula 1. Probados en pista para mantenerte concentrado incluso en las condiciones más duras.

Diseño específico para la visera
MaxVision
",RIDER GEAR,HELMET,HELMET SP. PARTS,,216,49,330,131,5,Transparente,,,,https://api.mybihr.com/medias/800Wx800H-8009325-1.jpg?context=bWFzdGVyfHJvb3R8MjQ3MjB8aW1hZ2UvanBlZ3xhREExTDJobFppODJORGN5TlRjNU5ERXlOemt3TWk4NE1EQlhlRGd3TUVoZk9EQXdPVE15TlMweExtcHdad3wyYTUwZmUzY2Y3Y2JiZDA2ZGNkNTcyZjY5MjdkOTU4NTAyMDA5ZTNmY2VkMjI4NGQzZjgzNDVlM2JjMTY4ZDBi,https://static.bihr.pro/eBihr/Pictures/PINLOCK-pictures.zip,,,,,,Germany Warehouse
8009791,,DKS116-002483,PINLOCK,PINLK ARAI TOUR-X PRECISIONTONE,Pantalla PINLOCK Arai Tour X-4 PrecisionTone,59.96,49.55,34.69,8720812922216,8,3920610000,0,1,"<p>El sistema Pinlock es una solución esencial para eliminar el empañamiento en las viseras de los cascos. El empañamiento ocurre rápidamente debido a la diferencia de temperatura entre el interior y el exterior del casco, así como por la respiración del conductor.</p>
<ul>
	<li>Nivel de rendimiento antiempañante</li>
	<li>Technología PrecisionTone™</li>
	<li>Antiempañante</li>
	<li>MaxVision™</li>
</ul>","
El sistema Pinlock es una solución esencial para eliminar el empañamiento en las viseras de los cascos. El empañamiento ocurre rápidamente debido a la diferencia de temperatura entre el interior y el exterior del casco, así como por la respiración del conductor.

	Nivel de rendimiento antiempañante
	Technología PrecisionTone™
	Antiempañante
	MaxVision™
",RIDER GEAR,HELMET,HELMET SP. PARTS,,34,52,308,110,1,,Tour-X4,,,,https://static.bihr.pro/eBihr/Pictures/PINLOCK-pictures.zip,https://api.mybihr.com/medias/Arai-Pinlock-Instruction-Manual-Lens-Installation.pdf?context=bWFzdGVyfHJvb3R8ODc3ODc4fGFwcGxpY2F0aW9uL3BkZnxhR1U0TDJnNU5pODRNRGMxT0RZNE1EQTFPVGt6TkM5QmNtRnBYMUJwYm14dlkydGZTVzV6ZEhKMVkzUnBiMjVmVFdGdWRXRnNYMHhsYm5OZlNXNXpkR0ZzYkdGMGFXOXVMbkJrWmd8OThiMDNmODc1NjkxZTNiYzhkMGUxMDUyMzY4OGUzNWZiNGFjOGQ2MjYzZjE2NWU5MGI1ZWNhNDNhMTg3MGM3Mg,,,,,Spain Warehouse (Parts)
8009789,,DKS511-002432,PINLOCK,PINLK ARAI VAS-A (TX-5) PRECISIONTONE,Pantalla PINLOCK Arai Tour X-5 VAS-A PrecisionTone,59.96,49.55,34.69,8720812922889,103,3920610000,0,1,"<p>El sistema Pinlock es una solución esencial para eliminar el empañamiento en las viseras de los cascos. El empañamiento ocurre rápidamente debido a la diferencia de temperatura entre el interior y el exterior del casco, así como por la respiración del conductor.</p>
<ul>
	<li>Nivel de rendimiento antiempañante</li>
	<li>Technología PrecisionTone™</li>
	<li>Antiempañante</li>
	<li>MaxVision™</li>
</ul>","
El sistema Pinlock es una solución esencial para eliminar el empañamiento en las viseras de los cascos. El empañamiento ocurre rápidamente debido a la diferencia de temperatura entre el interior y el exterior del casco, así como por la respiración del conductor.

	Nivel de rendimiento antiempañante
	Technología PrecisionTone™
	Antiempañante
	MaxVision™
",RIDER GEAR,HELMET,HELMET SP. PARTS,,48,52,355,135,1,,Tour-X5,,,https://api.mybihr.com/medias/800Wx800H-8009789-1.png?context=bWFzdGVyfHJvb3R8MTY1MjU1fGltYWdlL3BuZ3xhR0ZtTDJoak55ODRNRGMxTnpRMk5qQXpPRE13TWk4NE1EQlhlRGd3TUVoZk9EQXdPVGM0T1MweExuQnVad3xhZjc2MzQ2Yzg5YjIwNmE0YjA0OTU4NTA0M2QxN2E4ZTdkMzc1OWVlZGE3ZGU5ZWMyYWVlZmExYzNlMmU5NDgw,https://static.bihr.pro/eBihr/Pictures/PINLOCK-pictures.zip,https://api.mybihr.com/medias/Arai-Pinlock-Instruction-Manual-Lens-Installation.pdf?context=bWFzdGVyfHJvb3R8ODc3ODc4fGFwcGxpY2F0aW9uL3BkZnxhR1U0TDJnNU5pODRNRGMxT0RZNE1EQTFPVGt6TkM5QmNtRnBYMUJwYm14dlkydGZTVzV6ZEhKMVkzUnBiMjVmVFdGdWRXRnNYMHhsYm5OZlNXNXpkR0ZzYkdGMGFXOXVMbkJrWmd8OThiMDNmODc1NjkxZTNiYzhkMGUxMDUyMzY4OGUzNWZiNGFjOGQ2MjYzZjE2NWU5MGI1ZWNhNDNhMTg3MGM3Mg,,,,,Germany Warehouse
8009790,,DKS159-002433,PINLOCK,PINLK ARAI VAS-V MAXVISION PRECISIONTONE,Pantalla PINLOCK Arai VAS-V PrecisionTone,59.96,49.55,34.69,8720812922230,0,3920610000,0,1,"<p>El sistema Pinlock es una solución esencial para eliminar el empañamiento en las viseras de los cascos. El empañamiento ocurre rápidamente debido a la diferencia de temperatura entre el interior y el exterior del casco, así como por la respiración del conductor.</p>
<ul>
	<li>Nivel de rendimiento antiempañante</li>
	<li>Technología PrecisionTone™</li>
	<li>Antiempañante</li>
	<li>MaxVision™</li>
</ul>","
El sistema Pinlock es una solución esencial para eliminar el empañamiento en las viseras de los cascos. El empañamiento ocurre rápidamente debido a la diferencia de temperatura entre el interior y el exterior del casco, así como por la respiración del conductor.

	Nivel de rendimiento antiempañante
	Technología PrecisionTone™
	Antiempañante
	MaxVision™
",RIDER GEAR,HELMET,HELMET SP. PARTS,,96,52,355,135,2,,,,,https://api.mybihr.com/medias/800Wx800H-8009790-1.png?context=bWFzdGVyfHJvb3R8MTQ4Nzk5fGltYWdlL3BuZ3xhR00yTDJnNE5DODRNRGMzTVRBek1qZzBNakkzTUM4NE1EQlhlRGd3TUVoZk9EQXdPVGM1TUMweExuQnVad3wxZWI4M2Y5NmVkMzcwZWVlNTAyOTk5NWU4ZDFiY2U4NGViYzJhZjBkMTM1MzVhODgzNjA4NmFmZmRkN2MzM2Fi,https://static.bihr.pro/eBihr/Pictures/PINLOCK-pictures.zip,https://api.mybihr.com/medias/Arai-Pinlock-Instruction-Manual-Lens-Installation.pdf?context=bWFzdGVyfHJvb3R8ODc3ODc4fGFwcGxpY2F0aW9uL3BkZnxhR1U0TDJnNU5pODRNRGMxT0RZNE1EQTFPVGt6TkM5QmNtRnBYMUJwYm14dlkydGZTVzV6ZEhKMVkzUnBiMjVmVFdGdWRXRnNYMHhsYm5OZlNXNXpkR0ZzYkdGMGFXOXVMbkJrWmd8OThiMDNmODc1NjkxZTNiYzhkMGUxMDUyMzY4OGUzNWZiNGFjOGQ2MjYzZjE2NWU5MGI1ZWNhNDNhMTg3MGM3Mg,,,,,Germany Warehouse
8009792,,DKS095-002497,PINLOCK,PINLK ARAI SAI MAXVISION PRECISIONTONE,Pantalla PINLOCK Arai SAI PrecisionTone,59.96,49.55,34.69,8720812922179,4,3920610000,0,1,"<p>El sistema Pinlock es una solución esencial para eliminar el empañamiento en las viseras de los cascos. El empañamiento ocurre rápidamente debido a la diferencia de temperatura entre el interior y el exterior del casco, así como por la respiración del conductor.</p>
<ul>
	<li>Nivel de rendimiento antiempañante</li>
	<li>Technología PrecisionTone™</li>
	<li>Antiempañante</li>
	<li>MaxVision™</li>
</ul>","
El sistema Pinlock es una solución esencial para eliminar el empañamiento en las viseras de los cascos. El empañamiento ocurre rápidamente debido a la diferencia de temperatura entre el interior y el exterior del casco, así como por la respiración del conductor.

	Nivel de rendimiento antiempañante
	Technología PrecisionTone™
	Antiempañante
	MaxVision™
",RIDER GEAR,HELMET,HELMET SP. PARTS,,34,52,308,110,1,,,,,,https://static.bihr.pro/eBihr/Pictures/PINLOCK-pictures.zip,https://api.mybihr.com/medias/Arai-Pinlock-Instruction-Manual-Lens-Installation.pdf?context=bWFzdGVyfHJvb3R8ODc3ODc4fGFwcGxpY2F0aW9uL3BkZnxhR1U0TDJnNU5pODRNRGMxT0RZNE1EQTFPVGt6TkM5QmNtRnBYMUJwYm14dlkydGZTVzV6ZEhKMVkzUnBiMjVmVFdGdWRXRnNYMHhsYm5OZlNXNXpkR0ZzYkdGMGFXOXVMbkJrWmd8OThiMDNmODc1NjkxZTNiYzhkMGUxMDUyMzY4OGUzNWZiNGFjOGQ2MjYzZjE2NWU5MGI1ZWNhNDNhMTg3MGM3Mg,,,,,Spain Warehouse (Parts)
8002072,PI1490595,DKS149-000595,PINLOCK,PINLK VISOR BELL SUN R MX-9 ADV PROT TNT,Pinlock Bell MX-9 Adventure Protectint,60.45,49.96,34.97,8720812922803,5,3920610000,0,1,"<p justify>Las lentes Pinlock® ProtecTINT para cascos Bell reaccionan ante los rayos UV cambiando al instante de claro a ahumado oscuro, manteniendo tu pantalla libre del empañamiento. </p><h3 justify>Características Pinlock® ProtecTINT</h3><ul justify>  <li>Bordes con hilo de silicona que crean una doble pantalla   <li>Tecnología hidrofílica de secado   <li>Fáciles de limpiar y de instalar   <li>Adaptable a condiciones de luz UV Cambia de claro a un ahumado leve Válida   para cualquier clima</li></ul><h3 justify>ProtecTINT</h3><p justify>De claro a ahumado oscuro en segundos. Las lentes Pinlock® ProtecTINT reaccionan ante los rayos UV cambiando al instante de claro a ahumado oscuro, manteniendo tu pantalla libre del empañamiento.</p>","
Las lentes Pinlock® ProtecTINT para cascos Bell reaccionan ante los rayos UV cambiando al instante de claro a ahumado oscuro, manteniendo tu pantalla libre del empañamiento. Características Pinlock® ProtecTINT  Bordes con hilo de silicona que crean una doble pantalla   Tecnología hidrofílica de secado   Fáciles de limpiar y de instalar   Adaptable a condiciones de luz UV Cambia de claro a un ahumado leve Válida   para cualquier climaProtecTINT
De claro a ahumado oscuro en segundos. Las lentes Pinlock® ProtecTINT reaccionan ante los rayos UV cambiando al instante de claro a ahumado oscuro, manteniendo tu pantalla libre del empañamiento.",RIDER GEAR,HELMET,HELMET SP. PARTS,,499,66,353,157,9,,,,,https://api.mybihr.com/medias/8002072-1-800Wx800H?context=bWFzdGVyfHJvb3R8MzAzODF8aW1hZ2UvanBlZ3xhR1V4TDJnME9DODRPVGsxTURVNE5UUTROelkyTHpnd01ESXdOekl0TVY4NE1EQlhlRGd3TUVnfDYxYzJjNjVlZDU2OWZkNmYwNDI1MDJjYzRmNjNlMjdmY2Q2MzI0YTExOWE3MmEyMmNiNjdiZDhlNzg4Y2M2MDg,https://static.bihr.pro/eBihr/Pictures/PINLOCK-pictures.zip,,,,,,Germany Warehouse
8002071,PI1490591,DKS149-000591,PINLOCK,PINLK VISOR BELL 120 MX-9 ADV CLEAR,Pinlock Bell MX-9 Adventure Transparente,35.25,29.13,20.39,8717591467854,8,3920610000,0,1,"<p justify>Las lentes antivaho Pinlock® 70 es nuestra solución estrella para cascos Bell. Estas lentes se han convertido en un referente de la tecnología antivaho, y las usan pilotos en todas las partes del mundo. Las lentes están fabricadas con un plástico que absorbe la humedad, por lo que la superficie se mantiene prácticamente seca al usarlas. Bordes con hilo de silicona que crean una doble pantalla.</p><h3 justify>Características Pinlock® 70</h3><ul justify>  <li>Bordes con hilo de silicona que crean una doble pantalla   <li>Tecnología hidrofílica de secado   <li>Fáciles de limpiar y de instalar</li></ul><p justify><br>Las Pinlock® 70 son nuestra solución estrella antivaho para el piloto. Con propiedades antivaho muy notables, lo que aumenta la resistencia de las lentes ante el empañamiento, ayudando al piloto a ver mejor en condiciones climáticas desafiantes. Las Pinlock® 70, gracias al hilo de silicona en sus bordes, crean una doble pantalla entre la superficie de la pantalla y la superficie Pinlock®, que es lo que impide la formación de vaho. Las lentes están fabricadas con un plástico que absorbe la humedad, por lo que la superficie se mantiene prácticamente seca al usarlas. Esta cavidad hermética asegura que la diferencia de temperatura disminuya de forma significativa. Las Pinlock® 120 absorben la humedad desde el interior, por lo que te ofrecen visibilidad clara durante todo el trayecto.</p>","
Las lentes antivaho Pinlock® 70 es nuestra solución estrella para cascos Bell. Estas lentes se han convertido en un referente de la tecnología antivaho, y las usan pilotos en todas las partes del mundo. Las lentes están fabricadas con un plástico que absorbe la humedad, por lo que la superficie se mantiene prácticamente seca al usarlas. Bordes con hilo de silicona que crean una doble pantalla.Características Pinlock® 70  Bordes con hilo de silicona que crean una doble pantalla   Tecnología hidrofílica de secado   Fáciles de limpiar y de instalar
Las Pinlock® 70 son nuestra solución estrella antivaho para el piloto. Con propiedades antivaho muy notables, lo que aumenta la resistencia de las lentes ante el empañamiento, ayudando al piloto a ver mejor en condiciones climáticas desafiantes. Las Pinlock® 70, gracias al hilo de silicona en sus bordes, crean una doble pantalla entre la superficie de la pantalla y la superficie Pinlock®, que es lo que impide la formación de vaho. Las lentes están fabricadas con un plástico que absorbe la humedad, por lo que la superficie se mantiene prácticamente seca al usarlas. Esta cavidad hermética asegura que la diferencia de temperatura disminuya de forma significativa. Las Pinlock® 120 absorben la humedad desde el interior, por lo que te ofrecen visibilidad clara durante todo el trayecto.",RIDER GEAR,HELMET,HELMET SP. PARTS,,499,66,353,157,9,Transparente,,,,https://api.mybihr.com/medias/8002071-1-800Wx800H?context=bWFzdGVyfHJvb3R8MjU4MzJ8aW1hZ2UvanBlZ3xhRFpsTDJnMU5pODRPVGsxTURVNE1UVTFOVFV3THpnd01ESXdOekV0TVY4NE1EQlhlRGd3TUVnfDNjM2MzZTFlNzgwZDdhZmJhNmM1NzBkMDdkNzc5MWFkZjY1ZTA4Yzc3N2MwN2JlZmFhNTZkODQzZGVmNzgxZWY,https://static.bihr.pro/eBihr/Pictures/PINLOCK-pictures.zip,,,,,,Germany Warehouse
8000022,899002800101,DKS110-000900,PINLOCK,PINLK CT-F PROTECTINT,"Pinlock ARAI Pantalla Tipo CT-F, Protectint",59.96,49.55,34.69,8717591469650,5,3926909790,0,1,"<html> <head> <meta http-equiv=""Content-Type"" content=""text/html; charset=utf-8""><title> </title> <style type=""text/css"">.cs95E872D0{text-align:left;margin:0pt 0pt 0pt 0pt;}.csA7555675{color:#000;background-color:transparent;font-weight:normal;font-style:normal;}.cs4FC7BF42{text-align:left;margin:0pt 0pt 0pt 0pt;list-style-type:disc;color:#000;background-color:transparent;font-weight:normal;font-style:normal;}</style> </head> <body> <p>Pinlock offers a fantastic solution against shield fogging. Fogging can easily occur because of the difference in temperature inside and outside your helmet and your moist breath. </p><p> </p><ul> <li>Pinlock insert is made of a moisture absorbing plastic : surface basically dry when used</li><li>Pinlock insert has a silicone seal : creates a double shield system</li><li>Air-tight pocket ensures that the difference in temperature becomes significantly lowered</li><li>Pinlock insert absorbs moisture on the inside and offers you continuous clear visibility</li></ul> </body> </html>","       Pinlock offers a fantastic solution against shield fogging. Fogging can easily occur because of the difference in temperature inside and outside your helmet and your moist breath.   Pinlock insert is made of a moisture absorbing plastic : surface basically dry when usedPinlock insert has a silicone seal : creates a double shield systemAir-tight pocket ensures that the difference in temperature becomes significantly loweredPinlock insert absorbs moisture on the inside and offers you continuous clear visibility  ",RIDER GEAR,HELMET,HELMET SP. PARTS,,443,52,139,354,9,Negro,,Talla única adulto,,https://api.mybihr.com/medias/800Wx800H-8000022-1.png?context=bWFzdGVyfHJvb3R8MTYzMjYxfGltYWdlL3BuZ3xhR1l5TDJoaFl5ODRNVE15TWpjMk5qTXdNekkyTWk4NE1EQlhlRGd3TUVoZk9EQXdNREF5TWkweExuQnVad3w2OTNmNTgwOTIyNTExOTFjZjlkMzQ5ZWJmMWI3M2QwYjFmMGE4YzQ5N2RhZjYxZTVlNDE1Yjc0NDk1YTRhM2Y2,https://static.bihr.pro/eBihr/Pictures/PINLOCK-pictures.zip,,,,,,Spain Warehouse (Parts)
8004581001,PI0040010,DKS004-000010,PINLOCK,"PINLK VISOR ARAI ORIGINAL SAL, SMK",Pinlock Ahumado Oscuro Arai Pantalla SAL,29.95,24.75,17.33,8717591460138,1,3920610000,0,1,"<p justify>La lentes antivaho Pinlock® 120 para cascos Arai se han diseñado para hacer frente a las condiciones de conducción más exigentes, como las de un circuito o de rutas dentro y fuera del asfalto. Las Pinlock® 120 han demostrado su excepcional rendimiento en ámbitos de primer nivel como el MotoGP, el WSBK o la Fórmula 1.</p><h3 justify>Características Pinlock® 120</h3><ul justify>  <li>Bordes con hilo de silicona que crean una doble pantalla   <li>Tecnología hidrofílica de secado   <li>Fáciles de limpiar y de instalar</li></ul><p justify><br>Nuestra solución estrella contra el vaho para profesionales, desarrollada para acabar con el empañamiento en condiciones climáticas difíciles. Las Pinlock® 120, gracias al hilo de silicona en sus bordes, crean una doble pantalla entre la superficie de la pantalla y la superficie Pinlock®, que es lo que impide la formación de vaho. Las lentes están fabricadas con un plástico que absorbe la humedad, por lo que la superficie se mantiene prácticamente seca al usarlas. Esta cavidad hermética asegura que la diferencia de temperatura disminuya de forma significativa. Las Pinlock® 120 absorben la humedad desde el interior, por lo que te ofrecen visibilidad clara durante todo el trayecto. Pilotos de competiciones de primer nivel —como el MotoGP, el Mundial de Superbikes (WSBK) o el TT de la Isla de Man— usan habitualmente estas lentes cuando salen a la pista. Están disponibles en tallas personalizadas para la mayoría de los cascos de gama alta del mercado.</p>","
La lentes antivaho Pinlock® 120 para cascos Arai se han diseñado para hacer frente a las condiciones de conducción más exigentes, como las de un circuito o de rutas dentro y fuera del asfalto. Las Pinlock® 120 han demostrado su excepcional rendimiento en ámbitos de primer nivel como el MotoGP, el WSBK o la Fórmula 1.Características Pinlock® 120  Bordes con hilo de silicona que crean una doble pantalla   Tecnología hidrofílica de secado   Fáciles de limpiar y de instalar
Nuestra solución estrella contra el vaho para profesionales, desarrollada para acabar con el empañamiento en condiciones climáticas difíciles. Las Pinlock® 120, gracias al hilo de silicona en sus bordes, crean una doble pantalla entre la superficie de la pantalla y la superficie Pinlock®, que es lo que impide la formación de vaho. Las lentes están fabricadas con un plástico que absorbe la humedad, por lo que la superficie se mantiene prácticamente seca al usarlas. Esta cavidad hermética asegura que la diferencia de temperatura disminuya de forma significativa. Las Pinlock® 120 absorben la humedad desde el interior, por lo que te ofrecen visibilidad clara durante todo el trayecto. Pilotos de competiciones de primer nivel —como el MotoGP, el Mundial de Superbikes (WSBK) o el TT de la Isla de Man— usan habitualmente estas lentes cuando salen a la pista. Están disponibles en tallas personalizadas para la mayoría de los cascos de gama alta del mercado.",RIDER GEAR,HELMET,HELMET SP. PARTS,Ahumado,259,41,306,121,7,Ahumado,,,,https://api.mybihr.com/medias/8004581001-1-800Wx800H?context=bWFzdGVyfHJvb3R8MjE0MjB8aW1hZ2UvanBlZ3xhR1V5TDJnd1lpODVNREV3TlRZMk5EWXpOVEU0THpnd01EUTFPREV3TURFdE1WODRNREJYZURnd01FZ3xlNzdlYTcxOGNkYjMyZWYyNzRiZDEwMzcyMjlkMDA0ZGZjNzM2YWIwNzZmNjg0MzgzYmU3M2ZlYjc3ZTM2N2Vj,https://static.bihr.pro/eBihr/Pictures/PINLOCK-pictures.zip,,,,,,Spain Warehouse (Parts)
8004581003,PI0040684,DKS004-000684,PINLOCK,"PINLK VISOR ARAI ORIGINAL SAL, CLR",Pinlock Transparente Arai Pantalla SAL,29.95,24.75,17.33,8717591468745,17,3920610000,0,1,"<p justify>La lentes antivaho Pinlock® 120 para cascos Arai se han diseñado para hacer frente a las condiciones de conducción más exigentes, como las de un circuito o de rutas dentro y fuera del asfalto. Las Pinlock® 120 han demostrado su excepcional rendimiento en ámbitos de primer nivel como el MotoGP, el WSBK o la Fórmula 1.</p><h3 justify>Características Pinlock® 120</h3><ul justify>  <li>Bordes con hilo de silicona que crean una doble pantalla   <li>Tecnología hidrofílica de secado   <li>Fáciles de limpiar y de instalar</li></ul><p justify><br>Nuestra solución estrella contra el vaho para profesionales, desarrollada para acabar con el empañamiento en condiciones climáticas difíciles. Las Pinlock® 120, gracias al hilo de silicona en sus bordes, crean una doble pantalla entre la superficie de la pantalla y la superficie Pinlock®, que es lo que impide la formación de vaho. Las lentes están fabricadas con un plástico que absorbe la humedad, por lo que la superficie se mantiene prácticamente seca al usarlas. Esta cavidad hermética asegura que la diferencia de temperatura disminuya de forma significativa. Las Pinlock® 120 absorben la humedad desde el interior, por lo que te ofrecen visibilidad clara durante todo el trayecto. Pilotos de competiciones de primer nivel —como el MotoGP, el Mundial de Superbikes (WSBK) o el TT de la Isla de Man— usan habitualmente estas lentes cuando salen a la pista. Están disponibles en tallas personalizadas para la mayoría de los cascos de gama alta del mercado.</p>","
La lentes antivaho Pinlock® 120 para cascos Arai se han diseñado para hacer frente a las condiciones de conducción más exigentes, como las de un circuito o de rutas dentro y fuera del asfalto. Las Pinlock® 120 han demostrado su excepcional rendimiento en ámbitos de primer nivel como el MotoGP, el WSBK o la Fórmula 1.Características Pinlock® 120  Bordes con hilo de silicona que crean una doble pantalla   Tecnología hidrofílica de secado   Fáciles de limpiar y de instalar
Nuestra solución estrella contra el vaho para profesionales, desarrollada para acabar con el empañamiento en condiciones climáticas difíciles. Las Pinlock® 120, gracias al hilo de silicona en sus bordes, crean una doble pantalla entre la superficie de la pantalla y la superficie Pinlock®, que es lo que impide la formación de vaho. Las lentes están fabricadas con un plástico que absorbe la humedad, por lo que la superficie se mantiene prácticamente seca al usarlas. Esta cavidad hermética asegura que la diferencia de temperatura disminuya de forma significativa. Las Pinlock® 120 absorben la humedad desde el interior, por lo que te ofrecen visibilidad clara durante todo el trayecto. Pilotos de competiciones de primer nivel —como el MotoGP, el Mundial de Superbikes (WSBK) o el TT de la Isla de Man— usan habitualmente estas lentes cuando salen a la pista. Están disponibles en tallas personalizadas para la mayoría de los cascos de gama alta del mercado.",RIDER GEAR,HELMET,HELMET SP. PARTS,Claro,102,43,110,310,3,Transparente,,,,https://api.mybihr.com/medias/8004581003-1-800Wx800H?context=bWFzdGVyfHJvb3R8MjMxMTF8aW1hZ2UvanBlZ3xhRGt5TDJnMk5pODVNREUyT1RVME5EZzJPREUwTHpnd01EUTFPREV3TURNdE1WODRNREJYZURnd01FZ3xiMWFmYTkwNDQyNjFhYjdiYzhlNGNkNmRiOTBiOGEzMDZmOWI1YmQ2NWQyZmE5NTllZWMyYjEwMjg1ZDA4ZTk2,https://static.bihr.pro/eBihr/Pictures/PINLOCK-pictures.zip,,,,,,Spain Warehouse (Parts)
8004583001,PI0540045,DKS054-000810,PINLOCK,"PINLK VISOR ARAI ORIGINAL SA, SMK",Pinlock Ahumado Claro Arai Pantalla SAI,30.20,24.96,17.47,8717591465324,13,3920610000,0,1,"<p justify>La lentes antivaho Pinlock® 120 para cascos Arai se han diseñado para hacer frente a las condiciones de conducción más exigentes, como las de un circuito o de rutas dentro y fuera del asfalto. Las Pinlock® 120 han demostrado su excepcional rendimiento en ámbitos de primer nivel como el MotoGP, el WSBK o la Fórmula 1.<br><br><em>*Por favor, tenga en cuenta: Estas lentes solamente son compatibles con los cascos con pantalla Arai SAI (habilitadas para Pinlock®).</em></p><h3 justify>Características Pinlock® 120</h3><ul justify>  <li>Bordes con hilo de silicona que crean una doble pantalla   <li>Tecnología hidrofílica de secado   <li>Fáciles de limpiar y de instalar</li></ul><p justify><br>Nuestra solución estrella contra el vaho para profesionales, desarrollada para acabar con el empañamiento en condiciones climáticas difíciles. Las Pinlock® 120, gracias al hilo de silicona en sus bordes, crean una doble pantalla entre la superficie de la pantalla y la superficie Pinlock®, que es lo que impide la formación de vaho. Las lentes están fabricadas con un plástico que absorbe la humedad, por lo que la superficie se mantiene prácticamente seca al usarlas. Esta cavidad hermética asegura que la diferencia de temperatura disminuya de forma significativa. Las Pinlock® 120 absorben la humedad desde el interior, por lo que te ofrecen visibilidad clara durante todo el trayecto. Pilotos de competiciones de primer nivel -como el MotoGP, el Mundial de Superbikes (WSBK) o el TT de la Isla de Man- usan habitualmente estas lentes cuando salen a la pista. Están disponibles en tallas personalizadas para la mayoría de los cascos de gama alta del mercado.</p>","
La lentes antivaho Pinlock® 120 para cascos Arai se han diseñado para hacer frente a las condiciones de conducción más exigentes, como las de un circuito o de rutas dentro y fuera del asfalto. Las Pinlock® 120 han demostrado su excepcional rendimiento en ámbitos de primer nivel como el MotoGP, el WSBK o la Fórmula 1.*Por favor, tenga en cuenta: Estas lentes solamente son compatibles con los cascos con pantalla Arai SAI (habilitadas para Pinlock®).Características Pinlock® 120  Bordes con hilo de silicona que crean una doble pantalla   Tecnología hidrofílica de secado   Fáciles de limpiar y de instalar
Nuestra solución estrella contra el vaho para profesionales, desarrollada para acabar con el empañamiento en condiciones climáticas difíciles. Las Pinlock® 120, gracias al hilo de silicona en sus bordes, crean una doble pantalla entre la superficie de la pantalla y la superficie Pinlock®, que es lo que impide la formación de vaho. Las lentes están fabricadas con un plástico que absorbe la humedad, por lo que la superficie se mantiene prácticamente seca al usarlas. Esta cavidad hermética asegura que la diferencia de temperatura disminuya de forma significativa. Las Pinlock® 120 absorben la humedad desde el interior, por lo que te ofrecen visibilidad clara durante todo el trayecto. Pilotos de competiciones de primer nivel -como el MotoGP, el Mundial de Superbikes (WSBK) o el TT de la Isla de Man- usan habitualmente estas lentes cuando salen a la pista. Están disponibles en tallas personalizadas para la mayoría de los cascos de gama alta del mercado.",RIDER GEAR,HELMET,HELMET SP. PARTS,Ahumado,337,45,309,121,9,Ahumado,,,,https://api.mybihr.com/medias/8004583001-1-800Wx800H?context=bWFzdGVyfHJvb3R8MjEyMTh8aW1hZ2UvanBlZ3xhR0pqTDJnd05DODVNREV3TlRZMk9USXlNamN3THpnd01EUTFPRE13TURFdE1WODRNREJYZURnd01FZ3xlMzdmOTI2YjNiN2JjNDQ0NTlhNTg2NWI0ZTFjNTBjMzY4MDgzMjZkMGRhNTQxODY1MDM3ZmRhYTE4ZWVhN2Jl,https://static.bihr.pro/eBihr/Pictures/PINLOCK-pictures.zip,,,,,,Spain Warehouse (Parts)
8004586001,PI1590585,DKS159-000585,PINLOCK,"PINLK VISOR ARAI MAXVISION VAS PROT, TTD",Pinlock Protectint Arai Pantalla VAS-V Maxivision,59.96,49.55,34.69,8717591467960,0,3920610000,0,1,"<p justify>Las lentes Pinlock® ProtecTINT 100% Max Vision® para cascos Arai reaccionan ante los rayos UV cambiando al instante de claro a ahumado oscuro, manteniendo tu pantalla libre del empañamiento.<br><br><em>*Por favor, tenga en cuenta: Estas lentes solamente son compatibles con los cascos con pantalla Arai VAS-VIC (habilitadas para Pinlock®).</em></p><h3 justify>Características de las lentes Pinlock® ProtecTINT 100% Max Vision®</h3><ul justify>  <li>Bordes con hilo de silicona que crean una doble pantalla   <li>Tecnología hidrofílica de secado   <li>Fáciles de limpiar y de instalar   <li>Adaptable a condiciones de luz UV Cambia de claro a un ahumado leve Válida   para cualquier clima   <li>Tecnología 100% Max Vision®, que posibilita una visión clara a través de   toda el área de la pantalla.</li></ul><h3 justify>ProtecTINT</h3><p justify>De claro a ahumado oscuro en segundos. Las lentes Pinlock® ProtecTINT reaccionan ante los rayos UV cambiando al instante de claro a ahumado oscuro, manteniendo tu pantalla libre del empañamiento.</p><h3 justify>100% Max Vision®</h3><p justify>Las lentes Pinlock® 100% Max Vision® amplían la resistencia antivaho de la pantalla, gracias a una cavidad diseñada para que las lentes encajen en el casco más profundamente. Están disponibles en varios colores.</p>","
Las lentes Pinlock® ProtecTINT 100% Max Vision® para cascos Arai reaccionan ante los rayos UV cambiando al instante de claro a ahumado oscuro, manteniendo tu pantalla libre del empañamiento.*Por favor, tenga en cuenta: Estas lentes solamente son compatibles con los cascos con pantalla Arai VAS-VIC (habilitadas para Pinlock®).Características de las lentes Pinlock® ProtecTINT 100% Max Vision®  Bordes con hilo de silicona que crean una doble pantalla   Tecnología hidrofílica de secado   Fáciles de limpiar y de instalar   Adaptable a condiciones de luz UV Cambia de claro a un ahumado leve Válida   para cualquier clima   Tecnología 100% Max Vision®, que posibilita una visión clara a través de   toda el área de la pantalla.ProtecTINT
De claro a ahumado oscuro en segundos. Las lentes Pinlock® ProtecTINT reaccionan ante los rayos UV cambiando al instante de claro a ahumado oscuro, manteniendo tu pantalla libre del empañamiento.100% Max Vision®
Las lentes Pinlock® 100% Max Vision® amplían la resistencia antivaho de la pantalla, gracias a una cavidad diseñada para que las lentes encajen en el casco más profundamente. Están disponibles en varios colores.",RIDER GEAR,HELMET,HELMET SP. PARTS,Tintado,105,50,315,111,3,Negro,,,,https://api.mybihr.com/medias/8004586001-1-800Wx800H?context=bWFzdGVyfHJvb3R8Mjk3MDl8aW1hZ2UvanBlZ3xhRGxoTDJoa05TODVNREV3TlRZNE9EZzRNelV3THpnd01EUTFPRFl3TURFdE1WODRNREJYZURnd01FZ3xjMWE2NDcxOTAxZTA4N2JiYjE1ZWFjZjAxYjZjNDZlOTljNDhjYzdiMzU3YTg1ZjJhZDE1NzIxODQ4NDZlZGEx,https://static.bihr.pro/eBihr/Pictures/PINLOCK-pictures.zip,,,,,,Germany Warehouse
8004660001,PI0540041,DKS054-000685,PINLOCK,"PINLK VISOR ARAI ORIGINAL SAI, LSM",Pinlock Transparente Arai Pantalla SAI,30.20,24.96,17.47,8717591468691,2,3920610000,0,1,"<p>La lentes antivaho Pinlock® 120 para cascos Arai se han diseñado para hacer frente a las condiciones de conducción más exigentes, como las de un circuito o de rutas dentro y fuera del asfalto. Las Pinlock® 120 han demostrado su excepcional rendimiento en ámbitos de primer nivel como el MotoGP, el WSBK o la Fórmula 1.<br><br><em>*Por favor, tenga en cuenta: Estas lentes solamente son compatibles con los cascos con pantalla Arai SAI (habilitadas para Pinlock®).</em></p><h3>Características Pinlock® 120</h3><ul>  <li>Bordes con hilo de silicona que crean una doble pantalla   <li>Tecnología hidrofílica de secado   <li>Fáciles de limpiar y de instalar</li></ul><p><br>Nuestra solución estrella contra el vaho para profesionales, desarrollada para acabar con el empañamiento en condiciones climáticas difíciles. Las Pinlock® 120, gracias al hilo de silicona en sus bordes, crean una doble pantalla entre la superficie de la pantalla y la superficie Pinlock®, que es lo que impide la formación de vaho. Las lentes están fabricadas con un plástico que absorbe la humedad, por lo que la superficie se mantiene prácticamente seca al usarlas. Esta cavidad hermética asegura que la diferencia de temperatura disminuya de forma significativa. Las Pinlock® 120 absorben la humedad desde el interior, por lo que te ofrecen visibilidad clara durante todo el trayecto. Pilotos de competiciones de primer nivel -como el MotoGP, el Mundial de Superbikes (WSBK) o el TT de la Isla de Man- usan habitualmente estas lentes cuando salen a la pista. Están disponibles en tallas personalizadas para la mayoría de los cascos de gama alta del mercado.</p>","
La lentes antivaho Pinlock® 120 para cascos Arai se han diseñado para hacer frente a las condiciones de conducción más exigentes, como las de un circuito o de rutas dentro y fuera del asfalto. Las Pinlock® 120 han demostrado su excepcional rendimiento en ámbitos de primer nivel como el MotoGP, el WSBK o la Fórmula 1.*Por favor, tenga en cuenta: Estas lentes solamente son compatibles con los cascos con pantalla Arai SAI (habilitadas para Pinlock®).Características Pinlock® 120  Bordes con hilo de silicona que crean una doble pantalla   Tecnología hidrofílica de secado   Fáciles de limpiar y de instalar
Nuestra solución estrella contra el vaho para profesionales, desarrollada para acabar con el empañamiento en condiciones climáticas difíciles. Las Pinlock® 120, gracias al hilo de silicona en sus bordes, crean una doble pantalla entre la superficie de la pantalla y la superficie Pinlock®, que es lo que impide la formación de vaho. Las lentes están fabricadas con un plástico que absorbe la humedad, por lo que la superficie se mantiene prácticamente seca al usarlas. Esta cavidad hermética asegura que la diferencia de temperatura disminuya de forma significativa. Las Pinlock® 120 absorben la humedad desde el interior, por lo que te ofrecen visibilidad clara durante todo el trayecto. Pilotos de competiciones de primer nivel -como el MotoGP, el Mundial de Superbikes (WSBK) o el TT de la Isla de Man- usan habitualmente estas lentes cuando salen a la pista. Están disponibles en tallas personalizadas para la mayoría de los cascos de gama alta del mercado.",RIDER GEAR,HELMET,HELMET SP. PARTS,Ahumado claro,266,43,307,124,7,Transparente,,,,https://api.mybihr.com/medias/8004660001-1-800Wx800H?context=bWFzdGVyfHJvb3R8MjIwMTl8aW1hZ2UvanBlZ3xhREZrTDJnMk1pODVNREUyT1RrME1qQXhOak13THpnd01EUTJOakF3TURFdE1WODRNREJYZURnd01FZ3w2NTJlNWVmZTMwNmRiODEwZDAwNmQ4ZmIxMWEzOWI5MGEzYWU5ODMxMmY0YWZkODZkYmVlODc5ZWRmNmQ2MWJi,https://static.bihr.pro/eBihr/Pictures/PINLOCK-pictures.zip,,,,,,Spain Warehouse (Parts)
8004660002,PI0540043,DKS054-000043,PINLOCK,"PINLK VISOR ARAI ORIGINAL SAI, SMK",Pinlock Ahumado Oscuro Arai Pantalla SAI,30.20,24.96,17.47,8717591469469,1,3920610000,0,1,"<p>La lentes antivaho Pinlock® 120 para cascos Arai se han diseñado para hacer frente a las condiciones de conducción más exigentes, como las de un circuito o de rutas dentro y fuera del asfalto. Las Pinlock® 120 han demostrado su excepcional rendimiento en ámbitos de primer nivel como el MotoGP, el WSBK o la Fórmula 1.<br><br><em>*Por favor, tenga en cuenta: Estas lentes solamente son compatibles con los cascos con pantalla Arai SAI (habilitadas para Pinlock®).</em></p><h3>Características Pinlock® 120</h3><ul>  <li>Bordes con hilo de silicona que crean una doble pantalla   <li>Tecnología hidrofílica de secado   <li>Fáciles de limpiar y de instalar</li></ul><p><br>Nuestra solución estrella contra el vaho para profesionales, desarrollada para acabar con el empañamiento en condiciones climáticas difíciles. Las Pinlock® 120, gracias al hilo de silicona en sus bordes, crean una doble pantalla entre la superficie de la pantalla y la superficie Pinlock®, que es lo que impide la formación de vaho. Las lentes están fabricadas con un plástico que absorbe la humedad, por lo que la superficie se mantiene prácticamente seca al usarlas. Esta cavidad hermética asegura que la diferencia de temperatura disminuya de forma significativa. Las Pinlock® 120 absorben la humedad desde el interior, por lo que te ofrecen visibilidad clara durante todo el trayecto. Pilotos de competiciones de primer nivel -como el MotoGP, el Mundial de Superbikes (WSBK) o el TT de la Isla de Man- usan habitualmente estas lentes cuando salen a la pista. Están disponibles en tallas personalizadas para la mayoría de los cascos de gama alta del mercado.</p>","
La lentes antivaho Pinlock® 120 para cascos Arai se han diseñado para hacer frente a las condiciones de conducción más exigentes, como las de un circuito o de rutas dentro y fuera del asfalto. Las Pinlock® 120 han demostrado su excepcional rendimiento en ámbitos de primer nivel como el MotoGP, el WSBK o la Fórmula 1.*Por favor, tenga en cuenta: Estas lentes solamente son compatibles con los cascos con pantalla Arai SAI (habilitadas para Pinlock®).Características Pinlock® 120  Bordes con hilo de silicona que crean una doble pantalla   Tecnología hidrofílica de secado   Fáciles de limpiar y de instalar
Nuestra solución estrella contra el vaho para profesionales, desarrollada para acabar con el empañamiento en condiciones climáticas difíciles. Las Pinlock® 120, gracias al hilo de silicona en sus bordes, crean una doble pantalla entre la superficie de la pantalla y la superficie Pinlock®, que es lo que impide la formación de vaho. Las lentes están fabricadas con un plástico que absorbe la humedad, por lo que la superficie se mantiene prácticamente seca al usarlas. Esta cavidad hermética asegura que la diferencia de temperatura disminuya de forma significativa. Las Pinlock® 120 absorben la humedad desde el interior, por lo que te ofrecen visibilidad clara durante todo el trayecto. Pilotos de competiciones de primer nivel -como el MotoGP, el Mundial de Superbikes (WSBK) o el TT de la Isla de Man- usan habitualmente estas lentes cuando salen a la pista. Están disponibles en tallas personalizadas para la mayoría de los cascos de gama alta del mercado.",RIDER GEAR,HELMET,HELMET SP. PARTS,Ahumado,346,44,310,124,9,Ahumado,,,,https://api.mybihr.com/medias/8004660002-1-800Wx800H?context=bWFzdGVyfHJvb3R8MjA3MDF8aW1hZ2UvanBlZ3xhRGd6TDJnM01TODVNREV3TkRrME56WTNNVE0wTHpnd01EUTJOakF3TURJdE1WODRNREJYZURnd01FZ3wxMjBjMTY3NzI1MDZhM2EwY2RlOGY0NGNmZWU0ZDhkNDhlNWZhYWUwNWI2YjA3YjZkMjcwYmIzMTgyM2ViNGNi,https://static.bihr.pro/eBihr/Pictures/PINLOCK-pictures.zip,,,,,,Spain Warehouse (Parts)
8004582001,PI1160440,DKS116-000688,PINLOCK,"PINLK VISOR ARAI ORIGINAL TOUR-X, CLR",Inserto PINLOCK para pantalla Arai Tour-X4 - Transparente,35.25,29.13,20.39,8717591468707,21,3920610000,0,1,"<p>Las lentes Pinlock contienen mucho m&aacute;s de lo que parece a simple vista.</p>
<p><strong>Pinlock 120</strong></p>
<p>Del circuito a la carretera. Contiene los mismos componentes materiales que se utilizan en MotoGP y F&oacute;rmula 1. Probado en la pista, te mantendr&aacute; concentrado incluso en las condiciones m&aacute;s duras.</p>
<p><strong>Tecnolog&iacute;a antivaho</strong></p>
<p>La lente Pinlock&reg; se basa en dos principios clave para garantizar una visi&oacute;n sin vaho. La superficie de la lente que absorbe la humedad atrae y almacena eficazmente las mol&eacute;culas de agua, mientras que el sellado herm&eacute;tico crea una barrera t&eacute;rmica que impide la condensaci&oacute;n del visor.</p>
<p><strong>Lente Pinlock&reg; transparente</strong></p>
<p>Nuestra lente transparente es compatible con todas las viseras preparadas Pinlock en todas sus variedades. Mantiene tu vista perfectamente libre de vaho. En la mayor&iacute;a de los cascos, nuestra lente transparente est&aacute; incluida en la caja.</p>
<p><strong>Pasador espec&iacute;fico Arai</strong></p>
<p>Desarrollada por el fabricante del casco para acoplar una lente Pinlock&reg; dise&ntilde;ada espec&iacute;ficamente para este casco o visera.</p>
<p><strong>Esta lente se adapta a los siguientes cascos</strong></p>
<ul>
<li>Arai Tour-X3</li>
<li>Arai Tour-X4</li>
<li>Arai XD4</li>
</ul>","
Las lentes Pinlock contienen mucho más de lo que parece a simple vista.

Pinlock 120

Del circuito a la carretera. Contiene los mismos componentes materiales que se utilizan en MotoGP y Fórmula 1. Probado en la pista, te mantendrá concentrado incluso en las condiciones más duras.

Tecnología antivaho

La lente Pinlock® se basa en dos principios clave para garantizar una visión sin vaho. La superficie de la lente que absorbe la humedad atrae y almacena eficazmente las moléculas de agua, mientras que el sellado hermético crea una barrera térmica que impide la condensación del visor.

Lente Pinlock® transparente

Nuestra lente transparente es compatible con todas las viseras preparadas Pinlock en todas sus variedades. Mantiene tu vista perfectamente libre de vaho. En la mayoría de los cascos, nuestra lente transparente está incluida en la caja.

Pasador específico Arai

Desarrollada por el fabricante del casco para acoplar una lente Pinlock® diseñada específicamente para este casco o visera.

Esta lente se adapta a los siguientes cascos

Arai Tour-X3
Arai Tour-X4
Arai XD4
",RIDER GEAR,HELMET,HELMET SP. PARTS,Claro,156,42,309,126,4,Transparente,Tour-X4,,,https://api.mybihr.com/medias/800Wx800H-8004582001-1.jpg?context=bWFzdGVyfHJvb3R8MjU5NTV8aW1hZ2UvanBlZ3xhRE14TDJnek55ODFNalF3T1RjMk5EYzBNVEUxTUM4NE1EQlhlRGd3TUVoZk9EQXdORFU0TWpBd01TMHhMbXB3Wnd8NmM2ZjY5OGVmMjA2NjkxYTEyNDQ5OTZmZDY4NmFlNjNhNDdjY2IyY2IyYTQ0MDFmZmIyNWQ0ZGU1NmE4MjZlNA,https://static.bihr.pro/eBihr/Pictures/PINLOCK-pictures.zip,,,,,,Spain Warehouse (Parts)
8004584002,PI0950360,DKS095-000362,PINLOCK,"PINLK VISOR ARAI MAXVISION SAI, DSM",Pinlock Ahumado Oscuro Arai Pantalla SAI Maxivision,34.94,28.88,20.22,8717591466659,9,3920610000,0,1,"<p justify>La lentes antivaho Pinlock® 100% Max Vision® para cascos Arai se han diseñado para hacer frente a las condiciones de conducción más exigentes, como las de un circuito o de rutas dentro y fuera del asfalto. Las Pinlock® 120 han demostrado su excepcional rendimiento en ámbitos de primer nivel como el MotoGP, el WSBK o la Fórmula 1.<br><br><em>*Por favor, tenga en cuenta: Estas lentes solamente son compatibles con los cascos con pantalla Arai SAI-IC (habilitadas para Pinlock®).</em></p><h3 justify>Características de las lentes Pinlock® 120 100% Max Vision®</h3><ul justify>  <li>Bordes con hilo de silicona que crean una doble pantalla   <li>Tecnología hidrofílica de secado   <li>Fáciles de limpiar y de instalar   <li>Tecnología 100% Max Vision®, que posibilita una visión clara a través de   toda el área de la pantalla.</li></ul><p justify><br>Nuestra solución estrella contra el vaho para profesionales, desarrollada para acabar con el empañamiento en condiciones climáticas difíciles. Las Pinlock® 120, gracias al hilo de silicona en sus bordes, crean una doble pantalla entre la superficie de la pantalla y la superficie Pinlock®, que es lo que impide la formación de vaho. Las lentes están fabricadas con un plástico que absorbe la humedad, por lo que la superficie se mantiene prácticamente seca al usarlas. Esta cavidad hermética asegura que la diferencia de temperatura disminuya de forma significativa. Las Pinlock® 120 absorben la humedad desde el interior, por lo que te ofrecen visibilidad clara durante todo el trayecto. Pilotos de competiciones de primer nivel -como el MotoGP, el Mundial de Superbikes (WSBK) o el TT de la Isla de Man- usan habitualmente estas lentes cuando salen a la pista. Están disponibles en tallas personalizadas para la mayoría de los cascos de gama alta del mercado.</p><h3 justify>100% Max Vision®</h3><p justify>Las lentes Pinlock® 100% Max Vision® amplían la resistencia antivaho de la pantalla, gracias a una cavidad diseñada para que las lentes encajen en el casco más profundamente. Están disponibles en varios colores.</p>","
La lentes antivaho Pinlock® 100% Max Vision® para cascos Arai se han diseñado para hacer frente a las condiciones de conducción más exigentes, como las de un circuito o de rutas dentro y fuera del asfalto. Las Pinlock® 120 han demostrado su excepcional rendimiento en ámbitos de primer nivel como el MotoGP, el WSBK o la Fórmula 1.*Por favor, tenga en cuenta: Estas lentes solamente son compatibles con los cascos con pantalla Arai SAI-IC (habilitadas para Pinlock®).Características de las lentes Pinlock® 120 100% Max Vision®  Bordes con hilo de silicona que crean una doble pantalla   Tecnología hidrofílica de secado   Fáciles de limpiar y de instalar   Tecnología 100% Max Vision®, que posibilita una visión clara a través de   toda el área de la pantalla.
Nuestra solución estrella contra el vaho para profesionales, desarrollada para acabar con el empañamiento en condiciones climáticas difíciles. Las Pinlock® 120, gracias al hilo de silicona en sus bordes, crean una doble pantalla entre la superficie de la pantalla y la superficie Pinlock®, que es lo que impide la formación de vaho. Las lentes están fabricadas con un plástico que absorbe la humedad, por lo que la superficie se mantiene prácticamente seca al usarlas. Esta cavidad hermética asegura que la diferencia de temperatura disminuya de forma significativa. Las Pinlock® 120 absorben la humedad desde el interior, por lo que te ofrecen visibilidad clara durante todo el trayecto. Pilotos de competiciones de primer nivel -como el MotoGP, el Mundial de Superbikes (WSBK) o el TT de la Isla de Man- usan habitualmente estas lentes cuando salen a la pista. Están disponibles en tallas personalizadas para la mayoría de los cascos de gama alta del mercado.100% Max Vision®
Las lentes Pinlock® 100% Max Vision® amplían la resistencia antivaho de la pantalla, gracias a una cavidad diseñada para que las lentes encajen en el casco más profundamente. Están disponibles en varios colores.",RIDER GEAR,HELMET,HELMET SP. PARTS,Ahumado oscuro,333,45,306,121,9,Ahumado,,,,https://api.mybihr.com/medias/8004584002-1-800Wx800H?context=bWFzdGVyfHJvb3R8MjcxMDB8aW1hZ2UvanBlZ3xhRGd5TDJnMk55ODVNREV3TlRZM056QTROekF5THpnd01EUTFPRFF3TURJdE1WODRNREJYZURnd01FZ3w1ZDU1YjcxYTVlNTg5OTc0ZGNjYjQ5YWE5ODg3OTI0ZWNlYjBmMTM3ZmMwMTMwMjM3ZTBjYTQ4OGU4YmU3Y2E4,https://static.bihr.pro/eBihr/Pictures/PINLOCK-pictures.zip,,,,,,Germany Warehouse
8007301,,DKS166,PINLOCK,PINLOCK KIT 30 CLEAR,PINLOCK 30 Transparente (Válido para NOVIC Skidd),19.99,16.52,11.56,8717591468219,3,3920610000,0,1,"<p>Pinlock ofrece una solución fantástica contra el empañamiento de la pantalla</p>
<ul>
	<li>Sistema de doble pantalla creado por una junta de silicona</li>
	<li>Tecnología hidrófila seca</li>
	<li>Fácil de limpiar e instalar</li>
	<li>Intercambiable con otras lentes Pinlock</li>
</ul>

<p><strong>Compatibilidad:</strong></p>

<p><strong>Astone</strong></p>

<ul>
	<li>GT900 / GT1000F</li>
</ul>

<p><strong>AXO</strong></p>

<ul>
	<li>RS01 / RS01 Mono / Corsair</li>
</ul>

<p><strong>Caberg</strong></p>

<ul>
	<li>Duke 2</li>
</ul>

<p><strong>Cassida</strong></p>

<ul>
	<li>Compress 1.0 / Velocity ST 2.0 / Velocity ST 2.1</li>
</ul>

<p><strong>Dexter</strong></p>

<ul>
	<li>Neutron</li>
</ul>

<p><strong>Faseed</strong></p>

<ul>
	<li>FS-816 / FS-817 / FS-908 / FS-909</li>
</ul>

<p><strong>Givi</strong></p>

<ul>
	<li>X.21 / 50.5</li>
</ul>

<p><strong>JET</strong></p>

<ul>
	<li>Fighter</li>
</ul>

<p><strong>Kappa</strong></p>

<ul>
	<li>KV27</li>
</ul>

<p><strong>Mârkö</strong></p>

<ul>
	<li>M-Pull / M-Jet</li>
</ul>

<p><strong>NOVIC</strong></p>

<ul>
	<li>Skidd</li>
</ul>

<p><strong>Garibaldi</strong></p>

<ul>
	<li>G80 / G81 / G100</li>
</ul>

<p><strong>NHK</strong></p>

<ul>
	<li>Godzilla / RX-9</li>
</ul>

<p><strong>Nenki</strong></p>

<ul>
	<li>N-1</li>
</ul>

<p><strong>O’Neal</strong></p>

<ul>
	<li>Sierra II</li>
</ul>

<p><strong>Premier</strong></p>

<ul>
	<li>Delta / Genius / Viper / Vyrus</li>
</ul>

<p><strong>RXA</strong></p>

<ul>
	<li>X Road . Xenon</li>
</ul>

<p><strong>Shaft</strong></p>

<ul>
	<li>577 / 599</li>
</ul>

<p><strong>SMK</strong></p>

<ul>
	<li>Hybrid / Twister / Glide</li>
</ul>

<p><strong>Vemar</strong></p>

<ul>
	<li>Ghibli / Kona</li>
</ul>

<p><strong>Vinz</strong></p>

<ul>
	<li>Vinz Systeemhelm met zonnevizier</li>
</ul>

<p><strong>Yohe</strong></p>

<ul>
	<li>All Pinlock prepared Yohe helmets</li>
</ul>
","
Pinlock ofrece una solución fantástica contra el empañamiento de la pantalla

	Sistema de doble pantalla creado por una junta de silicona
	Tecnología hidrófila seca
	Fácil de limpiar e instalar
	Intercambiable con otras lentes Pinlock



Compatibilidad:


Astone


	GT900 / GT1000F



AXO


	RS01 / RS01 Mono / Corsair



Caberg


	Duke 2



Cassida


	Compress 1.0 / Velocity ST 2.0 / Velocity ST 2.1



Dexter


	Neutron



Faseed


	FS-816 / FS-817 / FS-908 / FS-909



Givi


	X.21 / 50.5



JET


	Fighter



Kappa


	KV27



Mârkö


	M-Pull / M-Jet



NOVIC


	Skidd



Garibaldi


	G80 / G81 / G100



NHK


	Godzilla / RX-9



Nenki


	N-1



O’Neal


	Sierra II



Premier


	Delta / Genius / Viper / Vyrus



RXA


	X Road . Xenon



Shaft


	577 / 599



SMK


	Hybrid / Twister / Glide



Vemar


	Ghibli / Kona



Vinz


	Vinz Systeemhelm met zonnevizier



Yohe


	All Pinlock prepared Yohe helmets

",RIDER GEAR,HELMET,HELMET SP. PARTS,,161,23,293,110,5,,,,,https://api.mybihr.com/medias/8007301-1-800Wx800H?context=bWFzdGVyfHJvb3R8MTM4MjkwfGltYWdlL2pwZWd8YUdSakwyZzNPQzh4TmpnM01qazBOelEwT1RnNE5pODRNREEzTXpBeExURmZPREF3VjNnNE1EQkl8MjBkMTRhZWMxMTM5NDRlZGQ2MWRiZTVjYWZkYjJmMGI0ZmQxNGM0MmRjNzQ1Y2VjODlmNDdjNTEzYmRiOGU0NQ,https://static.bihr.pro/eBihr/Pictures/PINLOCK-pictures.zip,https://api.mybihr.com/medias/Pinlock30-instruction-DE.pdf?context=bWFzdGVyfHJvb3R8NDkwNjcxfGFwcGxpY2F0aW9uL3BkZnxhR1ZsTDJobVpDOHhOamMxTURFNU9Ua3pNRGt4TUM5UWFXNXNiMk5yTXpCZmFXNXpkSEoxWTNScGIyNWZSRVV1Y0dSbXwwMzkyZjc2MWI2NDM3MzEzZWI4NDg4M2JhOTk1YWRmOTJiMTIwMTc3MWVlYjkxODllMDlhODQxODJhYjFhNzM1,https://api.mybihr.com/medias/Pinlock30-instruction-EN.pdf?context=bWFzdGVyfHJvb3R8NDk0NjQ0fGFwcGxpY2F0aW9uL3BkZnxhRFF3TDJobVpDOHhOamMxTURFNU9UazVOalEwTmk5UWFXNXNiMk5yTXpCZmFXNXpkSEoxWTNScGIyNWZSVTR1Y0dSbXxkZTY1YzBiNDQ2Y2RiNzdlY2MxYjZjMzkwYjc4YTlhNzY2ZWYxYmE1Y2MzOTc1MWQwZjFmNzU1ZGVhNDQxOTNl,https://api.mybihr.com/medias/Pinlock30-instruction-ES.pdf?context=bWFzdGVyfHJvb3R8NjQ2OTcwfGFwcGxpY2F0aW9uL3BkZnxhR05qTDJobU9TOHhOamMxTURJd01EQTJNVGs0TWk5UWFXNXNiMk5yTXpCZmFXNXpkSEoxWTNScGIyNWZSVk11Y0dSbXw4YTllYzFmZTBmNTgzZmQ5ODMyZWQ1NzM0NDMzOTFjZGExODYzYjViMzg0M2QxODJhZDAzMGNjN2QyMjRhM2M2,https://api.mybihr.com/medias/Pinlock30-instruction-FR.pdf?context=bWFzdGVyfHJvb3R8NDkxNTEwfGFwcGxpY2F0aW9uL3BkZnxhR05sTDJobU5pOHhOamMxTURJd01ERXlOelV4T0M5UWFXNXNiMk5yTXpCZmFXNXpkSEoxWTNScGIyNWZSbEl1Y0dSbXxiOTUwYWQ2OTgzNWQ3Y2M1OThlMjk5NmQ3M2ZhNzI0YzFmZmJjZjRjYTVmMzk4MjJiYmRhNmRiNDhhNmJlNDVi,https://api.mybihr.com/medias/Pinlock30-instruction-NL.pdf?context=bWFzdGVyfHJvb3R8NDc2NjA3fGFwcGxpY2F0aW9uL3BkZnxhREJqTDJobU5pOHhOamMxTURJd01ERTVNekExTkM5UWFXNXNiMk5yTXpCZmFXNXpkSEoxWTNScGIyNWZUa3d1Y0dSbXw5M2JjNjMwZjhlMjExNjc2OWRhYTkyYzU0ZTU3MTJiZjY2ZTg2N2ZlMDYyMzM2ZjAzNmJmZDg1NjA0OTlhYWE4,Spain Warehouse (Parts)
8009230001,,DKS511-002182,PINLOCK,"PINLK ARAI VAS-A (TOUR-X5) 120, CLR",Inserto PINLOCK 120 para pantalla Arai tipo VAS-A (Tour-X5) - Transparente,34.94,28.88,20.22,8719323737457,0,3926909790,0,1,"<p>El sistema Pinlock es una solución esencial para eliminar el vaho de las pantallas de los cascos. El vaho se forma rápidamente debido a la diferencia de temperatura entre el interior y el exterior del casco, así como a la respiración.</p>
<ul>
	<li>Pantalla Pinlock de plástico que absorbe el vaho: superficie seca en uso</li>
	<li>Junta de silicona para formar un sistema de doble pantalla</li>
	<li>Regula la diferencia de temperatura creando una bolsa de aire</li>
	<li>Inserto Pinlock: absorbe el vaho en el interior del casco para una visibilidad clara y óptima</li>
</ul>
","
El sistema Pinlock es una solución esencial para eliminar el vaho de las pantallas de los cascos. El vaho se forma rápidamente debido a la diferencia de temperatura entre el interior y el exterior del casco, así como a la respiración.

	Pantalla Pinlock de plástico que absorbe el vaho: superficie seca en uso
	Junta de silicona para formar un sistema de doble pantalla
	Regula la diferencia de temperatura creando una bolsa de aire
	Inserto Pinlock: absorbe el vaho en el interior del casco para una visibilidad clara y óptima

",RIDER GEAR,HELMET,HELMET SP. PARTS,Claro,385,61,350,157,7,Transparente,Tour-X5,,Pantalla,https://api.mybihr.com/medias/800Wx800H-8009230001-1.jpg?context=bWFzdGVyfHJvb3R8MTU2MDR8aW1hZ2UvanBlZ3xhRGhoTDJneFpDODFNalk1TnpRM016VTBPRE14T0M4NE1EQlhlRGd3TUVoZk9EQXdPVEl6TURBd01TMHhMbXB3Wnd8MTc4OWQ2ZTRjNDFlNTVhNTRlN2FlNmUzNzFjYTA4OTc0M2JjZjFkODQxZTk1ZGJlYzU2YTQyOTRkNGQzMDhlYw,https://static.bihr.pro/eBihr/Pictures/PINLOCK-pictures.zip,,,,,,France Warehouse (Parts)
