PartNumber,OldPartNumber,SupplierProductCode,Brand,ProductName,Designation,RetailPriceIncludingTax,RetailPriceExcludingTax,BaseDealerPriceExcludingTax,BarCode,StockValue,CommodityCode,OnDemand,DropShipping,HtmlDescription,Description,Category1,Category2,Category3,Volume (cm³),Weight (g),Length (mm),Width (mm),Height (mm),Anchura (mm),Cantidad,Longitud (cm),Longitud (mm),Picture1,Picture2,AllPicturesZIP,DeliveryPlant
1155355,,PP1012,HPX,HPX PAINT PROTECTION FILM,HPX Paint Protection Film - 100mm x 1.2m,22.99,19.00,15.20,5407004565170,0,5906100000,0,1,"<ul>
	<li>Transparent protective film against chippings and scratches</li>
	<li>Also suitable for car and bus windows</li>
	<li>Does not yellow, prolonged resistance to UV</li>
	<li>Resistant to high pressure cleaning</li>
	<li>Removable without damage</li>
	<li>OEM quality</li>
</ul>
","
	Transparent protective film against chippings and scratches
	Also suitable for car and bus windows
	Does not yellow, prolonged resistance to UV
	Resistant to high pressure cleaning
	Removable without damage
	OEM quality

",TOOLING & WS,CONSUMABLE,CONS. CONSUMABLE,1,1,10,10,10,,,,,https://api.mybihr.com/medias/800Wx800H-1155355-1.jpg?context=bWFzdGVyfHJvb3R8NjE5NTF8aW1hZ2UvanBlZ3xhR0psTDJneE55OHhNREkwTkRreU5UQXdNRGt4TVRndk9EQXdWM2c0TURCSVh6RXhOVFV6TlRVdE1TNXFjR2N8NTYyNWE5MjA4Y2UzZTI2NzkyZjczYjdlMWM3Y2E2ZTQwMTNmMDU2NDY1ZWIxYWU5YzVhOGY3MjQ4N2M3MjA0OQ,https://api.mybihr.com/medias/800Wx800H-1155355-2.jpg?context=bWFzdGVyfHJvb3R8NTYwNzV8aW1hZ2UvanBlZ3xhRFZsTDJneU5TOHhNREkwTkRreU5UQTBNREl6TXpRdk9EQXdWM2c0TURCSVh6RXhOVFV6TlRVdE1pNXFjR2N8ZWEzNjY3MGRhMWRhOTc1YmE2ZWVjYzIwNzdlNzBhMjU3MjRhNGNhNmY1Zjc5YjE5ZjBlMGVkMWE3ZmEwNmRjNw,https://static.bihr.pro/eBihr/Pictures/HPX-pictures.zip,Spain Warehouse (Parts)
1155361,,335934,HPX,HPX SYNTHETIC DEGREASING BRUSH,HPX Synthetic Degreasing Brush,6.05,5.00,4.00,8711347125234,0,5906100000,0,1,"<p>This 50 mm synthetic brush is ideal for degreasing, cleaning, and applying solvents. Its chemically resistant synthetic bristles ensure smooth and even application, while the sturdy metal ferrule keeps the fibers firmly in place. The ergonomic wooden handle offers comfortable grip during prolonged use. Versatile and durable, it is perfectly suited for surface preparation, mechanical work, body repair, and general maintenance.</p>
<ul>
	<li>50 mm width for medium to large surfaces</li>
	<li>Chemical‑resistant synthetic bristles suitable for solvents and degreasers</li>
	<li>Ergonomic wooden handle with hanging hole</li>
	<li>Durable metal ferrule for secure bristle retention</li>
	<li>Ideal for cleaning and surface preparation in automotive, mechanical, or DIY tasks</li>
</ul>
","
This 50 mm synthetic brush is ideal for degreasing, cleaning, and applying solvents. Its chemically resistant synthetic bristles ensure smooth and even application, while the sturdy metal ferrule keeps the fibers firmly in place. The ergonomic wooden handle offers comfortable grip during prolonged use. Versatile and durable, it is perfectly suited for surface preparation, mechanical work, body repair, and general maintenance.

	50 mm width for medium to large surfaces
	Chemical‑resistant synthetic bristles suitable for solvents and degreasers
	Ergonomic wooden handle with hanging hole
	Durable metal ferrule for secure bristle retention
	Ideal for cleaning and surface preparation in automotive, mechanical, or DIY tasks

",TOOLING & WS,CONSUMABLE,CONS. CONSUMABLE,1,1,10,10,10,,,,,https://api.mybihr.com/medias/800Wx800H-1155361-1.png?context=bWFzdGVyfHJvb3R8MTIwMjc1fGltYWdlL3BuZ3xhR0l3TDJnMk55OHhNREk0TWpNNE1UZ3lOalEyTURZdk9EQXdWM2c0TURCSVh6RXhOVFV6TmpFdE1TNXdibWN8YjQ5YjZmM2JlODkzMjUwZWJiZGFjODU0ZjI1MDYyOWNlYzc2ZjZkMjFjMzIzNmU3NDBlY2U2NjdlM2NhYzhhZg,,https://static.bihr.pro/eBihr/Pictures/HPX-pictures.zip,Spain Warehouse (Parts)
1155363,,335962,HPX,HPX FINE ABRASIVE SPONGE,HPX Fine Abrasive Sponge,5.75,4.75,3.80,5407004563756,0,5906100000,0,1,"<p>Practical sanding aid for bodywork repairs</p>
<ul>
	<li>100 × 70 mm</li>
	<li>Fine grit</li>
</ul>
","
Practical sanding aid for bodywork repairs

	100 × 70 mm
	Fine grit

",TOOLING & WS,CONSUMABLE,CONS. CONSUMABLE,1,1,10,10,10,,,,,https://api.mybihr.com/medias/800Wx800H-1155363-1.jpg?context=bWFzdGVyfHJvb3R8MTEyNjkxfGltYWdlL2pwZWd8YURRekwyZzRNaTh4TURJME16YzRNelV3TnprM01UQXZPREF3VjNnNE1EQklYekV4TlRVek5qTXRNUzVxY0djfGNmZTM0YjFmOTljYTJjMWNiMzgwMWYzNzdkYTBkMjIzMDllOWQ5YjRhMjUyMmQ1MjNkMDA3Nzk3YWVkZTY4MmI,,https://static.bihr.pro/eBihr/Pictures/HPX-pictures.zip,Spain Warehouse (Parts)
1155362,,335957,HPX,HPX RUST REMOVAL BRUSH,HPX Rust Removal Brush,16.34,13.50,10.80,8711347172313,0,5906100000,0,1,"<p>The HPX rust removal brush provides a practical and effective way to eliminate rust. Its ultra‑fine fiberglass bristles remove corrosion, stone chips, dirt, and small scratches before spraying. It is also ideal for precise touch-ups and localized repairs.</p>","
The HPX rust removal brush provides a practical and effective way to eliminate rust. Its ultra‑fine fiberglass bristles remove corrosion, stone chips, dirt, and small scratches before spraying. It is also ideal for precise touch-ups and localized repairs.",TOOLING & WS,CONSUMABLE,CONS. CONSUMABLE,1,1,10,10,10,,,,,https://api.mybihr.com/medias/800Wx800H-1155362-1.png?context=bWFzdGVyfHJvb3R8MjkxMDA1fGltYWdlL3BuZ3xhR0U1TDJoaFlTOHhNREkwTkRreU5UTXdNak0zTnpRdk9EQXdWM2c0TURCSVh6RXhOVFV6TmpJdE1TNXdibWN8ZDY0NmYzZmU5ZTQyZDEwNzY3ODY0YjJlNzg0ZTI4ZTllZTRjMDUyZDc4NWMyYTBiMWU3MWUxZmZjN2ZlMzEyNg,,https://static.bihr.pro/eBihr/Pictures/HPX-pictures.zip,Spain Warehouse (Parts)
1052812,89604009,135930,HPX,HPX SANDPAPER P120,Papel de lija HPX Grano P120,38.18,31.55,25.24,8711347121465,0,6805200000,0,1,"Papel de lija para lijado de pintura, barniz, masilla y madera. 			Medidas: 230 x 280 mm Kit de 50 unidades Papel de óxido de aluminio""""""""","Papel de lija para lijado de pintura, barniz, masilla y madera. 			Medidas: 230 x 280 mm Kit de 50 unidades Papel de óxido de aluminio""""""""",TOOLING & WS,CONSUMABLE,CONS. CONSUMABLE,2103,1340,282,233,32,,,,,https://api.mybihr.com/medias/1052812-1-800Wx800H?context=bWFzdGVyfHJvb3R8ODkwOTh8aW1hZ2UvanBlZ3xhRE16TDJneFlTODRPVE0xTWpBMk1EWXdNRFl5THpFd05USTRNVEl0TVY4NE1EQlhlRGd3TUVnfDNjM2JkNWJiOTRiYjY0YjlkOTRjZGI4OTE1NDFkMjE0NmVjMTE4ODNhOWI0ZmI0N2NmZTQxMzViNDAwMTY2NzU,,https://static.bihr.pro/eBihr/Pictures/HPX-pictures.zip,Spain Warehouse (Parts)
1052815,89604012,135933,HPX,HPX SANDPAPER P400,Papel de lija HPX Grano P400,40.62,33.57,26.86,8711347121526,2,6805200000,0,1,"Papel de lija para lijado de pintura, barniz, masilla y madera. 			Medidas: 230 x 280 mm Kit de 50 unidades Perfecto para lijado en metal húmedo Papel de carburo de silicio""""""""","Papel de lija para lijado de pintura, barniz, masilla y madera. 			Medidas: 230 x 280 mm Kit de 50 unidades Perfecto para lijado en metal húmedo Papel de carburo de silicio""""""""",TOOLING & WS,CONSUMABLE,CONS. CONSUMABLE,1145,659,289,233,17,,,,,https://api.mybihr.com/medias/1052815-1-800Wx800H?context=bWFzdGVyfHJvb3R8ODkwOTh8aW1hZ2UvanBlZ3xhR1UyTDJnNU5pODRPVE01TlRnMU9UWXlNREUwTHpFd05USTRNVFV0TVY4NE1EQlhlRGd3TUVnfDNjYjM0NmVkYWZiZTI0Yzc2NjM5YTllOTQ1NGViMDRlMjYxNDNmM2ZhMzI5NmY1NGMyNjA1ZmJmMDNlYzliNTY,,https://static.bihr.pro/eBihr/Pictures/HPX-pictures.zip,Spain Warehouse (Parts)
1052817,89604014,135935,HPX,HPX SANDPAPER P1000,Papel de lija HPX Grano P1000,26.49,21.89,17.51,8711347121557,0,6805200000,0,1,"Papel de lija para lijado de pintura, barniz, masilla y madera. 			Medidas: 230 x 280 mm Kit de 50 unidades Perfecto para lijado en metal húmedo Papel de carburo de silicio""""""""","Papel de lija para lijado de pintura, barniz, masilla y madera. 			Medidas: 230 x 280 mm Kit de 50 unidades Perfecto para lijado en metal húmedo Papel de carburo de silicio""""""""",TOOLING & WS,CONSUMABLE,CONS. CONSUMABLE,1480,602,285,236,22,,,,,https://api.mybihr.com/medias/1052817-1-800Wx800H?context=bWFzdGVyfHJvb3R8ODkwOTh8aW1hZ2UvanBlZ3xhRFEyTDJnd05TODRPVFV6T1RNNE1ERTRNek0wTHpFd05USTRNVGN0TVY4NE1EQlhlRGd3TUVnfDNkNGFjZDBjYzAzMTYxZWM0MTcyODRjMGY4ZGY5M2ZhNjRhNmY4NzRkZGU0ZGQ3OWE3N2ViOTczNDA5MGQzZGU,,https://static.bihr.pro/eBihr/Pictures/HPX-pictures.zip,Spain Warehouse (Parts)
1052818,89604015,135936,HPX,HPX SANDPAPER P1200,Papel de lija HPX Grano P1200,40.64,33.59,26.87,8711347121571,1,6805200000,0,1,"Papel de lija para lijado de pintura, barniz, masilla y madera. 			Medidas: 230 x 280 mm Kit de 50 unidades Perfecto para lijado en metal húmedo Papel de carburo de silicio""""""""","Papel de lija para lijado de pintura, barniz, masilla y madera. 			Medidas: 230 x 280 mm Kit de 50 unidades Perfecto para lijado en metal húmedo Papel de carburo de silicio""""""""",TOOLING & WS,CONSUMABLE,CONS. CONSUMABLE,1139,523,284,236,17,,,,,https://api.mybihr.com/medias/1052818-1-800Wx800H?context=bWFzdGVyfHJvb3R8ODkwOTh8aW1hZ2UvanBlZ3xhRGRsTDJnME9DODRPVE01TlRnMk1UVTROakl5THpFd05USTRNVGd0TVY4NE1EQlhlRGd3TUVnfGIxNjNlMDQwOGJlMDNjNTczMjBhNWU5MTdhMTFkMThjOGUxNmM1MTkyNDI4YmUzZWVlOGNiNzZmOTUxM2NlNjM,,https://static.bihr.pro/eBihr/Pictures/HPX-pictures.zip,Spain Warehouse (Parts)
1052819,89604016,135939,HPX,HPX SANDPAPER P2000,Papel de lija HPX Grano P2000,40.60,33.55,26.84,5425014226300,2,6805200000,0,1,"Papel de lija para lijado de pintura, barniz, masilla y madera. 			Medidas: 230 x 280 mm Kit de 50 unidades Perfecto para lijado en metal húmedo Papel de carburo de silicio""""""""","Papel de lija para lijado de pintura, barniz, masilla y madera. 			Medidas: 230 x 280 mm Kit de 50 unidades Perfecto para lijado en metal húmedo Papel de carburo de silicio""""""""",TOOLING & WS,CONSUMABLE,CONS. CONSUMABLE,1167,502,291,236,17,,,,,https://api.mybihr.com/medias/1052819-1-800Wx800H?context=bWFzdGVyfHJvb3R8ODkwOTh8aW1hZ2UvanBlZ3xhR05oTDJoa1ppODRPVEkzTmpZNE16Y3hORGcyTHpFd05USTRNVGt0TVY4NE1EQlhlRGd3TUVnfDM2YWRkMzE5MWYxNGU5MTFhZTUxMGNlM2Y4OGQ5NTRjMTA0NTY3OWEwY2U2NWE1ZGIyNTUxN2VlNDlmZDY2YzU,,https://static.bihr.pro/eBihr/Pictures/HPX-pictures.zip,Spain Warehouse (Parts)
1052810,89604007,135928,HPX,HPX SANDPAPER P60,Papel de lija HPX Grano P60,38.48,31.80,25.44,8711347121410,1,6805200000,0,1,"Papel de lija para lijado de pintura, barniz, masilla y madera. 			Medidas: 230 x 280 mm Kit de 50 unidades Papel de óxido de aluminio","Papel de lija para lijado de pintura, barniz, masilla y madera. 			Medidas: 230 x 280 mm Kit de 50 unidades Papel de óxido de aluminio",TOOLING & WS,CONSUMABLE,CONS. CONSUMABLE,3217,1208,290,236,47,,,,,https://api.mybihr.com/medias/1052810-1-800Wx800H?context=bWFzdGVyfHJvb3R8ODkwOTh8aW1hZ2UvanBlZ3xhRGd6TDJoaVpDODRPRGMwTkRrek56TTVNRE00THpFd05USTRNVEF0TVY4NE1EQlhlRGd3TUVnfDA2OGI0ZDY1ZjIzOWRjMjYyZmM1ZTIxZWYwYjdmMWIyNWE2MGNjZDIyMWY3NmQ2NDg1N2Y5N2IzZDI4NzI5NDA,,https://static.bihr.pro/eBihr/Pictures/HPX-pictures.zip,Spain Warehouse (Parts)
1052813,89604010,135931,HPX,HPX SANDPAPER P180,Papel de lija HPX Grano P180,24.49,20.24,16.19,8711347121489,1,6805200000,0,1,"Papel de lija para lijado de pintura, barniz, masilla y madera. 			Medidas: 230 x 280 mm Kit de 50 unidades Papel de óxido de aluminio""""""""","Papel de lija para lijado de pintura, barniz, masilla y madera. 			Medidas: 230 x 280 mm Kit de 50 unidades Papel de óxido de aluminio""""""""",TOOLING & WS,CONSUMABLE,CONS. CONSUMABLE,1816,1324,285,236,27,,,,,https://api.mybihr.com/medias/1052813-1-800Wx800H?context=bWFzdGVyfHJvb3R8ODkwOTh8aW1hZ2UvanBlZ3xhRGd4TDJoaE55ODRPVFE1TXpNek56VXpPRGcyTHpFd05USTRNVE10TVY4NE1EQlhlRGd3TUVnfDc3Mjc3OTA4NzBhYjVhOTQ4OGNhYzljN2JkMTM0YzAxMzBjOTI5MzU0YjJhYmY2N2QxMGJkM2IzNjlhYjQ3ZDA,,https://static.bihr.pro/eBihr/Pictures/HPX-pictures.zip,Spain Warehouse (Parts)
1052814,89604011,135932,HPX,HPX SANDPAPER P240,Papel de lija HPX Grano P240,40.62,33.57,26.86,8711347121496,0,6805200000,0,1,"Papel de lija para lijado de pintura, barniz, masilla y madera. 			Medidas: 230 x 280 mm Kit de 50 unidades Perfecto para lijado en metal húmedo Papel de carburo de silicio""""""""","Papel de lija para lijado de pintura, barniz, masilla y madera. 			Medidas: 230 x 280 mm Kit de 50 unidades Perfecto para lijado en metal húmedo Papel de carburo de silicio""""""""",TOOLING & WS,CONSUMABLE,CONS. CONSUMABLE,1506,855,290,236,22,,,,,https://api.mybihr.com/medias/1052814-1-800Wx800H?context=bWFzdGVyfHJvb3R8ODkwOTh8aW1hZ2UvanBlZ3xhRGsxTDJnME5DODRPRFk0TWpNMk16WXhOelU0THpFd05USTRNVFF0TVY4NE1EQlhlRGd3TUVnfDI1Y2EyNjJiNWZkYTY3NDQwYjE5ZDNlOTRmNzUxYTFiMTc0MGE5OTU4YjZmYzgzMTUxYWRjMzZkNjNhM2FhNzk,,https://static.bihr.pro/eBihr/Pictures/HPX-pictures.zip,Spain Warehouse (Parts)
3032316,893207,,HPX,HPX KIT ZIK FIX 20X5,Pack Zip Fix HPX,50.00,41.32,26.86,893207,1,5906100000,0,1,"Cinta de velcro autoadhesiva y resistente. Válida para multitud de superficies. Para fijación de objetos ligeros o pesados. 			Buena adherencia a metal, cristal, madera, cerámica y la mayoría de los plásticos. También válida para uso exterior. Medidas: 20 mm x 5 m","Cinta de velcro autoadhesiva y resistente. Válida para multitud de superficies. Para fijación de objetos ligeros o pesados. 			Buena adherencia a metal, cristal, madera, cerámica y la mayoría de los plásticos. También válida para uso exterior. Medidas: 20 mm x 5 m",TOOLING & WS,CONSUMABLE,CONS. CONSUMABLE,1728,224,120,120,120,,,,,https://api.mybihr.com/medias/3032316-1-800Wx800H?context=bWFzdGVyfHJvb3R8MjQzMjk3fGltYWdlL2pwZWd8YURobEwyZzJaUzg1TURFMU1UZ3hOVFF4TkRBMkx6TXdNekl6TVRZdE1WODRNREJYZURnd01FZ3wwOTI2OGU4MWFmODdlOGZiNzFiODJkNjgyMTE5NDdmMDNiNDZkM2FiOGNiMWMyODAwNDZhZTBhOTQ2YTlhNTAw,,https://static.bihr.pro/eBihr/Pictures/HPX-pictures.zip,Spain Warehouse (Parts)
1052822,89604019,335948,HPX,HPX PAD MEDIUM GRADE,Estropajo abrasivo HPX moyen,4.96,4.10,3.28,8711347125517,0,6805200000,0,1,Fibra abrasiva para deslustrar superficies ya pintadas o eliminar el brillo del metal base.,Fibra abrasiva para deslustrar superficies ya pintadas o eliminar el brillo del metal base.,TOOLING & WS,CONSUMABLE,CONS. CONSUMABLE,1100,69,210,238,22,,,,,https://api.mybihr.com/medias/1052822-1-800Wx800H?context=bWFzdGVyfHJvb3R8NzQ3NTJ8aW1hZ2UvanBlZ3xhRGc1TDJnd01TODRPVFV6T1RNNE1qRTBPVFF5THpFd05USTRNakl0TVY4NE1EQlhlRGd3TUVnfDFkNzhiMGVkNGYyZDY5ODQxNDE0MWYwZWQ4NmEzMDEzOWM0Nzc3NDBjYzEyODVhNTYzZGM1YWNjNzA3NGYyMDI,,https://static.bihr.pro/eBihr/Pictures/HPX-pictures.zip,Spain Warehouse (Parts)
1052835,89604006,IY1910,HPX,HPX DUCT TAPE 19MM X 10M YELLOW,Cinta adhesiva aislante HPX amarillo,2.98,2.46,1.48,5425014220476,1,3919108090,0,1,"Cinta aislante universal de PVC. 			Medidas: 19 mm x 10 m""""""""","Cinta aislante universal de PVC. 			Medidas: 19 mm x 10 m""""""""",TOOLING & WS,CONSUMABLE,CONS. CONSUMABLE,92,44,64,65,22,,,,,https://api.mybihr.com/medias/1052835-1-800Wx800H?context=bWFzdGVyfHJvb3R8ODA5MDh8aW1hZ2UvanBlZ3xhR0UzTDJnME5DODRPVFE1TXpNME5UUXdNekU0THpFd05USTRNelV0TVY4NE1EQlhlRGd3TUVnfGIzNjI3ODFmMDU1ODFiMGU1ZDhiZDdhNGZjMDk2NjQzNDZlNTk3ZGE2YmZiYThlNTVkNzY3MWYzMmI5YjFlYWE,https://api.mybihr.com/medias/1052835-2-800Wx800H?context=bWFzdGVyfHJvb3R8Mzk0NTd8aW1hZ2UvanBlZ3xhR1ZpTDJnelpDODRPVFE1TXpNME56TTJPVEkyTHpFd05USTRNelV0TWw4NE1EQlhlRGd3TUVnfDZjZGZhMjNkZDJmNTdkZTY5ZTQyYmFiY2M1M2FmZGVmNDZiY2QwMWNkNTQ3YzBiZDg3MWZlMjIyZmI0ZjliNzg,https://static.bihr.pro/eBihr/Pictures/HPX-pictures.zip,Spain Warehouse (Parts)
1052843,893206,Z2005H,HPX,HPX DUCT TAPE 20MM X 5M BLACK,Cinta autoadhesiva de gancho Zip Fix HPX negro,17.76,14.68,8.81,5425014220377,1,3919108090,0,1,"Cinta de velcro autoadhesiva y resistente. Válida para multitud de superficies. Para fijación de objetos ligeros o pesados. 			Cinta autoadhesiva de velcro Buena adherencia a metal, cristal, madera, cerámica y la mayoría de los plásticos. También válida para uso exterior. Medidas: 20 mm x 5 m""""""""","Cinta de velcro autoadhesiva y resistente. Válida para multitud de superficies. Para fijación de objetos ligeros o pesados. 			Cinta autoadhesiva de velcro Buena adherencia a metal, cristal, madera, cerámica y la mayoría de los plásticos. También válida para uso exterior. Medidas: 20 mm x 5 m""""""""",TOOLING & WS,CONSUMABLE,CONS. CONSUMABLE,782,117,175,154,29,,,,,https://api.mybihr.com/medias/1052843-1-800Wx800H?context=bWFzdGVyfHJvb3R8MjQzMjk3fGltYWdlL2pwZWd8YURVNUwyZ3dPQzg0T1RVek9UTTROREV4TlRVd0x6RXdOVEk0TkRNdE1WODRNREJYZURnd01FZ3wxOGJkMTRmZDgwMzEzNGU1ZDg5YmRkOTJjYzgzNjEyODUzZDM2ODU2ZTA4NGE2Mjg3Njk1NzgyNGRhNjQ4Zjky,,https://static.bihr.pro/eBihr/Pictures/HPX-pictures.zip,Spain Warehouse (Parts)
1052811,89604008,135929,HPX,HPX SANDPAPER P80,Papel de lija HPX Grano P80,49.34,40.78,32.62,8711347121434,1,6805200000,0,1,"Papel de lija para lijado de pintura, barniz, masilla y madera. 			Medidas: 230 x 280 mm Kit de 50 unidades Papel de óxido de aluminio""""""""","Papel de lija para lijado de pintura, barniz, masilla y madera. 			Medidas: 230 x 280 mm Kit de 50 unidades Papel de óxido de aluminio""""""""",TOOLING & WS,CONSUMABLE,CONS. CONSUMABLE,2059,1512,285,233,31,,,,,https://api.mybihr.com/medias/1052811-1-800Wx800H?context=bWFzdGVyfHJvb3R8ODkwOTh8aW1hZ2UvanBlZ3xhRFE0TDJnek5DODRPVE0xTWpBMU9EWXpORFUwTHpFd05USTRNVEV0TVY4NE1EQlhlRGd3TUVnfDJhZTg5ODJmY2U3NzE3YjRmYjA5NzRkNzQzNzJjNmEwZmIyMzkxOWI4NGVkMzkwMWM5ZWVlMDRhZWJjYzRiZDg,,https://static.bihr.pro/eBihr/Pictures/HPX-pictures.zip,Spain Warehouse (Parts)
1052816,89604013,135934,HPX,HPX SANDPAPER P600,Papel de lija HPX Grano P600,27.49,22.72,18.18,8711347121540,0,6805200000,0,1,"Papel de lija para lijado de pintura, barniz, masilla y madera. 			Medidas: 230 x 280 mm Kit de 50 unidades Perfecto para lijado en metal húmedo Papel de carburo de silicio""""""""","Papel de lija para lijado de pintura, barniz, masilla y madera. 			Medidas: 230 x 280 mm Kit de 50 unidades Perfecto para lijado en metal húmedo Papel de carburo de silicio""""""""",TOOLING & WS,CONSUMABLE,CONS. CONSUMABLE,1173,603,290,238,17,,,,,https://api.mybihr.com/medias/1052816-1-800Wx800H?context=bWFzdGVyfHJvb3R8ODkwOTh8aW1hZ2UvanBlZ3xhRGxpTDJobE5pODRPVEkzTmpZNE1UYzBPRGM0THpFd05USTRNVFl0TVY4NE1EQlhlRGd3TUVnfGE1MTQ2YzgxYTAxYzVjMDMwM2VhZTNmNTRkMmVlOTIxMjYxOGM2MjY0MTIxZTZjYTEwN2NjYTFlOWJlOTc2OTc,,https://static.bihr.pro/eBihr/Pictures/HPX-pictures.zip,Spain Warehouse (Parts)
1052825,893204,DG2502,HPX,HPX DUO GRIP 25MM X 2 M,Cinta de fijación reajustable HPX Duo Grip,35.47,29.31,17.59,5425014220759,0,5806329000,0,1,"Cinta de fijación reajustable, con ganchos: Aprieta los ganchos uno contra el otro para optimizar la fijación. Adecuada tanto para cargas ligeras como pesadas. 			Soporta cargas hasta cinco veces superiores a las fijaciones tradicionales de «gancho y correa» Medidas: 25 mm x 2 m""""""""","Cinta de fijación reajustable, con ganchos: Aprieta los ganchos uno contra el otro para optimizar la fijación. Adecuada tanto para cargas ligeras como pesadas. 			Soporta cargas hasta cinco veces superiores a las fijaciones tradicionales de «gancho y correa» Medidas: 25 mm x 2 m""""""""",TOOLING & WS,CONSUMABLE,CONS. CONSUMABLE,499,162,127,131,30,,,,,https://api.mybihr.com/medias/800Wx800H-1052825-1.jpg?context=bWFzdGVyfHJvb3R8NDk3MTR8aW1hZ2UvanBlZ3xhR0k0TDJneE55OHpNelkxTWpZek1EazBOVGd5TWk4NE1EQlhlRGd3TUVoZk1UQTFNamd5TlMweExtcHdad3wyODEzZTE1ZjgzZGJhYmJjODdkYTZjNmY4NTlhMzdmZTdkYzE0MWUwMDhjZGQwNzVmMWM2MjVhMGY0YzQ5MGNj,,https://static.bihr.pro/eBihr/Pictures/HPX-pictures.zip,Spain Warehouse (Parts)
1052845,891408,ZC30,HPX,HPX DUCT TAPE 50MM X 5M,Cinta adhesiva HPX aluminio,8.65,7.15,4.29,8711347320004,2,3919108090,0,1,"Cinta de aluminio para reparar y unir metales. 			Adecuada para la fijación temporal o permanente en condiciones extremas. Resistencia térmica: 120 °C Medidas: 50 mm x 5 m Espesor: 0,08 mm""""""""","Cinta de aluminio para reparar y unir metales. 			Adecuada para la fijación temporal o permanente en condiciones extremas. Resistencia térmica: 120 °C Medidas: 50 mm x 5 m Espesor: 0,08 mm""""""""",TOOLING & WS,CONSUMABLE,CONS. CONSUMABLE,578,62,116,94,53,,,,,https://api.mybihr.com/medias/1052845-1-800Wx800H?context=bWFzdGVyfHJvb3R8Mzc4MTR8aW1hZ2UvanBlZ3xhRFk0TDJneE1DODRPVEV3TkRnNE5UWTNPRE00THpFd05USTRORFV0TVY4NE1EQlhlRGd3TUVnfDljZTM4MGU3YzlhZjc4MzY2OTgzZjdmOTg0ZTk1OGVmZGUyYTE0YTQ4NDJiOTU5OGVlMzRlZTA2MmY2Mjc3ZGE,,https://static.bihr.pro/eBihr/Pictures/HPX-pictures.zip,Spain Warehouse (Parts)
1052820,89604017,335925,HPX,HPX SAND BLOCK BLACK RUBBER,Esponja lijadora de goma HPX negro,6.95,5.74,4.59,8711347125067,1,6805200000,0,1,"Taco de lijado de goma, muy práctico en reparaciones de la carrocería","Taco de lijado de goma, muy práctico en reparaciones de la carrocería",TOOLING & WS,CONSUMABLE,CONS. CONSUMABLE,422,218,170,73,34,,,,,https://api.mybihr.com/medias/1052820-1-800Wx800H?context=bWFzdGVyfHJvb3R8NDI4MTF8aW1hZ2UvanBlZ3xhREJrTDJnNU5pODRPVEF5TXpNNE9EY3hNekkyTHpFd05USTRNakF0TVY4NE1EQlhlRGd3TUVnfDdmMTFiYmUzZTgyMDZhNmFjNDIxYmFmYmY0MDg5MDA2NzliZDViOTA0NzRkMTAxMTA4YzlhZmYxNzVjMjY3Yjc,,https://static.bihr.pro/eBihr/Pictures/HPX-pictures.zip,Spain Warehouse (Parts)
1052821,89604018,335947,HPX,HPX PAD FINE GRADE,Estropajo abrasivo HPX fino,4.76,3.93,3.14,8711347125494,2,6805200000,0,1,Fibra abrasiva para deslustrar superficies ya pintadas o eliminar el brillo del metal base.,Fibra abrasiva para deslustrar superficies ya pintadas o eliminar el brillo del metal base.,TOOLING & WS,CONSUMABLE,CONS. CONSUMABLE,495,65,215,230,10,,,,,https://api.mybihr.com/medias/1052821-1-800Wx800H?context=bWFzdGVyfHJvb3R8NzQ3NTJ8aW1hZ2UvanBlZ3xhR0l4TDJoaE1DODRPVFE1TXpNek9UVXdORGswTHpFd05USTRNakV0TVY4NE1EQlhlRGd3TUVnfDM4ZDM0MzIxMzE0MzFjMTliMmFiZTNlNDEzZjAzZGY4NzVhMDJhYjM0OWE2NGZkYjhlN2ZhYWNhZmU1NjQ4MjM,,https://static.bihr.pro/eBihr/Pictures/HPX-pictures.zip,Spain Warehouse (Parts)
1052827,891402,EB5025,HPX,HPX DUCT TAPE 50MM X 25M BLACK,Cinta adhesiva americana  HPX negro,9.00,7.44,4.46,8711347179787,27,5906100000,0,1,"Cinta americana impermeable y fácil de retirar. 			Resistencia térmica: 65 °C Medidas: 50 mm x 25 m Espesor: 0,25 mm""""""""","Cinta americana impermeable y fácil de retirar. 			Resistencia térmica: 65 °C Medidas: 50 mm x 25 m Espesor: 0,25 mm""""""""",TOOLING & WS,CONSUMABLE,CONS. CONSUMABLE,714,324,120,119,50,,,,,https://api.mybihr.com/medias/1052827-1-800Wx800H?context=bWFzdGVyfHJvb3R8NTA0MDV8aW1hZ2UvanBlZ3xhR0UwTDJnME55ODRPVEF5TXpNNU1EWTNPVE0wTHpFd05USTRNamN0TVY4NE1EQlhlRGd3TUVnfDdhNDU4MjlmZjllMDk2YTJjYjRmNTM0YTBkYzAzOGQxMjI4MmQzYWYzN2JlYTU0OGUyYWM2NjA4YzJkNzZiNzc,,https://static.bihr.pro/eBihr/Pictures/HPX-pictures.zip,Spain Warehouse (Parts)
1052832,89604002,IL1910,HPX,HPX DUCT TAPE 19MM X 10M BLUE,Cinta adhesiva aislante HPX azul,3.18,2.63,1.58,5425014220445,1,3919108090,0,1,"Cinta aislante universal de PVC. 			Medidas: 19 mm x 10 m""""""""","Cinta aislante universal de PVC. 			Medidas: 19 mm x 10 m""""""""",TOOLING & WS,CONSUMABLE,CONS. CONSUMABLE,92,35,64,65,22,,,,,https://api.mybihr.com/medias/1052832-1-800Wx800H?context=bWFzdGVyfHJvb3R8ODg1ODV8aW1hZ2UvanBlZ3xhRGRsTDJneVpTODRPVE0xTWpBMk5qUTVPRGcyTHpFd05USTRNekl0TVY4NE1EQlhlRGd3TUVnfGRiY2U0ZTMzMzI0NTg5ZTY0ODkzZGFhMWU2Y2ViN2U5MTBhZmQwZTU2MDczZWZiZWY1NWQxMDg1MGIwZjk3NWE,https://api.mybihr.com/medias/1052832-2-800Wx800H?context=bWFzdGVyfHJvb3R8NDc4NTh8aW1hZ2UvanBlZ3xhRFJsTDJnek5TODRPVE0xTWpBMk9EUTJORGswTHpFd05USTRNekl0TWw4NE1EQlhlRGd3TUVnfGRiMjRlN2U4NWYxOTViMDRhNTk0N2NlMWRlNGM0MGZjMzk4ODRlODgxN2I1Mjk0ZDhhMjRlMTc1NzM4ZmEyMjc,https://static.bihr.pro/eBihr/Pictures/HPX-pictures.zip,Spain Warehouse (Parts)
1052834,89604003,IW1910,HPX,HPX DUCT TAPE 19MM X 10M WHITE,Cinta adhesiva aislante HPX blanco,3.18,2.63,1.58,5425014220469,1,3919108090,0,1,"Cinta aislante universal de PVC. 			Medidas: 19 mm x 10 m""""""""","Cinta aislante universal de PVC. 			Medidas: 19 mm x 10 m""""""""",TOOLING & WS,CONSUMABLE,CONS. CONSUMABLE,85,43,61,63,22,,,,,https://api.mybihr.com/medias/1052834-1-800Wx800H?context=bWFzdGVyfHJvb3R8NzQ3NTZ8aW1hZ2UvanBlZ3xhRFE0TDJnMU1pODRPVFE1TXpNME1UUTNNVEF5THpFd05USTRNelF0TVY4NE1EQlhlRGd3TUVnfGMwYzE0ZjI0ZjhjNDE4YzdkZDg1YjA1OTNmOWFhZTkwNWVlNjdiODg1NTY3Y2JhZTY2YmRlZmYzMThmNTRiODU,https://api.mybihr.com/medias/1052834-2-800Wx800H?context=bWFzdGVyfHJvb3R8MzA0OTl8aW1hZ2UvanBlZ3xhRGM0TDJnMFlpODRPVFE1TXpNME16UXpOekV3THpFd05USTRNelF0TWw4NE1EQlhlRGd3TUVnfDUzOWQ5ODExMDJkZjM3YTI0NWY1NzllOGFmMzMyYTQ2NDQ5MjQxM2ZmN2ZiNDZiZGU1MWM3ZDJjOWJhYjIwNjg,https://static.bihr.pro/eBihr/Pictures/HPX-pictures.zip,Spain Warehouse (Parts)
1052846,89605015,ZCRE04,HPX,HPX DUCT TAPE FOR BALANCE WEIGHTS,Quita adhesivo HPX,35.14,29.04,23.23,5425014221756,1,5906100000,0,1,"Disco especial sintético para eliminar restos de adhesivos y cintas de doble caraNo estropea la pintura en la superficie, y ahorra tiempoVelocidad idónea: 3000 a 4000 rpm","Disco especial sintético para eliminar restos de adhesivos y cintas de doble caraNo estropea la pintura en la superficie, y ahorra tiempoVelocidad idónea: 3000 a 4000 rpm",TOOLING & WS,CONSUMABLE,CONS. CONSUMABLE,973,217,200,152,32,,,,,https://api.mybihr.com/medias/1052846-1-800Wx800H?context=bWFzdGVyfHJvb3R8NDgzNDF8aW1hZ2UvanBlZ3xhREppTDJneU1TODRPVE01TlRnM01UUXhOall5THpFd05USTRORFl0TVY4NE1EQlhlRGd3TUVnfDA4Njk3ZDBmZTU1NDdjMWNmMzIxYmY3YjIyYjAwM2Q2ZDRhMmJiY2NmNWY2NTYwYjU3MGE5NWJjYWYwODAwNDU,,https://static.bihr.pro/eBihr/Pictures/HPX-pictures.zip,Spain Warehouse (Parts)
1052826,89604024,DT0001,HPX,HPX TAPE DISPENSER,Dispensador tipo pistola para cinta adhesiva HPX,21.48,17.75,14.20,5425014224313,0,5906100000,0,1,"Dispensador de cinta con freno, válido para rollos de 50 x 66 mm.","Dispensador de cinta con freno, válido para rollos de 50 x 66 mm.",TOOLING & WS,CONSUMABLE,CONS. CONSUMABLE,2884,489,278,182,57,,,,,https://api.mybihr.com/medias/1052826-1-800Wx800H?context=bWFzdGVyfHJvb3R8Mjc4ODB8aW1hZ2UvanBlZ3xhR014TDJneU55ODRPVE0xTWpBMk5EVXpNamM0THpFd05USTRNall0TVY4NE1EQlhlRGd3TUVnfGU4N2JlNTgzOWM5YTQ2OTE4OTJlYTU3MTYwYjc1NDIyNjU1NjA1MmRhMTUxMTIwZTQ4OTljNTQyYjM5MWI4ZTM,,https://static.bihr.pro/eBihr/Pictures/HPX-pictures.zip,Spain Warehouse (Parts)
1052831,89604004,IG1910,HPX,HPX DUCT TAPE 19MM X 10M GREY,Cinta adhesiva aislante HPX gris,2.98,2.46,1.48,8711347114535,2,3919108090,0,1,"Cinta aislante universal de PVC. 			Medidas: 19 mm x 10 m""""""""","Cinta aislante universal de PVC. 			Medidas: 19 mm x 10 m""""""""",TOOLING & WS,CONSUMABLE,CONS. CONSUMABLE,96,43,67,65,22,,,,,https://api.mybihr.com/medias/1052831-1-800Wx800H?context=bWFzdGVyfHJvb3R8ODAwOTF8aW1hZ2UvanBlZ3xhR1JrTDJnellTODRPVE01TlRnMk5UVXhPRE00THpFd05USTRNekV0TVY4NE1EQlhlRGd3TUVnfGZhM2MxNDRhZDJmNzZlOTFhZTM0MDA0MTY1OTA1MTU4ZmI4OWVhZmQzODdhYjA2MGFiYmU1ZWUwM2VkNDgyZjE,https://api.mybihr.com/medias/1052831-2-800Wx800H?context=bWFzdGVyfHJvb3R8MzkxMTh8aW1hZ2UvanBlZ3xhREl3TDJnek5DODRPVE01TlRnMk56UTRORFEyTHpFd05USTRNekV0TWw4NE1EQlhlRGd3TUVnfDhiYjEyYmE2M2QyNmY1MDdhZDVmNDllNDBjYzcxNTM0OGU5NDE5ZjcyMDk3OTlmYzZjNGFhODZlNzI4MGFlYTM,https://static.bihr.pro/eBihr/Pictures/HPX-pictures.zip,Spain Warehouse (Parts)
1052833,89604005,IR1910,HPX,HPX DUCT TAPE 19MM X 10M RED,Cinta adhesiva aislante HPX rojo,2.98,2.46,1.48,5425014220452,2,3919108090,0,1,"Cinta aislante universal de PVC. 			Medidas: 19 mm x 10 m""""""""","Cinta aislante universal de PVC. 			Medidas: 19 mm x 10 m""""""""",TOOLING & WS,CONSUMABLE,CONS. CONSUMABLE,86,43,62,63,22,,,,,https://api.mybihr.com/medias/1052833-1-800Wx800H?context=bWFzdGVyfHJvb3R8ODQ3OTZ8aW1hZ2UvanBlZ3xhR05oTDJnNE15ODRPVE0xTWpBM01EUXpNVEF5THpFd05USTRNek10TVY4NE1EQlhlRGd3TUVnfGRkYjg4ZTg5YjQ4ZTgwMzZkYTRkNDUzYWJjM2Y3Mzg3NWNhNTY5YTY1OTM0ZmJkN2RjNzlhMzYxZTQxZWIzNzk,https://api.mybihr.com/medias/1052833-2-800Wx800H?context=bWFzdGVyfHJvb3R8NTQzNzd8aW1hZ2UvanBlZ3xhRGczTDJnNFlTODRPVE0xTWpBM01qTTVOekV3THpFd05USTRNek10TWw4NE1EQlhlRGd3TUVnfGYzNTQ1ZmJiNTE1YWZmMTIyZWZmZDVjNTY2NmY4MDg4NzI5MzQ3ZDA1YzM5YmQ4ZTIyYmU1NmZhMTQ2Y2Y1YzY,https://static.bihr.pro/eBihr/Pictures/HPX-pictures.zip,Spain Warehouse (Parts)
1052837,89604020,MT1950,HPX,HPX DUCT TAPE 100°C - 19MM X 50M,Cinta de enmascarar HPX 19mm x 50m,3.74,3.09,2.47,89604020,1,5906100000,0,1,"Cinta de enmascarar de alta calidad (estándar para automoción). Buena adherencia a metal, cristal, plástico y goma. 			Resistencia térmica: 100 °C Espesor: 0,14 mm""""""""","Cinta de enmascarar de alta calidad (estándar para automoción). Buena adherencia a metal, cristal, plástico y goma. 			Resistencia térmica: 100 °C Espesor: 0,14 mm""""""""",TOOLING & WS,CONSUMABLE,CONS. CONSUMABLE,379,127,118,119,27,,,,,https://api.mybihr.com/medias/1052837-1-800Wx800H?context=bWFzdGVyfHJvb3R8MzMyMzJ8aW1hZ2UvanBlZ3xhRFZqTDJobVpDODRPRFk0TWpRM056WTFNREl5THpFd05USTRNemN0TVY4NE1EQlhlRGd3TUVnfDUxYWM2Y2U4ZDlmNjdlNzhiOGJlZjFjNGMxNDMyMmM4MjNmM2YzZTFiNjZmNTdhYjljZjcyOTliZjAyMmU4ZTU,,https://static.bihr.pro/eBihr/Pictures/HPX-pictures.zip,Spain Warehouse (Parts)
1052838,89604021,MT5050,HPX,HPX DUCT TAPE 100°C - 50MM X 50M,Cinta de enmascarar HPX 50mm x 50m,12.75,10.54,8.43,89604021,1,5906100000,0,1,"Cinta de enmascarar de alta calidad (estándar para automoción). Buena adherencia a metal, cristal, plástico y goma. 			Resistencia térmica: 100 °C Espesor: 0,14 mm""""""""","Cinta de enmascarar de alta calidad (estándar para automoción). Buena adherencia a metal, cristal, plástico y goma. 			Resistencia térmica: 100 °C Espesor: 0,14 mm""""""""",TOOLING & WS,CONSUMABLE,CONS. CONSUMABLE,718,284,116,119,52,,,,,https://api.mybihr.com/medias/1052838-1-800Wx800H?context=bWFzdGVyfHJvb3R8MzMyMzJ8aW1hZ2UvanBlZ3xhR1EwTDJnME1DODRPVEF5TXpNNU1qWTBOVFF5THpFd05USTRNemd0TVY4NE1EQlhlRGd3TUVnfDMxZWQzNjlhNzI0YWRjYzkzZDRhMWRkOWFlYTFlYzQ5YjVhY2IxNjBmY2JmNzJjZWU5NzVjNTlkYTVmZjFjZDE,,https://static.bihr.pro/eBihr/Pictures/HPX-pictures.zip,Spain Warehouse (Parts)
1052839,893203,SF1910,HPX,HPX DUCT TAPE 19MM X 10M BLACK,Cinta adhesiva vulcanizante HPX negro,15.63,12.92,7.75,5425014220162,1,4005990000,0,1,"Cinta vulcanizada, que tras su uso crea una masa homogénea sin necesidad de calor o presión. 			Útil para aislar cableados o impermeabilizar mangueras, entre otros usos Para reparaciones temporales o permanentes Medidas: 19 mm x 10 m Color: negro""""""""","Cinta vulcanizada, que tras su uso crea una masa homogénea sin necesidad de calor o presión. 			Útil para aislar cableados o impermeabilizar mangueras, entre otros usos Para reparaciones temporales o permanentes Medidas: 19 mm x 10 m Color: negro""""""""",TOOLING & WS,CONSUMABLE,CONS. CONSUMABLE,264,121,108,111,22,,,,,https://api.mybihr.com/medias/1052839-1-800Wx800H?context=bWFzdGVyfHJvb3R8MjIxOTkwfGltYWdlL2pwZWd8YURSbUwyZ3laQzg0T1RNNU5UZzJPVFExTURVMEx6RXdOVEk0TXprdE1WODRNREJYZURnd01FZ3xlZjdhY2IwM2Q5YmU0Yzg5YWIxMGNmODdkNWE3NWRkNzBhMTRiMzQyMDk1NzA3MjYzY2Y4ODgzNDM0YTk0ODEw,,https://static.bihr.pro/eBihr/Pictures/HPX-pictures.zip,Spain Warehouse (Parts)
1052844,893205,Z2005L,HPX,HPX DUCT TAPE 20MM X 5M BLACK,Cinta correa Zip Fix HPX negro,17.76,14.68,8.81,5425014220957,1,3919108090,0,1,"Cinta de velcro autoadhesiva y resistente. Válida para multitud de superficies. Para fijación de objetos ligeros o pesados. 			Cinta de embalar Buena adherencia a metal, cristal, madera, cerámica y la mayoría de los plásticos. También válida para uso exterior. Medidas: 20 mm x 5 m		   """"""""","Cinta de velcro autoadhesiva y resistente. Válida para multitud de superficies. Para fijación de objetos ligeros o pesados. 			Cinta de embalar Buena adherencia a metal, cristal, madera, cerámica y la mayoría de los plásticos. También válida para uso exterior. Medidas: 20 mm x 5 m		   """"""""",TOOLING & WS,CONSUMABLE,CONS. CONSUMABLE,777,107,174,154,29,,,,,https://api.mybihr.com/medias/1052844-1-800Wx800H?context=bWFzdGVyfHJvb3R8MjQzMjk3fGltYWdlL2pwZWd8YURCa0wyaGtPUzg0T1RJM05qWTROVFk0TURrMEx6RXdOVEk0TkRRdE1WODRNREJYZURnd01FZ3w4NWRhNjZhMmZlODRmZTdlMmFhZDg1Yzg4MDZjNzBkNzI5ZTM1MWMxYTFmN2ZmYTBiNjgxNjIwM2I3NmUzZDA4,,https://static.bihr.pro/eBihr/Pictures/HPX-pictures.zip,Spain Warehouse (Parts)
1052823,891404,CB5025,HPX,HPX DUCT TAPE 50MM X 25M,Cinta adhesiva HPX Pro negro,8.49,7.02,4.21,8711347114573,8,5906100000,0,1,"Cinta americana con tejido de tela y poliéster, revestida con polietileno. 			Se retira fácilmente con la mano Resistencia térmica: 90 °C Medidas: 50 mm x 25 m Espesor: 0,3 mm""""""""","Cinta americana con tejido de tela y poliéster, revestida con polietileno. 			Se retira fácilmente con la mano Resistencia térmica: 90 °C Medidas: 50 mm x 25 m Espesor: 0,3 mm""""""""",TOOLING & WS,CONSUMABLE,CONS. CONSUMABLE,750,384,126,119,50,,,,,https://api.mybihr.com/medias/1052823-1-800Wx800H?context=bWFzdGVyfHJvb3R8NzUxNzB8aW1hZ2UvanBlZ3xhR0l6TDJoaU5pODRPRGMwTkRrek9UTTFOalEyTHpFd05USTRNak10TVY4NE1EQlhlRGd3TUVnfDM2M2FlNTk2OWNmM2I1ZDcwNjNhOTUzYzQxZDBhN2E0ZGJlZTgxNWRmMDg1NzY1ZTlhNjQ1MTYwM2QxNzIyMmM,,https://static.bihr.pro/eBihr/Pictures/HPX-pictures.zip,Spain Warehouse (Parts)
1052840,893202,TP1925,HPX,HPX DUCT TAPE 19MM X 25M BLACK,Cinta adhesiva algodón HPX negro,9.03,7.46,4.48,5425014221732,3,5603141090,0,1,"Cinta aislante con tejido textil protector, para atar y proteger cableados. 			Resistencia térmica: 110 °C Medidas: 19 mm x 25 m Espesor: 0,3 mm Color: negro""""""""","Cinta aislante con tejido textil protector, para atar y proteger cableados. 			Resistencia térmica: 110 °C Medidas: 19 mm x 25 m Espesor: 0,3 mm Color: negro""""""""",TOOLING & WS,CONSUMABLE,CONS. CONSUMABLE,238,81,102,106,22,,,,,https://api.mybihr.com/medias/1052840-1-800Wx800H?context=bWFzdGVyfHJvb3R8MjAzMTI2fGltYWdlL2pwZWd8YUdZMkwyZ3haQzg0T1RFd05EZzRNVGMwTmpJeUx6RXdOVEk0TkRBdE1WODRNREJYZURnd01FZ3xmMmFlMDNhZDliYzFhYmYzNWM5MWJlZGFkNzBlOTA2ZDY0NTdjZGY2MDg2ZDk1ZWE4ZDRhMTE5ZGE2MzBjZDlj,https://api.mybihr.com/medias/1052840-2-800Wx800H?context=bWFzdGVyfHJvb3R8ODk3MDc3fGltYWdlL2pwZWd8YURJMUwyZ3hOeTg0T1RFd05EZzRNemN4TWpNd0x6RXdOVEk0TkRBdE1sODRNREJYZURnd01FZ3xhODVmZTI2OTg3MDEyZTc5Y2Y3OTg2Zjc3ZGVlZTY1ZTc3N2JhYWZjMGJkNWU2YjEyMzY3NmNiYTQwMTk0NDk1,https://static.bihr.pro/eBihr/Pictures/HPX-pictures.zip,Spain Warehouse (Parts)
1052829,891407,HSA025,HPX,HPX DUCT TAPE 19MM X 2M BLACK,Cinta adhesiva doble cara HPX,10.27,8.49,5.09,8711347125029,43,3919108090,0,1,"Cinta de doble cara con gran fuerza adhesiva, alternativa a tornillos y remaches.  			Medidas: 19 mm x 2 m Color: negro""""""""","Cinta de doble cara con gran fuerza adhesiva, alternativa a tornillos y remaches.  			Medidas: 19 mm x 2 m Color: negro""""""""",TOOLING & WS,CONSUMABLE,CONS. CONSUMABLE,329,58,140,94,25,,,,,https://api.mybihr.com/medias/1052829-1-800Wx800H?context=bWFzdGVyfHJvb3R8NTAyMzh8aW1hZ2UvanBlZ3xhRGRqTDJobE1DODRPRFk0TWpReU1qVTVPVGs0THpFd05USTRNamt0TVY4NE1EQlhlRGd3TUVnfGM4NTgzYmMzY2QxZjEyN2Y4MmE5ZjVlMjk4MGYwMWJkNzFiMDM2NWIwZGE0ZDgxNmQ5NmRhN2ZmNjcwNzdkMmI,,https://static.bihr.pro/eBihr/Pictures/HPX-pictures.zip,Spain Warehouse (Parts)
1052841,89604023,VB5066,HPX,HPX DUCT TAPE 50MM X 66M BROWN,Cinta para empaque HPX Marrón 50mm x 66m,6.03,4.98,3.98,5425014224276,13,5906100000,0,1,"Cinta de embalar, marrón o transparente. 			Resistencia térmica: 60 °C Medidas: 50 mm x 66 m Espesor: 0,032 mm""""""""","Cinta de embalar, marrón o transparente. 			Resistencia térmica: 60 °C Medidas: 50 mm x 66 m Espesor: 0,032 mm""""""""",TOOLING & WS,CONSUMABLE,CONS. CONSUMABLE,590,202,107,106,52,,,,,https://api.mybihr.com/medias/1052841-1-800Wx800H?context=bWFzdGVyfHJvb3R8NTc0Nzl8aW1hZ2UvanBlZ3xhREF6TDJnellTODRPVEF5TXpNNU5EWXhNVFV3THpFd05USTROREV0TVY4NE1EQlhlRGd3TUVnfDM2YmM0YmMzOTA2NTVmZGNkZGU0Nzg5MjYyZmI1MGQ0ODQ3Nzc5YjM0N2E3NmE2NmZiMjZiNDU0MzkwNzY3MTQ,,https://static.bihr.pro/eBihr/Pictures/HPX-pictures.zip,Spain Warehouse (Parts)
1052824,35887,CS5025,HPX,HPX DUCT TAPE 50MM X 25M,Rollo de cinta americana 50mmx25m. Color plata. HPX6200,12.17,10.06,6.04,8711347114610,2,5906100000,0,1,Cinta americana HPX6200 CS5025. Extra fuerte. Impermeable.<br><br>- Rollo de 25 m.<br>- Anchura 50 mm. <br>- Resistente a temperaturas desde -20º hasta 90º.,Cinta americana HPX6200 CS5025. Extra fuerte. Impermeable.- Rollo de 25 m.- Anchura 50 mm. - Resistente a temperaturas desde -20º hasta 90º.,TOOLING & WS,CONSUMABLE,CONS. CONSUMABLE,794,455,125,127,50,,,,,https://api.mybihr.com/medias/1052824-1-800Wx800H?context=bWFzdGVyfHJvb3R8Njc2NjR8aW1hZ2UvanBlZ3xhR1l3TDJneU1DODRPVE0xTWpBMk1qVTJOamN3THpFd05USTRNalF0TVY4NE1EQlhlRGd3TUVnfGRmOTZkODUyYjIzYWM4ZTAxMjE4NDkxOTNiNDUyMDRkM2MyYTFkODA3MTY4MmM2NDQ4ZmFjNGJmNjI3ZmNkMDI,,https://static.bihr.pro/eBihr/Pictures/HPX-pictures.zip,Spain Warehouse (Parts)
1052828,891403,ES5025,HPX,HPX DUCT TAPE 50MM X 25M SILVER,Cinta adhesiva americana  HPX plata,9.00,7.44,4.46,8711347179824,1,5906100000,0,1,"Cinta americana impermeable y fácil de retirar. 			Resistencia térmica: 65 °C Medidas: 50 mm x 25 m Espesor: 0,25 mm""""""""","Cinta americana impermeable y fácil de retirar. 			Resistencia térmica: 65 °C Medidas: 50 mm x 25 m Espesor: 0,25 mm""""""""",TOOLING & WS,CONSUMABLE,CONS. CONSUMABLE,702,307,118,119,50,,,,,https://api.mybihr.com/medias/1052828-1-800Wx800H?context=bWFzdGVyfHJvb3R8NDc4MjJ8aW1hZ2UvanBlZ3xhR0ZrTDJnME1TODRPVE01TlRnMk16VTFNak13THpFd05USTRNamd0TVY4NE1EQlhlRGd3TUVnfGRiYjdkODZhY2E2ZTM4NTExYTk0Yjg0ZTk4MmIyZTU2NWEwNDljZDY0ZjliZjdiZTdiMGNmNjI4MWU2NjcwN2E,,https://static.bihr.pro/eBihr/Pictures/HPX-pictures.zip,Spain Warehouse (Parts)
1052830,891406,IB1910,HPX,HPX DUCT TAPE 19MM X 10M BLACK,Cinta adhesiva aislante HPX 5200 (19mm x 10m - Negro mate,2.98,2.46,1.48,8711347114412,193,3919108090,0,1,"Cinta aislante universal de PVC. 			Medidas: 19 mm x 10 m""""""""","Cinta aislante universal de PVC. 			Medidas: 19 mm x 10 m""""""""",TOOLING & WS,CONSUMABLE,CONS. CONSUMABLE,68,40,59,58,20,,,,,https://api.mybihr.com/medias/800Wx800H-1052830-1.jpg?context=bWFzdGVyfHJvb3R8MjkzMDYxfGltYWdlL2pwZWd8YUdJNEwyZ3pOaTg0TVRRMk56TTRPVEU0TVRrNE1pODRNREJYZURnd01FaGZNVEExTWpnek1DMHhMbXB3Wnd8ODUzM2IyZDhkMmE2MjAyYzY2ZGQ4MjkxMzA1YzNkYjVjMTEyNDEyOWIyNGE3MmIyZWY1MjQyNGUzNTFlYjNkNg,,https://static.bihr.pro/eBihr/Pictures/HPX-pictures.zip,Spain Warehouse (Parts)
1052836,893201,LI1925,HPX,HPX DUCT TAPE 19MM X 25M BLACK,Cinta adhesiva tela HPX negro,12.69,10.49,6.29,5425014221275,27,5906100000,0,1,"Cinta aislante con tejido de tela, para atar y proteger cableados.  			Resistencia térmica: 110 °C Medidas: 19 mm x 25 m Espesor: 0,3 mm. Color: negro""""""""","Cinta aislante con tejido de tela, para atar y proteger cableados.  			Resistencia térmica: 110 °C Medidas: 19 mm x 25 m Espesor: 0,3 mm. Color: negro""""""""",TOOLING & WS,CONSUMABLE,CONS. CONSUMABLE,156,68,90,91,19,,,,,https://api.mybihr.com/medias/1052836-1-800Wx800H?context=bWFzdGVyfHJvb3R8Mjc2ODk5fGltYWdlL2pwZWd8YUdNekwyZzBOUzg0T1RJME9UVTNPVEF3T0RNd0x6RXdOVEk0TXpZdE1WODRNREJYZURnd01FZ3xiZGJlN2ViMjY2OTIzNzI2ODY4ZWVhOTcxMDQ5ZTllNGQwNTkyZDQ0ZDI3MDYxNmNmNzQ2NmRkZmI3MWIzOTRl,https://api.mybihr.com/medias/1052836-2-800Wx800H?context=bWFzdGVyfHJvb3R8NzcwODM2fGltYWdlL2pwZWd8YURVMUwyZ3dOaTg0T1RJME9UVTRNRGszTkRNNEx6RXdOVEk0TXpZdE1sODRNREJYZURnd01FZ3wzMTA3MWY4YmRjMTg2ZGViMTE3ZGZmMjM1OWFmMTgxOTBkZmVmNDc4NThmZDFmYjRhZjJlODYxN2E4MmQwYmZh,https://static.bihr.pro/eBihr/Pictures/HPX-pictures.zip,Spain Warehouse (Parts)
1052842,89604022,VT5066,HPX,HPX DUCT TAPE 50MM X 66M TRANSPARENT,Cinta para empaque HPX transparente 50mm x 66m,5.65,4.67,3.74,5425014224290,27,5906100000,0,1,"Cinta de embalar, marrón o transparente. 			Resistencia térmica: 60 °C Medidas: 50 mm x 66 m Espesor: 0,032 mm""""""""","Cinta de embalar, marrón o transparente. 			Resistencia térmica: 60 °C Medidas: 50 mm x 66 m Espesor: 0,032 mm""""""""",TOOLING & WS,CONSUMABLE,CONS. CONSUMABLE,568,215,106,103,52,,,,,https://api.mybihr.com/medias/1052842-1-800Wx800H?context=bWFzdGVyfHJvb3R8NTc0Nzl8aW1hZ2UvanBlZ3xhR1V6TDJoa09DODRPRFk0TWpVd01USTBNekU0THpFd05USTROREl0TVY4NE1EQlhlRGd3TUVnfDkwNTFhMmE2MDY0YTQ1Y2ZiMjYxMTMxZDI4MDUwNWRiMTFjZGFiZGRjNjJhZDc0ZGZkZjk2MDNlYzg0Mjk5MTU,,https://static.bihr.pro/eBihr/Pictures/HPX-pictures.zip,Spain Warehouse (Parts)
1052979,35903,IB1510,HPX,HPX TAPE 15X10 BLACK,Rollo de cinta aislante para cables y terminales. 15mmx10m. Color negro HPX5200,2.49,2.06,1.24,5425014220933,39,8714109090,0,1,Cinta aislante para terminales y cables. HPX 5200 IB1510. Color negro.<br><br><strong>Anchura:</strong> 15 mm.<br><strong>Rollo de:</strong> 10 m.<br>,Cinta aislante para terminales y cables. HPX 5200 IB1510. Color negro.Anchura: 15 mm.Rollo de: 10 m.,TOOLING & WS,CONSUMABLE,CONS. CONSUMABLE,66,32,60,61,18,,,,,https://api.mybihr.com/medias/1052979-1-800Wx800H?context=bWFzdGVyfHJvb3R8OTE5MjJ8aW1hZ2UvanBlZ3xhRGd4TDJoak1TOHhOVFF4TlRVeE5qazFORFkxTkM4eE1EVXlPVGM1TFRGZk9EQXdWM2c0TURCSXwyZDcwNjcwZGU0M2E4N2JiNDlhZDYzZmUxNTVjNDlhMzEwN2ViZGQ2MjUxZGU5NTFhM2NlMzlkMTcxNTkwYjVm,,https://static.bihr.pro/eBihr/Pictures/HPX-pictures.zip,Spain Warehouse (Parts)
1155354,,CS4805,HPX,HPX PREMIUM POCKET DUCT TAPE,HPX 6200 Repair Tape – Pocket Size,7.87,6.50,5.20,5407004564715,0,5906100000,0,1,"<ul>
	<li>Durable, single-sided cloth tape with high adhesive strength</li>
	<li>Handy pocket size: fits in every pocket, backpack, toolbox, glove compartment, etc.</li>
	<li>Waterproof, weather resistant and hand tearable</li>
	<li>Suitable for indoor and outdoor use</li>
</ul>

<p><strong>Adhesive:&nbsp;</strong>natural rubber</p>

<p><strong>Carrier:&nbsp;</strong>PE coated cloth</p>

<p><strong>Maximum temperature:&nbsp;</strong>60°C (up to 80°C for short periods)</p>

<p><strong>Tensile strength:&nbsp;</strong>183 N/25 mm</p>

<p><strong>Adhesive strength:&nbsp;</strong>13 N/25 mm</p>

<p><strong>Thickness:&nbsp;</strong>0,30 mm</p>

<p>&nbsp;</p>","
	Durable, single-sided cloth tape with high adhesive strength
	Handy pocket size: fits in every pocket, backpack, toolbox, glove compartment, etc.
	Waterproof, weather resistant and hand tearable
	Suitable for indoor and outdoor use



Adhesive: natural rubber


Carrier: PE coated cloth


Maximum temperature: 60°C (up to 80°C for short periods)


Tensile strength: 183 N/25 mm


Adhesive strength: 13 N/25 mm


Thickness: 0,30 mm


 ",TOOLING & WS,CONSUMABLE,CONS. CONSUMABLE,1,1,10,10,10,,,,,https://api.mybihr.com/medias/800Wx800H-1155354-1.jpg?context=bWFzdGVyfHJvb3R8NDcwNzF8aW1hZ2UvanBlZ3xhREUyTDJnNE1pOHhNREkwTkRreU5URXdOVGMyT1RRdk9EQXdWM2c0TURCSVh6RXhOVFV6TlRRdE1TNXFjR2N8MTM3ZDhlYmI4OTJmMDk1YzFlYzY2NDNjNDI4ZGQ5MTk0YmYyOGQyY2U0OGI1YWI2NGY1MTZhZDc5ZTA5ZGZmOA,https://api.mybihr.com/medias/800Wx800H-1155354-2.jpg?context=bWFzdGVyfHJvb3R8Nzk3MDl8aW1hZ2UvanBlZ3xhR0kyTDJnNFppOHhNREkwTkRreU5URTBOVEE1TVRBdk9EQXdWM2c0TURCSVh6RXhOVFV6TlRRdE1pNXFjR2N8NDE5ZDdjMTM2ZjQ0ZTg0ZTAzMTY0YjgwYTEwY2E4YWIwY2M3ZDYyOGZkZjYxNjhiNmM2YWJiYTJiOGZiZTFlOQ,https://static.bihr.pro/eBihr/Pictures/HPX-pictures.zip,Spain Warehouse (Parts)
1155353,,SZ2503,HPX,HPX STRETCH & FUSE TAPE,HPX Strech & Fuse Insulating Tape - 25mm x 3m,18.15,15.00,12.00,5425014225921,0,5906100000,0,1,"<ul>
	<li>Permanent, waterproof sealing</li>
	<li>Insulation of electrical wires</li>
	<li>Suitable for all surfaces</li>
	<li>Leaves no residue</li>
	<li>Easy to use</li>
	<li>Pressure resistant up to 8 bar</li>
</ul>

<p><strong>Carrier:&nbsp;</strong>silicone</p>

<p><strong>Maximum temperature:&nbsp;</strong>200°C (up to 260°C for short periods)</p>

<p><strong>Tensile strength:&nbsp;</strong>5 MPa</p>

<p><strong>Thickness:&nbsp;</strong>0,50 mm</p>

<p><strong>Breakdown voltage:&nbsp;</strong>8 kV</p>","
	Permanent, waterproof sealing
	Insulation of electrical wires
	Suitable for all surfaces
	Leaves no residue
	Easy to use
	Pressure resistant up to 8 bar



Carrier: silicone


Maximum temperature: 200°C (up to 260°C for short periods)


Tensile strength: 5 MPa


Thickness: 0,50 mm


Breakdown voltage: 8 kV",TOOLING & WS,CONSUMABLE,CONS. CONSUMABLE,1,1,10,10,10,,,,,https://api.mybihr.com/medias/800Wx800H-1155353-1.jpg?context=bWFzdGVyfHJvb3R8NDcxNzV8aW1hZ2UvanBlZ3xhR0ZqTDJneVppOHhNREkwTkRreU5UVXlNVGt5TXpBdk9EQXdWM2c0TURCSVh6RXhOVFV6TlRNdE1TNXFjR2N8MTdhZDI1ZDEwMzc3MmExNDg2Y2RmYjQ0MzRlNGNjNTJmOGU4MzQxMTQ1MGQ2ZDc1NDc5ZDhmMzMwYTA0ZWM2ZQ,https://api.mybihr.com/medias/800Wx800H-1155353-2.jpg?context=bWFzdGVyfHJvb3R8NDgzOTd8aW1hZ2UvanBlZ3xhRFJqTDJnelpDOHhNREkwTkRreU5UVTJNVEkwTkRZdk9EQXdWM2c0TURCSVh6RXhOVFV6TlRNdE1pNXFjR2N8MGNiYmVlYzU4MzFkZGU3MGM4NzIyMTRiMjE1YzhkMDNiMzAyYWQwNGVhY2MwY2E5NDkxYWY5OGUxMDgyNThkOA,https://static.bihr.pro/eBihr/Pictures/HPX-pictures.zip,Spain Warehouse (Parts)
1155360,,GB5025,HPX,HPX TAPE GAFFER BLACK 48MMX25M,HPX Gaffer Tape Matte Black - 48mm x 25m,15.43,12.75,10.20,5425014220032,0,5906100000,0,1,"<ul>
	<li>High quality cloth tape with a matt black surface</li>
	<li>Suitable for use in studios and theatres: no light reflection</li>
	<li>Strong adhesion and weather resistant</li>
	<li>Leaves no adhesive residues when being removed after long term use</li>
</ul>

<p><strong>Adhesive:&nbsp;</strong>natural rubber</p>

<p><strong>Carrier:&nbsp;</strong>PE coated cloth</p>

<p><strong>Maximum temperature:&nbsp;</strong>60°C (up to 80°C for short periods)</p>

<p><strong>Tensile strength:&nbsp;</strong>157 N/25 mm</p>

<p><strong>Adhesive strength:&nbsp;</strong>10 N/25 mm</p>

<p><strong>Thickness:&nbsp;</strong>0,30 mm</p>","
	High quality cloth tape with a matt black surface
	Suitable for use in studios and theatres: no light reflection
	Strong adhesion and weather resistant
	Leaves no adhesive residues when being removed after long term use



Adhesive: natural rubber


Carrier: PE coated cloth


Maximum temperature: 60°C (up to 80°C for short periods)


Tensile strength: 157 N/25 mm


Adhesive strength: 10 N/25 mm


Thickness: 0,30 mm",TOOLING & WS,CONSUMABLE,CONS. CONSUMABLE,1,1,10,10,10,,,,,https://api.mybihr.com/medias/800Wx800H-1155360-1.jpg?context=bWFzdGVyfHJvb3R8MzkyNzR8aW1hZ2UvanBlZ3xhRFkwTDJoaFlpOHhNREkwTkRreU5UWTNPVEl3T1RRdk9EQXdWM2c0TURCSVh6RXhOVFV6TmpBdE1TNXFjR2N8OGRhOTFjNjA4M2Q4MjQxNGJhOTFhYTNhNDdjYTA2NjU1ZDM4ZGFmZDU1Y2Q3ZjQ5MGNlNDI1NmVjOTA4OTAwMg,,https://static.bihr.pro/eBihr/Pictures/HPX-pictures.zip,Spain Warehouse (Parts)
1155352,,BG1605,HPX,HPX BACKGRIP FILM BLACK 16MMX5M,HPX Backgrip Cable Organizer Tape - 16mm X 5m,12.10,10.00,8.00,5407004561615,0,5906100000,0,1,"<ul>
	<li>3-dimensional film fastner in PP</li>
	<li>The micro-structured surface makes a strong connection to the woven surface</li>
	<li>Flame retardant</li>
	<li>Does not damage fragile cables</li>
	<li>Does not pinch cables</li>
	<li>Quick and easy to install</li>
</ul>

<p><strong>Carrier:&nbsp;</strong>polypropylene</p>

<p><strong>Maximum temperature:&nbsp;</strong>100°C</p>

<p><strong>Thickness:&nbsp;</strong>0,90 mm</p>","
	3-dimensional film fastner in PP
	The micro-structured surface makes a strong connection to the woven surface
	Flame retardant
	Does not damage fragile cables
	Does not pinch cables
	Quick and easy to install



Carrier: polypropylene


Maximum temperature: 100°C


Thickness: 0,90 mm",TOOLING & WS,CONSUMABLE,CONS. CONSUMABLE,1,1,10,10,10,,,,,https://api.mybihr.com/medias/800Wx800H-1155352-1.jpg?context=bWFzdGVyfHJvb3R8NDQ2MjN8aW1hZ2UvanBlZ3xhR1EzTDJobVpTOHhNREkwTXpjNE1qZzFPVEUyTkRZdk9EQXdWM2c0TURCSVh6RXhOVFV6TlRJdE1TNXFjR2N8NjQyNzAwNDU5YThkZTFmMWE5N2YxNjMzNWZjOGViZTRiOGY0M2ZlZmY5OTVkYWFkZDI0ZjVjNzRlYzBjNWY1YQ,https://api.mybihr.com/medias/800Wx800H-1155352-2.jpg?context=bWFzdGVyfHJvb3R8NDkyODF8aW1hZ2UvanBlZ3xhRFJoTDJobU1TOHhNREkwTXpjNE1qZzVPRFE0TmpJdk9EQXdWM2c0TURCSVh6RXhOVFV6TlRJdE1pNXFjR2N8NTZhN2ZjZmM2YTRmNzAwNGNlM2U4ZmUzNjIwODIxOTBlYmMwNWYyODAxNjE0NGY5NGUyNjk5MjlhNjQ0NDQyZA,https://static.bihr.pro/eBihr/Pictures/HPX-pictures.zip,Spain Warehouse (Parts)
1155351,,MR1725,HPX,HPX MIRROR REPAIR KIT 175x250MM,HPX Mirror Repair Kit - 175 x 250mm,12.71,10.50,8.40,5407004562872,0,5906100000,0,1,"<ul>
	<li>Emergency kit to repair the mirror function</li>
	<li>Suitable for cars, trucks and any other vehicle</li>
	<li>Easy to cut, no special tools needed</li>
	<li>Not to be used as permanent replacement of the original mirror!</li>
</ul>
","
	Emergency kit to repair the mirror function
	Suitable for cars, trucks and any other vehicle
	Easy to cut, no special tools needed
	Not to be used as permanent replacement of the original mirror!

",TOOLING & WS,CONSUMABLE,CONS. CONSUMABLE,1,1,10,10,10,,,,,https://api.mybihr.com/medias/800Wx800H-1155351-1.jpg?context=bWFzdGVyfHJvb3R8MjcwMjN8aW1hZ2UvanBlZ3xhR1F4TDJoaFlTOHhNREkwTkRreU5EZzJNREF3T1RRdk9EQXdWM2c0TURCSVh6RXhOVFV6TlRFdE1TNXFjR2N8ODM0MTIzZmU4MTg5ZjA5NDM4ZWMzNmRkOGY2ZWIzMTk4MmE2NDMzMzUxNzVhYWUwNWM4YTM2NzcyYjJhNTZmNg,https://api.mybihr.com/medias/800Wx800H-1155351-2.jpg?context=bWFzdGVyfHJvb3R8NTA2NDF8aW1hZ2UvanBlZ3xhREJtTDJoaU5pOHhNREkwTkRreU5EZzVPVE16TVRBdk9EQXdWM2c0TURCSVh6RXhOVFV6TlRFdE1pNXFjR2N8YTEzOTMyY2Q3ZWRmNWQ5Mjg5YTMyY2I0ZGU3ZjkzMDlmMjM0ZDMxNGQzN2I4YzFhMGY1ZGY3MjQxNGU3ZjBkMQ,https://static.bihr.pro/eBihr/Pictures/HPX-pictures.zip,Spain Warehouse (Parts)
1155359,,EM5533,HPX,HPX EASY MASK FINE LINE 550MM X 33MM,HPX Easy Mask Fine Line Masking Tape - 550 X 33mm,9.08,7.50,6.00,5425014229523,0,5906100000,0,1,"<ul>
	<li>Transparent foil with high quality “gold” masking tape for extremely sharp edges</li>
	<li>The foil adheres to the substrate by static charge</li>
	<li>For covering and masking large surfaces (e.g. furniture, walls)</li>
	<li>Suitable for smooth and slightly rough surfaces</li>
	<li>UV-resistant, does not leave any residues on most substrates if removed within 4 months after application</li>
	<li>For indoor use</li>
</ul>

<p><strong>Adhesive:&nbsp;</strong>acrylic</p>

<p><strong>Carrier:&nbsp;</strong>washi paper</p>

<p><strong>Maximum temperature:&nbsp;</strong>100°C (up to 150°C for short periods)</p>

<p><strong>Tensile strength:&nbsp;</strong>75 N/25 mm</p>

<p><strong>Adhesive strength:&nbsp;</strong>5 N/25 mm</p>

<p><strong>Thickness:&nbsp;</strong>0,09 mm</p>","
	Transparent foil with high quality “gold” masking tape for extremely sharp edges
	The foil adheres to the substrate by static charge
	For covering and masking large surfaces (e.g. furniture, walls)
	Suitable for smooth and slightly rough surfaces
	UV-resistant, does not leave any residues on most substrates if removed within 4 months after application
	For indoor use



Adhesive: acrylic


Carrier: washi paper


Maximum temperature: 100°C (up to 150°C for short periods)


Tensile strength: 75 N/25 mm


Adhesive strength: 5 N/25 mm


Thickness: 0,09 mm",TOOLING & WS,CONSUMABLE,CONS. CONSUMABLE,1,1,10,10,10,,,,,https://api.mybihr.com/medias/800Wx800H-1155359-1.jpg?context=bWFzdGVyfHJvb3R8NjI3OTR8aW1hZ2UvanBlZ3xhREptTDJnNU1pOHhNREkwTXpjNE1qazJOREF5TWpJdk9EQXdWM2c0TURCSVh6RXhOVFV6TlRrdE1TNXFjR2N8OTg5OTRlM2FkNzJkMmIwMDk1OTUwNGFlZWFlNTBkNmJiODgxYTI5NmRkNjIwODVkMjEyZWU3NDdiZTk0MTNkMA,https://api.mybihr.com/medias/800Wx800H-1155359-2.jpg?context=bWFzdGVyfHJvb3R8NTUwNzd8aW1hZ2UvanBlZ3xhR05tTDJnM01DOHhNREkwTXpjNE16QXdNek0wTXpndk9EQXdWM2c0TURCSVh6RXhOVFV6TlRrdE1pNXFjR2N8YmRjNzFkNTI2NDU2YmY2ODY2ZjU5NTg1Yjg1M2RhNWMyMGE1ODkzMWVhMWM2Yzg3OTM5NjA0MDkzMTg5OGQzOQ,https://static.bihr.pro/eBihr/Pictures/HPX-pictures.zip,Spain Warehouse (Parts)
