PartNumber,OldPartNumber,SupplierProductCode,Brand,ProductName,Designation,RetailPriceIncludingTax,RetailPriceExcludingTax,BaseDealerPriceExcludingTax,BarCode,StockValue,CommodityCode,OnDemand,DropShipping,HtmlDescription,Description,Category1,Category2,Category3,Volume (cm³),Weight (g),Length (mm),Width (mm),Height (mm),Picture1,Picture2,Picture3,Picture4,AllPicturesZIP,DeliveryPlant
1109892,1109892,BK.P02.003,ALGIS,ALGIS OPAQUE FRAME GUARD KIT M LINES BLK,Kit adhesivos protectores cuadro ALGIS mate M LINES negro,22.51,18.60,7.50,8051884205649,2,3919908000,0,1,"<p>Los protectores adhesivos Algis para cuadros de bicicletas est&aacute;n hechos de pl&aacute;stico blando con un elevado grosor de 0,4 mm.</p><p>El adhesivo utilizado es muy fuerte y evita que los protectores se despeguen con el tiempo.</p><p>Los protectores adhesivos para cuadros Algis ya est&aacute;n cortados con una forma que cubre la mayor parte de la superficie del cuadro.</p><p>Para seguir mejor la forma de su bicicleta, tambi&eacute;n pueden recortarse con tijeras o un simple c&uacute;ter.</p><p>&nbsp;</p><p><strong>Detalles:</strong></p><p>&nbsp;</p><p>Todos nuestros protectores est&aacute;n disponibles con 3 tipos diferentes de acabado:</p><p>1 - Brillante - El material es liso y brillante</p><p>2 - Opaco - El material es liso Opaco</p><p>3 - Textura - El material tiene relieve con efecto de panal.</p><p>&nbsp;</p><p><strong>Gu&iacute;a de instalaci&oacute;n:</strong></p><p>&nbsp;</p><p><video controls=""controls"" width=""100%"" height=""300""><source src=""https://vid.cdn-website.com/5377c87e/videos/VK8jZ2lSiiCrhWpD6nBw_ALGIS+BIKE-v.mp4"" type=""video/mp4""></video></p>","
Los protectores adhesivos Algis para cuadros de bicicletas están hechos de plástico blando con un elevado grosor de 0,4 mm.
El adhesivo utilizado es muy fuerte y evita que los protectores se despeguen con el tiempo.
Los protectores adhesivos para cuadros Algis ya están cortados con una forma que cubre la mayor parte de la superficie del cuadro.
Para seguir mejor la forma de su bicicleta, también pueden recortarse con tijeras o un simple cúter.
 
Detalles:
 
Todos nuestros protectores están disponibles con 3 tipos diferentes de acabado:
1 - Brillante - El material es liso y brillante
2 - Opaco - El material es liso Opaco
3 - Textura - El material tiene relieve con efecto de panal.
 
Guía de instalación:
 
",VEHICLE PARTS & ACCESSORIES,BICYCLE PARTS & ACCESSORIES,BICYCLE PARTS,408,130,230,355,5,https://api.mybihr.com/medias/1109892-1-800Wx800H?context=bWFzdGVyfHJvb3R8MTAyMTUzfGltYWdlL2pwZWd8YUdWaUwyZzRPUzh4TXpBNE56WTFOekU1TnpVNU9DOHhNVEE1T0RreUxURmZPREF3VjNnNE1EQkl8ZjE1NGE5YjZhYmY5YzNhYWIxMWIxZDNiNTMxNWEyNWVjODdhYmFhN2MxYWNhNWVmNDc5NzQ2MjQ3ZDRhMjQ0OQ,https://api.mybihr.com/medias/1109892-2-800Wx800H?context=bWFzdGVyfHJvb3R8NDY5OTB8aW1hZ2UvanBlZ3xhR0l4TDJnMVlpOHhOVEUwTURZM05ETXdOakEzT0M4eE1UQTVPRGt5TFRKZk9EQXdWM2c0TURCSXxkZGM4ZGFiYmQwZmFjMTYzMmQ0Njk3ZTFlMmE2ZGRiZTkzNWQ2OTMwODAyZWY5ZTYzNzU5YTllYmYzN2VjNDI5,https://api.mybihr.com/medias/1109892-3-800Wx800H?context=bWFzdGVyfHJvb3R8MjY5NjF8aW1hZ2UvanBlZ3xhRGMwTDJnMU1DOHhOVEUwTURZM05EWTVPVEk1TkM4eE1UQTVPRGt5TFROZk9EQXdWM2c0TURCSXw0NDRhYTYxNDRiMzZkZDE1MGEwNWE5YmNlNDBlMGI2ZTlmN2VhNDYwZjBlNTBjYjUxYmYzOTllMzlkZmQyY2Vj,https://api.mybihr.com/medias/1109892-4-800Wx800H?context=bWFzdGVyfHJvb3R8NzM4NDl8aW1hZ2UvanBlZ3xhR1EzTDJnd05DOHhOVEUwTURZM05UQTVNalV4TUM4eE1UQTVPRGt5TFRSZk9EQXdWM2c0TURCSXwxOGNhOWNmZGFkMDBiZDc2MDVlN2M1ZjJlM2M4MWEwM2MwMWZjNTM3YmY5YzY4ZTEwYjUyNzA4MTllM2U2Mzc3,https://static.bihr.pro/eBihr/Pictures/ALGIS-pictures.zip,Spain Warehouse (Parts)
1109902,1109902,BK.P03.006,ALGIS,ALGIS OPAQUE FRAME GUARD KIT L LINES WHT,Kit adhesivos protectores cuadro ALGIS mate L LINES blanco,37.50,30.99,10.00,8051884205977,3,3919908000,0,1,"<p>Los protectores adhesivos Algis para cuadros de bicicletas est&aacute;n hechos de pl&aacute;stico blando con un elevado grosor de 0,4 mm.</p><p>El adhesivo utilizado es muy fuerte y evita que los protectores se despeguen con el tiempo.</p><p>Los protectores adhesivos para cuadros Algis ya est&aacute;n cortados con una forma que cubre la mayor parte de la superficie del cuadro.</p><p>Para seguir mejor la forma de su bicicleta, tambi&eacute;n pueden recortarse con tijeras o un simple c&uacute;ter.</p><p>&nbsp;</p><p><strong>Detalles:</strong></p><p>&nbsp;</p><p>Todos nuestros protectores est&aacute;n disponibles con 3 tipos diferentes de acabado:</p><p>1 - Brillante - El material es liso y brillante</p><p>2 - Opaco - El material es liso Opaco</p><p>3 - Textura - El material tiene relieve con efecto de panal.</p><p>&nbsp;</p><p><strong>Gu&iacute;a de instalaci&oacute;n:</strong></p><p>&nbsp;</p><p><video controls=""controls"" width=""100%"" height=""300""><source src=""https://vid.cdn-website.com/5377c87e/videos/VK8jZ2lSiiCrhWpD6nBw_ALGIS+BIKE-v.mp4"" type=""video/mp4""></video></p>","
Los protectores adhesivos Algis para cuadros de bicicletas están hechos de plástico blando con un elevado grosor de 0,4 mm.
El adhesivo utilizado es muy fuerte y evita que los protectores se despeguen con el tiempo.
Los protectores adhesivos para cuadros Algis ya están cortados con una forma que cubre la mayor parte de la superficie del cuadro.
Para seguir mejor la forma de su bicicleta, también pueden recortarse con tijeras o un simple cúter.
 
Detalles:
 
Todos nuestros protectores están disponibles con 3 tipos diferentes de acabado:
1 - Brillante - El material es liso y brillante
2 - Opaco - El material es liso Opaco
3 - Textura - El material tiene relieve con efecto de panal.
 
Guía de instalación:
 
",VEHICLE PARTS & ACCESSORIES,BICYCLE PARTS & ACCESSORIES,BICYCLE PARTS,408,190,230,355,5,https://api.mybihr.com/medias/1109902-1-800Wx800H?context=bWFzdGVyfHJvb3R8NTUxNDV8aW1hZ2UvanBlZ3xhR0kzTDJnek5TOHhNekE0TnpZMk1URXlPVGMxT0M4eE1UQTVPVEF5TFRGZk9EQXdWM2c0TURCSXxlMDZjYTU4ZjcyMzVjMjQ1MmEyYzQ5NjI4MzBmMDdlNjJlMjA2Y2RhODY5ZTBhYzA3MTA3ZjUxNTNmMThlM2M1,https://api.mybihr.com/medias/1109902-2-800Wx800H?context=bWFzdGVyfHJvb3R8NDEyMTB8aW1hZ2UvanBlZ3xhRGRtTDJoaVpTOHhOVEUwTURZNE5qRTJPREE1TkM4eE1UQTVPVEF5TFRKZk9EQXdWM2c0TURCSXxiOTRmOGU0YTNhZTM0MzhlZTkxNzg2OGM5YjcxMmI5NWUyNWQ1ZDYwMTc0NWY2NmVlMjQzMTNlMzgwM2FjMWRi,https://api.mybihr.com/medias/1109902-3-800Wx800H?context=bWFzdGVyfHJvb3R8Mjg1MDF8aW1hZ2UvanBlZ3xhR1JsTDJoaU1DOHhOVEUwTURZNE5qVTJNVE14TUM4eE1UQTVPVEF5TFROZk9EQXdWM2c0TURCSXw5ODBhN2JkYjM4OTM5NDMxMWI4OWM2ZjU3ZDQ2ZmI3NWJmM2M3YTVkNDA3Zjg1ZmM5ZmYxYzQxNWMzMmRjYTBh,https://api.mybihr.com/medias/1109902-4-800Wx800H?context=bWFzdGVyfHJvb3R8NzA2ODF8aW1hZ2UvanBlZ3xhRFV4TDJoaE15OHhOVEUwTURZNE5qazFORFV5Tmk4eE1UQTVPVEF5TFRSZk9EQXdWM2c0TURCSXw2M2U5MDRkMzNhN2Q3ZGFhYTAzNjAyYzIwZWI1NGVhNGExMzU1MGI5MWIyMjYyOTgyMTc4OWRlYWVhYjNmZmY2,https://static.bihr.pro/eBihr/Pictures/ALGIS-pictures.zip,Spain Warehouse (Parts)
1109908,1109908,BK.T04.006,ALGIS,ALGIS TEXTURE FRAME GUARD KIT XL LINE WH,Kit adhesivos protectores cuadro ALGIS texture XL LINE blanco,47.50,39.26,12.00,8051884206134,6,3919908000,0,1,"<p>Los protectores adhesivos Algis para cuadros de bicicletas est&aacute;n hechos de pl&aacute;stico blando con un elevado grosor de 0,4 mm.</p><p>El adhesivo utilizado es muy fuerte y evita que los protectores se despeguen con el tiempo.</p><p>Los protectores adhesivos para cuadros Algis ya est&aacute;n cortados con una forma que cubre la mayor parte de la superficie del cuadro.</p><p>Para seguir mejor la forma de su bicicleta, tambi&eacute;n pueden recortarse con tijeras o un simple c&uacute;ter.</p><p>&nbsp;</p><p><strong>Detalles:</strong></p><p>&nbsp;</p><p>Todos nuestros protectores est&aacute;n disponibles con 3 tipos diferentes de acabado:</p><p>1 - Brillante - El material es liso y brillante</p><p>2 - Opaco - El material es liso Opaco</p><p>3 - Textura - El material tiene relieve con efecto de panal.</p><p>&nbsp;</p><p><strong>Gu&iacute;a de instalaci&oacute;n:</strong></p><p>&nbsp;</p><p><video controls=""controls"" width=""100%"" height=""300""><source src=""https://vid.cdn-website.com/5377c87e/videos/VK8jZ2lSiiCrhWpD6nBw_ALGIS+BIKE-v.mp4"" type=""video/mp4""></video></p>","
Los protectores adhesivos Algis para cuadros de bicicletas están hechos de plástico blando con un elevado grosor de 0,4 mm.
El adhesivo utilizado es muy fuerte y evita que los protectores se despeguen con el tiempo.
Los protectores adhesivos para cuadros Algis ya están cortados con una forma que cubre la mayor parte de la superficie del cuadro.
Para seguir mejor la forma de su bicicleta, también pueden recortarse con tijeras o un simple cúter.
 
Detalles:
 
Todos nuestros protectores están disponibles con 3 tipos diferentes de acabado:
1 - Brillante - El material es liso y brillante
2 - Opaco - El material es liso Opaco
3 - Textura - El material tiene relieve con efecto de panal.
 
Guía de instalación:
 
",VEHICLE PARTS & ACCESSORIES,BICYCLE PARTS & ACCESSORIES,BICYCLE PARTS,408,240,230,355,5,https://api.mybihr.com/medias/1109908-1-800Wx800H?context=bWFzdGVyfHJvb3R8NTI1MTh8aW1hZ2UvanBlZ3xhR00zTDJoaE9DOHhNekE0TnpZMk16UTRPVEExTkM4eE1UQTVPVEE0TFRGZk9EQXdWM2c0TURCSXxmNzliYmJmODA1Yjc0OTYwMmU3YjQzYjNjMzYwZTY5MWNiMTQwNzUyZDg5M2RlYmE5ZTQyNGZkYzI4YTViNjgx,https://api.mybihr.com/medias/1109908-2-800Wx800H?context=bWFzdGVyfHJvb3R8MzMyNTF8aW1hZ2UvanBlZ3xhR05qTDJoa1lTOHhOVEUwTURZNU16TTNOekExTkM4eE1UQTVPVEE0TFRKZk9EQXdWM2c0TURCSXw0ZDk1ZjQ4Mjk2NjRiZGI0YzM1Y2VkOGY5MDM1NjYxYWM1OGIyMzY5ZDdjNTc4YWExMzgzODYxNDkxMTQ0ZGNj,https://api.mybihr.com/medias/1109908-3-800Wx800H?context=bWFzdGVyfHJvb3R8MjgwNzV8aW1hZ2UvanBlZ3xhRFpoTDJobFlpOHhOVEUwTURZNU16Z3pOVGd3Tmk4eE1UQTVPVEE0TFROZk9EQXdWM2c0TURCSXw0MGNjYjBkNjA1NTk0NDUwNGVhZDVlMjI4MzBmYWExOTM2MTA3OTQ5NTk2ZTlhMzNhNDM5NzhjNDI5MDZjZWUx,https://api.mybihr.com/medias/1109908-4-800Wx800H?context=bWFzdGVyfHJvb3R8Njk2ODR8aW1hZ2UvanBlZ3xhRFZpTDJoaVppOHhOVEUwTURZNU5ESXlPVEF5TWk4eE1UQTVPVEE0TFRSZk9EQXdWM2c0TURCSXwyM2M4MzQ2ODhmYTcxOTJhMDY3NGE5NGJlNzA0YmExMzY2ZWQ1YjI4MmQ5NjU4YmQxNTRlMDg3ZmMyMGUzMWZi,https://static.bihr.pro/eBihr/Pictures/ALGIS-pictures.zip,Spain Warehouse (Parts)
1109907,1109907,BK.T04.003,ALGIS,ALGIS TEXTURE FRAME GUARD KIT XL LINE BK,Kit adhesivos protectores cuadro ALGIS texture XL LINE negro,47.50,39.26,12.00,8051884206103,1,3919908000,0,1,"<p>Los protectores adhesivos Algis para cuadros de bicicletas est&aacute;n hechos de pl&aacute;stico blando con un elevado grosor de 0,4 mm.</p><p>El adhesivo utilizado es muy fuerte y evita que los protectores se despeguen con el tiempo.</p><p>Los protectores adhesivos para cuadros Algis ya est&aacute;n cortados con una forma que cubre la mayor parte de la superficie del cuadro.</p><p>Para seguir mejor la forma de su bicicleta, tambi&eacute;n pueden recortarse con tijeras o un simple c&uacute;ter.</p><p>&nbsp;</p><p><strong>Detalles:</strong></p><p>&nbsp;</p><p>Todos nuestros protectores est&aacute;n disponibles con 3 tipos diferentes de acabado:</p><p>1 - Brillante - El material es liso y brillante</p><p>2 - Opaco - El material es liso Opaco</p><p>3 - Textura - El material tiene relieve con efecto de panal.</p><p>&nbsp;</p><p><strong>Gu&iacute;a de instalaci&oacute;n:</strong></p><p>&nbsp;</p><p><video controls=""controls"" width=""100%"" height=""300""><source src=""https://vid.cdn-website.com/5377c87e/videos/VK8jZ2lSiiCrhWpD6nBw_ALGIS+BIKE-v.mp4"" type=""video/mp4""></video></p>","
Los protectores adhesivos Algis para cuadros de bicicletas están hechos de plástico blando con un elevado grosor de 0,4 mm.
El adhesivo utilizado es muy fuerte y evita que los protectores se despeguen con el tiempo.
Los protectores adhesivos para cuadros Algis ya están cortados con una forma que cubre la mayor parte de la superficie del cuadro.
Para seguir mejor la forma de su bicicleta, también pueden recortarse con tijeras o un simple cúter.
 
Detalles:
 
Todos nuestros protectores están disponibles con 3 tipos diferentes de acabado:
1 - Brillante - El material es liso y brillante
2 - Opaco - El material es liso Opaco
3 - Textura - El material tiene relieve con efecto de panal.
 
Guía de instalación:
 
",VEHICLE PARTS & ACCESSORIES,BICYCLE PARTS & ACCESSORIES,BICYCLE PARTS,408,240,230,355,5,https://api.mybihr.com/medias/1109907-1-800Wx800H?context=bWFzdGVyfHJvb3R8OTkzNzN8aW1hZ2UvanBlZ3xhRE01TDJnNVlpOHhNekE0TnpZMk16QTVOVGd6T0M4eE1UQTVPVEEzTFRGZk9EQXdWM2c0TURCSXwwYzFjYmE3NGM4NzhkZmUxMjhjMDFkNzRkOGMwY2NjYjNjN2E3ZDgxYTA5MTY0MTRjZjA0MmU2ZGIwNzEwN2Uw,https://api.mybihr.com/medias/1109907-2-800Wx800H?context=bWFzdGVyfHJvb3R8MzMyNTF8aW1hZ2UvanBlZ3xhR0UxTDJnMk5pOHhOVEUwTURZNU1qQTJOak16TkM4eE1UQTVPVEEzTFRKZk9EQXdWM2c0TURCSXw2ZjFjMGQ3ZjBjMWIwMjVkNDg2Y2E0YWNhOTA0NTBmZThiYzk2Y2ZmYzlkYmM3YzM4OTM3ZTRmM2IxZDE5OGFh,https://api.mybihr.com/medias/1109907-3-800Wx800H?context=bWFzdGVyfHJvb3R8MjgwNzV8aW1hZ2UvanBlZ3xhRE16TDJnM05DOHhOVEUwTURZNU1qUTFPVFUxTUM4eE1UQTVPVEEzTFROZk9EQXdWM2c0TURCSXw0OTEyZjdjNThmMWQ3ZjgwNTZkZWEwNTIxOGJhNzIzOGMxZGQxZTg3N2I2M2E5MTA5NTA4NWMzY2UyYWYxOTkz,https://api.mybihr.com/medias/1109907-4-800Wx800H?context=bWFzdGVyfHJvb3R8NzU5MTV8aW1hZ2UvanBlZ3xhR1F5TDJnNE5DOHhOVEUwTURZNU1qa3hPRE13TWk4eE1UQTVPVEEzTFRSZk9EQXdWM2c0TURCSXw1Y2ZmMGU1YWFmYTRkYTA1YTAyMTY4NTExYTRlY2I4OTU0YTQ3MDBlYjJmZTQwNGQ5MzY4ZTk2M2IyODViMDNh,https://static.bihr.pro/eBihr/Pictures/ALGIS-pictures.zip,Spain Warehouse (Parts)
1109922,1109922,BK.G06.003,ALGIS,ALGIS GLOSS FORK GUARDS KIT LINES BLK,Kit adhesivos protectores de horquilla ALGIS LINES brillo negro,19.51,16.12,4.99,8051884206745,4,3919908000,0,1,"<p>Los protectores adhesivos Algis para cuadros de bicicletas est&aacute;n hechos de pl&aacute;stico blando con un elevado grosor de 0,4 mm.</p><p>El adhesivo utilizado es muy fuerte y evita que los protectores se despeguen con el tiempo.</p><p>Los protectores adhesivos para cuadros Algis ya est&aacute;n cortados con una forma que cubre la mayor parte de la superficie del cuadro.</p><p>Para seguir mejor la forma de su bicicleta, tambi&eacute;n pueden recortarse con tijeras o un simple c&uacute;ter.</p><p>&nbsp;</p><p><strong>Detalles:</strong></p><p>&nbsp;</p><p>Todos nuestros protectores est&aacute;n disponibles con 3 tipos diferentes de acabado:</p><p>1 - Brillante - El material es liso y brillante</p><p>2 - Opaco - El material es liso Opaco</p><p>3 - Textura - El material tiene relieve con efecto de panal.</p><p>&nbsp;</p><p><strong>Gu&iacute;a de instalaci&oacute;n:</strong></p><p>&nbsp;</p><p><video controls=""controls"" width=""100%"" height=""300""><source src=""https://vid.cdn-website.com/5377c87e/videos/VK8jZ2lSiiCrhWpD6nBw_ALGIS+BIKE-v.mp4"" type=""video/mp4""></video></p>","
Los protectores adhesivos Algis para cuadros de bicicletas están hechos de plástico blando con un elevado grosor de 0,4 mm.
El adhesivo utilizado es muy fuerte y evita que los protectores se despeguen con el tiempo.
Los protectores adhesivos para cuadros Algis ya están cortados con una forma que cubre la mayor parte de la superficie del cuadro.
Para seguir mejor la forma de su bicicleta, también pueden recortarse con tijeras o un simple cúter.
 
Detalles:
 
Todos nuestros protectores están disponibles con 3 tipos diferentes de acabado:
1 - Brillante - El material es liso y brillante
2 - Opaco - El material es liso Opaco
3 - Textura - El material tiene relieve con efecto de panal.
 
Guía de instalación:
 
",VEHICLE PARTS & ACCESSORIES,BICYCLE PARTS & ACCESSORIES,BICYCLE PARTS,408,130,230,355,5,https://api.mybihr.com/medias/1109922-1-800Wx800H?context=bWFzdGVyfHJvb3R8OTYwMjN8aW1hZ2UvanBlZ3xhR1ZrTDJoallTOHhNekE0TnpZMk9EazVOREEzT0M4eE1UQTVPVEl5TFRGZk9EQXdWM2c0TURCSXw4NzZlNDkxMzcwZTRjOWM0ZDAxMjNiNzhmOWJmZWIzNmFkMDU4MGZlMmJiZDJmMDlmMDk1MjdmZDA4ZGY1ZTYw,https://api.mybihr.com/medias/1109922-2-800Wx800H?context=bWFzdGVyfHJvb3R8MTU1NDJ8aW1hZ2UvanBlZ3xhR0l4TDJnelpTOHhOVEUwTURnME1UQXlPVFkyTWk4eE1UQTVPVEl5TFRKZk9EQXdWM2c0TURCSXw3M2QyZTRjZTU4OTRiODRhNmUyOTYwMTliZTcyZTA4MTBmZWNkYjZkYTUxZWFkODJiMzdjYzFmYmM2MzBhNTdi,https://api.mybihr.com/medias/1109922-3-800Wx800H?context=bWFzdGVyfHJvb3R8MTA2NzB8aW1hZ2UvanBlZ3xhRFV5TDJnMFl5OHhOVEUwTURnME1UUXlNamczT0M4eE1UQTVPVEl5TFROZk9EQXdWM2c0TURCSXxmNTM5OTIwYTBhN2E5NTEwYzRiZmY3MzNhZTAzMjlkNmNiYmZiYTRkYTVjMmQ4MDAwN2UyY2E2NGM4ODYwMzJk,https://api.mybihr.com/medias/1109922-4-800Wx800H?context=bWFzdGVyfHJvb3R8NzE1NzN8aW1hZ2UvanBlZ3xhR1V3TDJnMU9TOHhOVEUwTURnME1UZ3hOakE1TkM4eE1UQTVPVEl5TFRSZk9EQXdWM2c0TURCSXxhZGRjZmJlY2FmMjM5MjUyYzRiMDAyMWNjNTA0NDVmNjc5OTE2NmFjNmE2YjAzYzA4Y2Q1YzU0ZTU1OWFlZmJm,https://static.bihr.pro/eBihr/Pictures/ALGIS-pictures.zip,Spain Warehouse (Parts)
1109893,1109893,BK.P02.006,ALGIS,ALGIS OPAQUE FRAME GUARD KIT M LINES WHT,Kit adhesivos protectores cuadro ALGIS mate M LINES blanco,22.51,18.60,7.00,8051884205670,2,3919908000,0,1,"<p>Los protectores adhesivos Algis para cuadros de bicicletas est&aacute;n hechos de pl&aacute;stico blando con un elevado grosor de 0,4 mm.</p><p>El adhesivo utilizado es muy fuerte y evita que los protectores se despeguen con el tiempo.</p><p>Los protectores adhesivos para cuadros Algis ya est&aacute;n cortados con una forma que cubre la mayor parte de la superficie del cuadro.</p><p>Para seguir mejor la forma de su bicicleta, tambi&eacute;n pueden recortarse con tijeras o un simple c&uacute;ter.</p><p>&nbsp;</p><p><strong>Detalles:</strong></p><p>&nbsp;</p><p>Todos nuestros protectores est&aacute;n disponibles con 3 tipos diferentes de acabado:</p><p>1 - Brillante - El material es liso y brillante</p><p>2 - Opaco - El material es liso Opaco</p><p>3 - Textura - El material tiene relieve con efecto de panal.</p><p>&nbsp;</p><p><strong>Gu&iacute;a de instalaci&oacute;n:</strong></p><p>&nbsp;</p><p><video controls=""controls"" width=""100%"" height=""300""><source src=""https://vid.cdn-website.com/5377c87e/videos/VK8jZ2lSiiCrhWpD6nBw_ALGIS+BIKE-v.mp4"" type=""video/mp4""></video></p>","
Los protectores adhesivos Algis para cuadros de bicicletas están hechos de plástico blando con un elevado grosor de 0,4 mm.
El adhesivo utilizado es muy fuerte y evita que los protectores se despeguen con el tiempo.
Los protectores adhesivos para cuadros Algis ya están cortados con una forma que cubre la mayor parte de la superficie del cuadro.
Para seguir mejor la forma de su bicicleta, también pueden recortarse con tijeras o un simple cúter.
 
Detalles:
 
Todos nuestros protectores están disponibles con 3 tipos diferentes de acabado:
1 - Brillante - El material es liso y brillante
2 - Opaco - El material es liso Opaco
3 - Textura - El material tiene relieve con efecto de panal.
 
Guía de instalación:
 
",VEHICLE PARTS & ACCESSORIES,BICYCLE PARTS & ACCESSORIES,BICYCLE PARTS,408,130,230,355,5,https://api.mybihr.com/medias/1109893-1-800Wx800H?context=bWFzdGVyfHJvb3R8NDg3NzR8aW1hZ2UvanBlZ3xhRFJpTDJnM1l5OHhNekE0TnpZMU56VTVNRGd4TkM4eE1UQTVPRGt6TFRGZk9EQXdWM2c0TURCSXw0MTQ1M2U3NWNmNjM2MWU2NWE0ZTU1OTM5MmE4NTdlY2UzZGVkMjI4ODJlY2EwN2Q0ZmMwNTY1Y2M0YjZlMzZk,https://api.mybihr.com/medias/1109893-2-800Wx800H?context=bWFzdGVyfHJvb3R8NDY5OTB8aW1hZ2UvanBlZ3xhRFkwTDJneE1pOHhOVEUwTURZM05UUTROVGN5Tmk4eE1UQTVPRGt6TFRKZk9EQXdWM2c0TURCSXw2NjdkZTFkZGRiNDhmMGQ0NmJjNzBmMzBiMWU1MzVhNjNiYmVhYWI4NzE1NGQyNzRmYTM5NjYyN2I2OGMzMzdk,https://api.mybihr.com/medias/1109893-3-800Wx800H?context=bWFzdGVyfHJvb3R8MjY5NjF8aW1hZ2UvanBlZ3xhR1l5TDJneFppOHhOVEUwTURZM05UZzNPRGswTWk4eE1UQTVPRGt6TFROZk9EQXdWM2c0TURCSXwyZjM4ODJmMWUzOTBmOTJiYTQ3MjAwZmIwODcwNjA2YWVmNTQ0OTQ2NDYwZmJiMjVkOWQ5NDU5MTM2OTQ5MGVk,https://api.mybihr.com/medias/1109893-4-800Wx800H?context=bWFzdGVyfHJvb3R8NjU1NjB8aW1hZ2UvanBlZ3xhRE5sTDJnM05TOHhOVEUwTURZM05qSTNNakUxT0M4eE1UQTVPRGt6TFRSZk9EQXdWM2c0TURCSXxmNzNjOWNhZTMwMGI1OGFlMjQ1OTRmNDdlMGI3YTg0YjNiZTllYmU2NmJkMmU5N2NiN2QzOTVhN2Q3ZWE5ZWM2,https://static.bihr.pro/eBihr/Pictures/ALGIS-pictures.zip,Spain Warehouse (Parts)
1109899,1109899,BK.T03.006,ALGIS,ALGIS TEXTURE FRAME GUARD KIT L LINES WH,Kit adhesivos protectores cuadro ALGIS texture L LINES blanco,42.50,35.12,11.00,8051884205892,3,3919908000,0,1,"<p>Los protectores adhesivos Algis para cuadros de bicicletas est&aacute;n hechos de pl&aacute;stico blando con un elevado grosor de 0,4 mm.</p><p>El adhesivo utilizado es muy fuerte y evita que los protectores se despeguen con el tiempo.</p><p>Los protectores adhesivos para cuadros Algis ya est&aacute;n cortados con una forma que cubre la mayor parte de la superficie del cuadro.</p><p>Para seguir mejor la forma de su bicicleta, tambi&eacute;n pueden recortarse con tijeras o un simple c&uacute;ter.</p><p>&nbsp;</p><p><strong>Detalles:</strong></p><p>&nbsp;</p><p>Todos nuestros protectores est&aacute;n disponibles con 3 tipos diferentes de acabado:</p><p>1 - Brillante - El material es liso y brillante</p><p>2 - Opaco - El material es liso Opaco</p><p>3 - Textura - El material tiene relieve con efecto de panal.</p><p>&nbsp;</p><p><strong>Gu&iacute;a de instalaci&oacute;n:</strong></p><p>&nbsp;</p><p><video controls=""controls"" width=""100%"" height=""300""><source src=""https://vid.cdn-website.com/5377c87e/videos/VK8jZ2lSiiCrhWpD6nBw_ALGIS+BIKE-v.mp4"" type=""video/mp4""></video></p>","
Los protectores adhesivos Algis para cuadros de bicicletas están hechos de plástico blando con un elevado grosor de 0,4 mm.
El adhesivo utilizado es muy fuerte y evita que los protectores se despeguen con el tiempo.
Los protectores adhesivos para cuadros Algis ya están cortados con una forma que cubre la mayor parte de la superficie del cuadro.
Para seguir mejor la forma de su bicicleta, también pueden recortarse con tijeras o un simple cúter.
 
Detalles:
 
Todos nuestros protectores están disponibles con 3 tipos diferentes de acabado:
1 - Brillante - El material es liso y brillante
2 - Opaco - El material es liso Opaco
3 - Textura - El material tiene relieve con efecto de panal.
 
Guía de instalación:
 
",VEHICLE PARTS & ACCESSORIES,BICYCLE PARTS & ACCESSORIES,BICYCLE PARTS,408,190,230,355,5,https://api.mybihr.com/medias/1109899-1-800Wx800H?context=bWFzdGVyfHJvb3R8NTkwMTN8aW1hZ2UvanBlZ3xhRGd6TDJnMk5DOHhNekE0TnpZMU9UazFNREV4TUM4eE1UQTVPRGs1TFRGZk9EQXdWM2c0TURCSXw5MDY3Njk4NDU5MDA1Y2Q2OTY1ZDBkZmZhZDE0N2NiYmJmZGU1NmUyZTNhNjBhN2UzYjIyMjY0OTMzMGQxNzFm,https://api.mybihr.com/medias/1109899-2-800Wx800H?context=bWFzdGVyfHJvb3R8NDEyMTB8aW1hZ2UvanBlZ3xhREV3TDJnMU5TOHhOVEUwTURZNE1qWXlPVEUxTUM4eE1UQTVPRGs1TFRKZk9EQXdWM2c0TURCSXwxZDQ2YjVjNTlmMmU5M2RmOWQwOWI3YTI2MWRhNTE0YTRmOWU0YTc4ZTMzZDY1OWRmMWRlMGY0MDRlMmIyOTM0,https://api.mybihr.com/medias/1109899-3-800Wx800H?context=bWFzdGVyfHJvb3R8Mjg1MDF8aW1hZ2UvanBlZ3xhRE5pTDJnd01DOHhOVEUwTURZNE16QXlNak0yTmk4eE1UQTVPRGs1TFROZk9EQXdWM2c0TURCSXxmZDYxM2Q2N2ExZGUxMzE1ZjJmMzc3OTIwY2JkNGI5OWJhOTBmZGRkNDk2ZjA1YzI5NGMwODljNTU2YjdlODBl,https://api.mybihr.com/medias/1109899-4-800Wx800H?context=bWFzdGVyfHJvb3R8NzA2ODF8aW1hZ2UvanBlZ3xhR001TDJnd1pDOHhOVEUwTURZNE16UXhOVFU0TWk4eE1UQTVPRGs1TFRSZk9EQXdWM2c0TURCSXwxOWFiNGM3MzMxN2IzOGU3ZjliODQ0OTE2OTk4Mjc4OTNlMzU5YTVhMGVkZmRhYTE3YmVkYTc5NWJjYTZkNTIx,https://static.bihr.pro/eBihr/Pictures/ALGIS-pictures.zip,Spain Warehouse (Parts)
1109914,1109914,BK.G04.006,ALGIS,ALGIS GLOSS FRAME GUARD KIT XL LINES WHT,Kit adhesivos protectores cuadro ALGIS brillo XL LINES blanco,40.00,33.06,12.31,8051884206295,4,3919908000,0,1,"<p>Los protectores adhesivos Algis para cuadros de bicicletas est&aacute;n hechos de pl&aacute;stico blando con un elevado grosor de 0,4 mm.</p><p>El adhesivo utilizado es muy fuerte y evita que los protectores se despeguen con el tiempo.</p><p>Los protectores adhesivos para cuadros Algis ya est&aacute;n cortados con una forma que cubre la mayor parte de la superficie del cuadro.</p><p>Para seguir mejor la forma de su bicicleta, tambi&eacute;n pueden recortarse con tijeras o un simple c&uacute;ter.</p><p>&nbsp;</p><p><strong>Detalles:</strong></p><p>&nbsp;</p><p>Todos nuestros protectores est&aacute;n disponibles con 3 tipos diferentes de acabado:</p><p>1 - Brillante - El material es liso y brillante</p><p>2 - Opaco - El material es liso Opaco</p><p>3 - Textura - El material tiene relieve con efecto de panal.</p><p>&nbsp;</p><p><strong>Gu&iacute;a de instalaci&oacute;n:</strong></p><p>&nbsp;</p><p><video controls=""controls"" width=""100%"" height=""300""><source src=""https://vid.cdn-website.com/5377c87e/videos/VK8jZ2lSiiCrhWpD6nBw_ALGIS+BIKE-v.mp4"" type=""video/mp4""></video></p>","
Los protectores adhesivos Algis para cuadros de bicicletas están hechos de plástico blando con un elevado grosor de 0,4 mm.
El adhesivo utilizado es muy fuerte y evita que los protectores se despeguen con el tiempo.
Los protectores adhesivos para cuadros Algis ya están cortados con una forma que cubre la mayor parte de la superficie del cuadro.
Para seguir mejor la forma de su bicicleta, también pueden recortarse con tijeras o un simple cúter.
 
Detalles:
 
Todos nuestros protectores están disponibles con 3 tipos diferentes de acabado:
1 - Brillante - El material es liso y brillante
2 - Opaco - El material es liso Opaco
3 - Textura - El material tiene relieve con efecto de panal.
 
Guía de instalación:
 
",VEHICLE PARTS & ACCESSORIES,BICYCLE PARTS & ACCESSORIES,BICYCLE PARTS,408,240,230,355,5,https://api.mybihr.com/medias/1109914-1-800Wx800H?context=bWFzdGVyfHJvb3R8NTA3MTN8aW1hZ2UvanBlZ3xhRFpoTDJnM05pOHhNekE0TnpZMk5UZzBPRE0xTUM4eE1UQTVPVEUwTFRGZk9EQXdWM2c0TURCSXwzMTZlOGJjYWFmM2I4MGVlOTQ3OThmOWY1ZDI1YmQyMDI4ZjkyMDM5ZDVlZWMxNTgwMDgzZTU4YzJlNjc0M2Mw,https://api.mybihr.com/medias/1109914-2-800Wx800H?context=bWFzdGVyfHJvb3R8MzMyNTF8aW1hZ2UvanBlZ3xhRFF4TDJnM1ppOHhOVEUwTURnek1UVTVNalEzT0M4eE1UQTVPVEUwTFRKZk9EQXdWM2c0TURCSXw3M2QzZmM4YmJiYWQ4OWQyMDliODE4ZDA4NDIyMDc4NGM2NGVkM2JmZWQxODMwNjI0MTY3NGM1YWY4OWQzYzBi,https://api.mybihr.com/medias/1109914-3-800Wx800H?context=bWFzdGVyfHJvb3R8MjgwNzV8aW1hZ2UvanBlZ3xhR0kwTDJnM01TOHhOVEUwTURnek1UazROVFk1TkM4eE1UQTVPVEUwTFROZk9EQXdWM2c0TURCSXw2NDYyOTgyZTljNjc5ZjkzN2I5MjA5MDRhN2FjMjUwOGRkZWM5OTgyOTRmYTBjM2NmY2Y3MjBlMTk4OGRjYzNj,https://api.mybihr.com/medias/1109914-4-800Wx800H?context=bWFzdGVyfHJvb3R8Njk2ODR8aW1hZ2UvanBlZ3xhRGRpTDJneFl5OHhOVEUwTURnek1qTTNPRGt4TUM4eE1UQTVPVEUwTFRSZk9EQXdWM2c0TURCSXxkMzAxZWE3Yjk1ZDM5MjhmZjU1ZTMyYzUzZDkyMDA4NWRlYTQxYWM5ZDljNDFjNzkzZDljNWRjZDdmYWU0ZmRl,https://static.bihr.pro/eBihr/Pictures/ALGIS-pictures.zip,Spain Warehouse (Parts)
1109898,1109898,BK.T03.003,ALGIS,ALGIS TEXTURE FRAME GUARD KIT L LINES BK,Kit adhesivos protectores cuadro ALGIS texture L LINES negro,42.50,35.12,12.92,8051884205861,2,3919908000,0,1,"<p>Los protectores adhesivos Algis para cuadros de bicicletas est&aacute;n hechos de pl&aacute;stico blando con un elevado grosor de 0,4 mm.</p><p>El adhesivo utilizado es muy fuerte y evita que los protectores se despeguen con el tiempo.</p><p>Los protectores adhesivos para cuadros Algis ya est&aacute;n cortados con una forma que cubre la mayor parte de la superficie del cuadro.</p><p>Para seguir mejor la forma de su bicicleta, tambi&eacute;n pueden recortarse con tijeras o un simple c&uacute;ter.</p><p>&nbsp;</p><p><strong>Detalles:</strong></p><p>&nbsp;</p><p>Todos nuestros protectores est&aacute;n disponibles con 3 tipos diferentes de acabado:</p><p>1 - Brillante - El material es liso y brillante</p><p>2 - Opaco - El material es liso Opaco</p><p>3 - Textura - El material tiene relieve con efecto de panal.</p><p>&nbsp;</p><p><strong>Gu&iacute;a de instalaci&oacute;n:</strong></p><p>&nbsp;</p><p><video controls=""controls"" width=""100%"" height=""300""><source src=""https://vid.cdn-website.com/5377c87e/videos/VK8jZ2lSiiCrhWpD6nBw_ALGIS+BIKE-v.mp4"" type=""video/mp4""></video></p>","
Los protectores adhesivos Algis para cuadros de bicicletas están hechos de plástico blando con un elevado grosor de 0,4 mm.
El adhesivo utilizado es muy fuerte y evita que los protectores se despeguen con el tiempo.
Los protectores adhesivos para cuadros Algis ya están cortados con una forma que cubre la mayor parte de la superficie del cuadro.
Para seguir mejor la forma de su bicicleta, también pueden recortarse con tijeras o un simple cúter.
 
Detalles:
 
Todos nuestros protectores están disponibles con 3 tipos diferentes de acabado:
1 - Brillante - El material es liso y brillante
2 - Opaco - El material es liso Opaco
3 - Textura - El material tiene relieve con efecto de panal.
 
Guía de instalación:
 
",VEHICLE PARTS & ACCESSORIES,BICYCLE PARTS & ACCESSORIES,BICYCLE PARTS,408,190,230,355,5,https://api.mybihr.com/medias/1109898-1-800Wx800H?context=bWFzdGVyfHJvb3R8OTgwOTF8aW1hZ2UvanBlZ3xhR1V5TDJnMU5pOHhNekE0TnpZMU9UVTFOamc1TkM4eE1UQTVPRGs0TFRGZk9EQXdWM2c0TURCSXxhNmI3MDZiNWZmMzM2YWY4OTBiNTI0MzgwMDA4MDk5NjZmOWRkYjVhYTQ1Y2IyZmUxYjZmYmY4Y2QxNTY2NzNj,https://api.mybihr.com/medias/1109898-2-800Wx800H?context=bWFzdGVyfHJvb3R8NDEyMTB8aW1hZ2UvanBlZ3xhRGMzTDJoak5TOHhOVEUwTURZNE1UUTBPVFV3TWk4eE1UQTVPRGs0TFRKZk9EQXdWM2c0TURCSXw0YjdiZDc1MjRhNjM2M2Q0NDYwODQxMWE1Yjc2ZGQ1MTcwOGUwMTYxMDllYmRmNDM5MWM5YjY3YjQ4NjE4YmVi,https://api.mybihr.com/medias/1109898-3-800Wx800H?context=bWFzdGVyfHJvb3R8Mjg1MDF8aW1hZ2UvanBlZ3xhR1EzTDJoaU55OHhOVEUwTURZNE1UZzBNamN4T0M4eE1UQTVPRGs0TFROZk9EQXdWM2c0TURCSXxiZDJlOGUyNzU5ZjE2MGYzZGQzNmMwMzEyMDRiZGRhY2RmNzk3ZjdlNTJhMWViMzRiNTlkOGUwNjBiNGViZjgw,https://api.mybihr.com/medias/1109898-4-800Wx800H?context=bWFzdGVyfHJvb3R8NzcwODF8aW1hZ2UvanBlZ3xhRGxsTDJnMk1pOHhOVEUwTURZNE1qSXpOVGt6TkM4eE1UQTVPRGs0TFRSZk9EQXdWM2c0TURCSXxhMGMwOTY2MTEzYzc3ODZmZWVkMjA4N2U0ZjZmNzcxMjllOWEyMmQ1N2VhMjMxZjc5OGRkNzcwNTcyOTViMGE4,https://static.bihr.pro/eBihr/Pictures/ALGIS-pictures.zip,Spain Warehouse (Parts)
1109931,1109931,BK.P09.002,ALGIS,ALGIS OPAQUE FRAME GUARDKIT ROAD LINE BK,Kit adhesivos protectores cuadro ALGIS mate Gravel/Carretera negro,27.50,22.73,4.55,8051884207131,1,3919908000,0,1,"<p>Los protectores adhesivos Algis para cuadros de bicicletas est&aacute;n hechos de pl&aacute;stico blando con un elevado grosor de 0,4 mm.</p><p>El adhesivo utilizado es muy fuerte y evita que los protectores se despeguen con el tiempo.</p><p>Los protectores adhesivos para cuadros Algis ya est&aacute;n cortados con una forma que cubre la mayor parte de la superficie del cuadro.</p><p>Para seguir mejor la forma de su bicicleta, tambi&eacute;n pueden recortarse con tijeras o un simple c&uacute;ter.</p><p>&nbsp;</p><p><strong>Detalles:</strong></p><p>&nbsp;</p><p>Todos nuestros protectores est&aacute;n disponibles con 3 tipos diferentes de acabado:</p><p>1 - Brillante - El material es liso y brillante</p><p>2 - Opaco - El material es liso Opaco</p><p>3 - Textura - El material tiene relieve con efecto de panal.</p><p>&nbsp;</p><p><strong>Gu&iacute;a de instalaci&oacute;n:</strong></p><p>&nbsp;</p><p><video controls=""controls"" width=""100%"" height=""300""><source src=""https://vid.cdn-website.com/5377c87e/videos/VK8jZ2lSiiCrhWpD6nBw_ALGIS+BIKE-v.mp4"" type=""video/mp4""></video></p>","
Los protectores adhesivos Algis para cuadros de bicicletas están hechos de plástico blando con un elevado grosor de 0,4 mm.
El adhesivo utilizado es muy fuerte y evita que los protectores se despeguen con el tiempo.
Los protectores adhesivos para cuadros Algis ya están cortados con una forma que cubre la mayor parte de la superficie del cuadro.
Para seguir mejor la forma de su bicicleta, también pueden recortarse con tijeras o un simple cúter.
 
Detalles:
 
Todos nuestros protectores están disponibles con 3 tipos diferentes de acabado:
1 - Brillante - El material es liso y brillante
2 - Opaco - El material es liso Opaco
3 - Textura - El material tiene relieve con efecto de panal.
 
Guía de instalación:
 
",VEHICLE PARTS & ACCESSORIES,BICYCLE PARTS & ACCESSORIES,BICYCLE PARTS,408,160,230,355,5,https://api.mybihr.com/medias/1109931-1-800Wx800H?context=bWFzdGVyfHJvb3R8Mjk3NDF8aW1hZ2UvanBlZ3xhRFppTDJobFpTOHhNekE0TnpZM01qVXpNekF5TWk4eE1UQTVPVE14TFRGZk9EQXdWM2c0TURCSXw4ZTQ5Mjc3YzM4NmFkZmY1MzVkNjA3YzExYzk0ZjZhNDBhNTUwZDk2YzFjNmQyZGUyYzE3ZWUyNGUyODg1ZWNi,https://api.mybihr.com/medias/1109931-2-800Wx800H?context=bWFzdGVyfHJvb3R8NDI4Mzd8aW1hZ2UvanBlZ3xhR1JqTDJoa1l5OHhOVEUwTURnMU1UWTBOalE1TkM4eE1UQTVPVE14TFRKZk9EQXdWM2c0TURCSXwxMzdiOWQxODg0MmEyNmY0MDI1ZmM5NTAxOTc4NWFmOWM3YWJhOTQwMTJhZmU4ZjMxZDJjNmY2MDBhNTQxMDBh,https://api.mybihr.com/medias/1109931-3-800Wx800H?context=bWFzdGVyfHJvb3R8Mjg4MTV8aW1hZ2UvanBlZ3xhR0V6TDJnNE55OHhOVEUwTURnMU1qQXpPVGN4TUM4eE1UQTVPVE14TFROZk9EQXdWM2c0TURCSXwyY2IwZTEzOGE4ODhjMTRhMmJmOTkyMGUxMTA2MjQ2NmMxNDg4MWJkZTY4MmJjMWMyZjY2ZWIzNWVhMjZiNTA5,https://api.mybihr.com/medias/1109931-4-800Wx800H?context=bWFzdGVyfHJvb3R8NjE0MzB8aW1hZ2UvanBlZ3xhREF5TDJnM1lTOHhOVEUwTURnMU1qUXpNamt5Tmk4eE1UQTVPVE14TFRSZk9EQXdWM2c0TURCSXw0MDNjZWViYjU1ODhmNzhlNTU3MTI5MzU5OTE5ODFkZjcyMDIxYTMwZTViYTc3MTA4NmQxMWQ5MzhiNmMyOWEx,https://static.bihr.pro/eBihr/Pictures/ALGIS-pictures.zip,Spain Warehouse (Parts)
1109917,1109917,BK.T06.006,ALGIS,ALGIS TEXTURE FORK GUARDS KIT LINES WHT,Kit adhesivos protectores de horquilla ALGIS LINES texture blanco,22.00,18.18,6.00,8051884206615,3,3919908000,0,1,"<p>Los protectores adhesivos Algis para cuadros de bicicletas est&aacute;n hechos de pl&aacute;stico blando con un elevado grosor de 0,4 mm.</p><p>El adhesivo utilizado es muy fuerte y evita que los protectores se despeguen con el tiempo.</p><p>Los protectores adhesivos para cuadros Algis ya est&aacute;n cortados con una forma que cubre la mayor parte de la superficie del cuadro.</p><p>Para seguir mejor la forma de su bicicleta, tambi&eacute;n pueden recortarse con tijeras o un simple c&uacute;ter.</p><p>&nbsp;</p><p><strong>Detalles:</strong></p><p>&nbsp;</p><p>Todos nuestros protectores est&aacute;n disponibles con 3 tipos diferentes de acabado:</p><p>1 - Brillante - El material es liso y brillante</p><p>2 - Opaco - El material es liso Opaco</p><p>3 - Textura - El material tiene relieve con efecto de panal.</p><p>&nbsp;</p><p><strong>Gu&iacute;a de instalaci&oacute;n:</strong></p><p>&nbsp;</p><p><video controls=""controls"" width=""100%"" height=""300""><source src=""https://vid.cdn-website.com/5377c87e/videos/VK8jZ2lSiiCrhWpD6nBw_ALGIS+BIKE-v.mp4"" type=""video/mp4""></video></p>","
Los protectores adhesivos Algis para cuadros de bicicletas están hechos de plástico blando con un elevado grosor de 0,4 mm.
El adhesivo utilizado es muy fuerte y evita que los protectores se despeguen con el tiempo.
Los protectores adhesivos para cuadros Algis ya están cortados con una forma que cubre la mayor parte de la superficie del cuadro.
Para seguir mejor la forma de su bicicleta, también pueden recortarse con tijeras o un simple cúter.
 
Detalles:
 
Todos nuestros protectores están disponibles con 3 tipos diferentes de acabado:
1 - Brillante - El material es liso y brillante
2 - Opaco - El material es liso Opaco
3 - Textura - El material tiene relieve con efecto de panal.
 
Guía de instalación:
 
",VEHICLE PARTS & ACCESSORIES,BICYCLE PARTS & ACCESSORIES,BICYCLE PARTS,408,130,230,355,5,https://api.mybihr.com/medias/1109917-1-800Wx800H?context=bWFzdGVyfHJvb3R8NDQ0MDN8aW1hZ2UvanBlZ3xhR0UzTDJnME1TOHhNekE0TnpZMk56QXlOems1T0M4eE1UQTVPVEUzTFRGZk9EQXdWM2c0TURCSXw3OTc2ZDg3YzE2NTRiZmZhODNjNmE3NzRhNDE4MWNkZGQwOGNkMmMxMWE5Y2ZhMWQxY2U4MWQzNjI1NDBmYzI2,https://api.mybihr.com/medias/1109917-2-800Wx800H?context=bWFzdGVyfHJvb3R8MTU1NDJ8aW1hZ2UvanBlZ3xhRFl3TDJobE5pOHhOVEUwTURnek5URXpNVFF5TWk4eE1UQTVPVEUzTFRKZk9EQXdWM2c0TURCSXxlOTcxYWZiMGRhYjRjZWI5OGRlODc2YzA4OWVmNjNlZmUyZmNhMGI2OTUyNWYyMzFlY2JjYjlhZTYxYWE1NmZm,https://api.mybihr.com/medias/1109917-3-800Wx800H?context=bWFzdGVyfHJvb3R8MTA2NzB8aW1hZ2UvanBlZ3xhR1F6TDJoa09DOHhOVEUwTURnek5UVXlORFl6T0M4eE1UQTVPVEUzTFROZk9EQXdWM2c0TURCSXxlN2FiMTdjNjgyYmQ2ZGQyNjU4NTg5Y2I5MDViMjg4ZmI4MWY5ZGY1YTM2Mzk3MzljZTI2OTE4MTY5OTUzMGUz,https://api.mybihr.com/medias/1109917-4-800Wx800H?context=bWFzdGVyfHJvb3R8NjU2OTR8aW1hZ2UvanBlZ3xhRFExTDJoallpOHhOVEUwTURnek5Ua3hOemcxTkM4eE1UQTVPVEUzTFRSZk9EQXdWM2c0TURCSXw3NGQ3MzJjZDcyZThhNmEwZWU3MDhmYjg3NzY4MWEyN2QzMjRlNGQ1YWIyODM3NjUyOGRmZjIzNWJlZGZiMDg1,https://static.bihr.pro/eBihr/Pictures/ALGIS-pictures.zip,Spain Warehouse (Parts)
1109896,1109896,BK.G02.006,ALGIS,ALGIS GLOSS FRAME GUARD KIT M LINES WH,Kit adhesivos protectores cuadro ALGIS brillo M LINES blanco,22.51,18.60,3.75,8051884205755,1,3919908000,0,1,"<p>Los protectores adhesivos Algis para cuadros de bicicletas est&aacute;n hechos de pl&aacute;stico blando con un elevado grosor de 0,4 mm.</p><p>El adhesivo utilizado es muy fuerte y evita que los protectores se despeguen con el tiempo.</p><p>Los protectores adhesivos para cuadros Algis ya est&aacute;n cortados con una forma que cubre la mayor parte de la superficie del cuadro.</p><p>Para seguir mejor la forma de su bicicleta, tambi&eacute;n pueden recortarse con tijeras o un simple c&uacute;ter.</p><p>&nbsp;</p><p><strong>Detalles:</strong></p><p>&nbsp;</p><p>Todos nuestros protectores est&aacute;n disponibles con 3 tipos diferentes de acabado:</p><p>1 - Brillante - El material es liso y brillante</p><p>2 - Opaco - El material es liso Opaco</p><p>3 - Textura - El material tiene relieve con efecto de panal.</p><p>&nbsp;</p><p><strong>Gu&iacute;a de instalaci&oacute;n:</strong></p><p>&nbsp;</p><p><video controls=""controls"" width=""100%"" height=""300""><source src=""https://vid.cdn-website.com/5377c87e/videos/VK8jZ2lSiiCrhWpD6nBw_ALGIS+BIKE-v.mp4"" type=""video/mp4""></video></p>","
Los protectores adhesivos Algis para cuadros de bicicletas están hechos de plástico blando con un elevado grosor de 0,4 mm.
El adhesivo utilizado es muy fuerte y evita que los protectores se despeguen con el tiempo.
Los protectores adhesivos para cuadros Algis ya están cortados con una forma que cubre la mayor parte de la superficie del cuadro.
Para seguir mejor la forma de su bicicleta, también pueden recortarse con tijeras o un simple cúter.
 
Detalles:
 
Todos nuestros protectores están disponibles con 3 tipos diferentes de acabado:
1 - Brillante - El material es liso y brillante
2 - Opaco - El material es liso Opaco
3 - Textura - El material tiene relieve con efecto de panal.
 
Guía de instalación:
 
",VEHICLE PARTS & ACCESSORIES,BICYCLE PARTS & ACCESSORIES,BICYCLE PARTS,408,130,230,355,5,https://api.mybihr.com/medias/1109896-1-800Wx800H?context=bWFzdGVyfHJvb3R8NDg3NzR8aW1hZ2UvanBlZ3xhR1V6TDJnd1lpOHhNekE0TnpZMU9EYzNNRFEyTWk4eE1UQTVPRGsyTFRGZk9EQXdWM2c0TURCSXw3NDA2ODUyZDMwNjQ1MmRkMjU3NjU4MGI5ZmE5M2VmODZlNTcyMjM4ZWNiY2M3NzllZGIzZjBlNzg0MGVmNWI1,https://api.mybihr.com/medias/1109896-2-800Wx800H?context=bWFzdGVyfHJvb3R8NDY5OTB8aW1hZ2UvanBlZ3xhR0k1TDJnMU5DOHhOVEUwTURZM09UQXlORFkzTUM4eE1UQTVPRGsyTFRKZk9EQXdWM2c0TURCSXxmMGI2ZmY5NmJiNDRjMjRmOWM0Nzc3ODgyNzY4ZmU1YjMyMmZiODE2ZDUzNGQ4MTE3MWQ0MTM2YTA1M2M5MGNh,https://api.mybihr.com/medias/1109896-3-800Wx800H?context=bWFzdGVyfHJvb3R8MjY5NjF8aW1hZ2UvanBlZ3xhREpqTDJnME55OHhOVEUwTURZM09UUXhOemc0Tmk4eE1UQTVPRGsyTFROZk9EQXdWM2c0TURCSXw2MmJhNTdlOTljNjIxZTdlMjU1NDIwZDEzZjZjOThlNjkzY2Y1MWIxMjYzOTNiODhmOTRiOGQ4YzhlZmZkNmE1,https://api.mybihr.com/medias/1109896-4-800Wx800H?context=bWFzdGVyfHJvb3R8NjU1NjB8aW1hZ2UvanBlZ3xhR1JrTDJnek9DOHhOVEUwTURZM09UZzNOall6T0M4eE1UQTVPRGsyTFRSZk9EQXdWM2c0TURCSXwzOGJkMGFlMGFhMjE5OWFjMGExZTVmNzgwMzA0NjFjNTBmNmZmMTQxZWE2MzkyZmIxMzU4YzFmNjk1ZjkwOGE2,https://static.bihr.pro/eBihr/Pictures/ALGIS-pictures.zip,Spain Warehouse (Parts)
1109905,1109905,BK.G03.006,ALGIS,ALGIS GLOSS FRAME GUARD KIT L LINES WHT,Kit adhesivos protectores cuadro ALGIS brillo L LINES blanco,37.50,30.99,6.25,8051884206059,1,3919908000,0,1,"<p>Los protectores adhesivos Algis para cuadros de bicicletas est&aacute;n hechos de pl&aacute;stico blando con un elevado grosor de 0,4 mm.</p><p>El adhesivo utilizado es muy fuerte y evita que los protectores se despeguen con el tiempo.</p><p>Los protectores adhesivos para cuadros Algis ya est&aacute;n cortados con una forma que cubre la mayor parte de la superficie del cuadro.</p><p>Para seguir mejor la forma de su bicicleta, tambi&eacute;n pueden recortarse con tijeras o un simple c&uacute;ter.</p><p>&nbsp;</p><p><strong>Detalles:</strong></p><p>&nbsp;</p><p>Todos nuestros protectores est&aacute;n disponibles con 3 tipos diferentes de acabado:</p><p>1 - Brillante - El material es liso y brillante</p><p>2 - Opaco - El material es liso Opaco</p><p>3 - Textura - El material tiene relieve con efecto de panal.</p><p>&nbsp;</p><p><strong>Gu&iacute;a de instalaci&oacute;n:</strong></p><p>&nbsp;</p><p><video controls=""controls"" width=""100%"" height=""300""><source src=""https://vid.cdn-website.com/5377c87e/videos/VK8jZ2lSiiCrhWpD6nBw_ALGIS+BIKE-v.mp4"" type=""video/mp4""></video></p>","
Los protectores adhesivos Algis para cuadros de bicicletas están hechos de plástico blando con un elevado grosor de 0,4 mm.
El adhesivo utilizado es muy fuerte y evita que los protectores se despeguen con el tiempo.
Los protectores adhesivos para cuadros Algis ya están cortados con una forma que cubre la mayor parte de la superficie del cuadro.
Para seguir mejor la forma de su bicicleta, también pueden recortarse con tijeras o un simple cúter.
 
Detalles:
 
Todos nuestros protectores están disponibles con 3 tipos diferentes de acabado:
1 - Brillante - El material es liso y brillante
2 - Opaco - El material es liso Opaco
3 - Textura - El material tiene relieve con efecto de panal.
 
Guía de instalación:
 
",VEHICLE PARTS & ACCESSORIES,BICYCLE PARTS & ACCESSORIES,BICYCLE PARTS,408,190,230,355,5,https://api.mybihr.com/medias/1109905-1-800Wx800H?context=bWFzdGVyfHJvb3R8NTUxNDV8aW1hZ2UvanBlZ3xhR0l3TDJnellTOHhNekE0TnpZMk1qTXdPVFF3Tmk4eE1UQTVPVEExTFRGZk9EQXdWM2c0TURCSXw1YTUwYzVhMzdlNTI2MjZkZmY3MmM1YzQxYmE2MzRkZTI0NDM2ZGEzMjk2ZjIwYmI3NjA4YWU1ZjgxMWUxYzg4,https://api.mybihr.com/medias/1109905-2-800Wx800H?context=bWFzdGVyfHJvb3R8NDEyMTB8aW1hZ2UvanBlZ3xhR0kyTDJnNU1pOHhOVEUwTURZNE9UY3dOekF6T0M4eE1UQTVPVEExTFRKZk9EQXdWM2c0TURCSXwxZjUxN2NmYzMxYzJjMTQ1ZmFiZGJhMmQ1Y2Q1YzZkMjliZjAyZWNlMWFjN2MwNjk4MTA4NmY4NzFlNDY0Mjcx,https://api.mybihr.com/medias/1109905-3-800Wx800H?context=bWFzdGVyfHJvb3R8Mjg1MDF8aW1hZ2UvanBlZ3xhRE0zTDJnMllTOHhOVEUwTURZNU1ERXdNREkxTkM4eE1UQTVPVEExTFROZk9EQXdWM2c0TURCSXxjYTcyYjUyZDhmMzJlMzFiYWNmODNhYWMzYjUxY2NlMDkzZmEwYmE3ZDZmMjc2OTdlMjNiOWE1ODRkOGViNDVm,https://api.mybihr.com/medias/1109905-4-800Wx800H?context=bWFzdGVyfHJvb3R8NzA2ODF8aW1hZ2UvanBlZ3xhR1poTDJnMVpTOHhOVEUwTURZNU1EUTVNelEzTUM4eE1UQTVPVEExTFRSZk9EQXdWM2c0TURCSXwxODlkNWQxYjllN2E0NjEyN2Y0NDZhMjM2MzU1ZTc5ODc2OGM0MmIxNmEwMzVkMWI4ZTVhZTA3ZWJjN2ZiZjM2,https://static.bihr.pro/eBihr/Pictures/ALGIS-pictures.zip,Spain Warehouse (Parts)
1109916,1109916,BK.T06.003,ALGIS,ALGIS TEXTURE FORK GUARDS KIT LINES BLK,Kit adhesivos protectores de horquilla ALGIS LINES texture negro,22.00,18.18,5.46,8051884206585,3,3919908000,0,1,"<p>Los protectores adhesivos Algis para cuadros de bicicletas est&aacute;n hechos de pl&aacute;stico blando con un elevado grosor de 0,4 mm.</p><p>El adhesivo utilizado es muy fuerte y evita que los protectores se despeguen con el tiempo.</p><p>Los protectores adhesivos para cuadros Algis ya est&aacute;n cortados con una forma que cubre la mayor parte de la superficie del cuadro.</p><p>Para seguir mejor la forma de su bicicleta, tambi&eacute;n pueden recortarse con tijeras o un simple c&uacute;ter.</p><p>&nbsp;</p><p><strong>Detalles:</strong></p><p>&nbsp;</p><p>Todos nuestros protectores est&aacute;n disponibles con 3 tipos diferentes de acabado:</p><p>1 - Brillante - El material es liso y brillante</p><p>2 - Opaco - El material es liso Opaco</p><p>3 - Textura - El material tiene relieve con efecto de panal.</p><p>&nbsp;</p><p><strong>Gu&iacute;a de instalaci&oacute;n:</strong></p><p>&nbsp;</p><p><video controls=""controls"" width=""100%"" height=""300""><source src=""https://vid.cdn-website.com/5377c87e/videos/VK8jZ2lSiiCrhWpD6nBw_ALGIS+BIKE-v.mp4"" type=""video/mp4""></video></p>","
Los protectores adhesivos Algis para cuadros de bicicletas están hechos de plástico blando con un elevado grosor de 0,4 mm.
El adhesivo utilizado es muy fuerte y evita que los protectores se despeguen con el tiempo.
Los protectores adhesivos para cuadros Algis ya están cortados con una forma que cubre la mayor parte de la superficie del cuadro.
Para seguir mejor la forma de su bicicleta, también pueden recortarse con tijeras o un simple cúter.
 
Detalles:
 
Todos nuestros protectores están disponibles con 3 tipos diferentes de acabado:
1 - Brillante - El material es liso y brillante
2 - Opaco - El material es liso Opaco
3 - Textura - El material tiene relieve con efecto de panal.
 
Guía de instalación:
 
",VEHICLE PARTS & ACCESSORIES,BICYCLE PARTS & ACCESSORIES,BICYCLE PARTS,408,130,230,355,5,https://api.mybihr.com/medias/1109916-1-800Wx800H?context=bWFzdGVyfHJvb3R8OTUyMzJ8aW1hZ2UvanBlZ3xhRGt3TDJneE15OHhNekE0TnpZMk5qWXpORGM0TWk4eE1UQTVPVEUyTFRGZk9EQXdWM2c0TURCSXxiZmIxYzMxZTIwMjQ3YjA0OTBmMjI4MzNlZDY2MDUzZWI2ZjY5NzFlNTNhNTQ5YjM5YTNlNzNiZTBiY2QzMzYy,https://api.mybihr.com/medias/1109916-2-800Wx800H?context=bWFzdGVyfHJvb3R8MTU1NDJ8aW1hZ2UvanBlZ3xhRGhqTDJnMk1TOHhOVEUwTURnek16azFNVGMzTkM4eE1UQTVPVEUyTFRKZk9EQXdWM2c0TURCSXwyYTE4NjEwYmQ5NmVjYzQ4OGIxODYyZmZlMmNjMGI3MDRmYzNmMWU3MGQyMjFiYjIzMzlmMjFhY2IzMGUxMzY5,https://api.mybihr.com/medias/1109916-3-800Wx800H?context=bWFzdGVyfHJvb3R8MTA2NzB8aW1hZ2UvanBlZ3xhR00xTDJoaU5pOHhOVEUwTURnek5ETTBORGs1TUM4eE1UQTVPVEUyTFROZk9EQXdWM2c0TURCSXxkM2Q4NGEwZWNmNDQ2NmFiNDM4ZTMwNmRlOTg1NTk1YjRjM2M4MGYxZTI0YzU0Y2Q0ODJkNTUyNzNiMzNhZjU1,https://api.mybihr.com/medias/1109916-4-800Wx800H?context=bWFzdGVyfHJvb3R8NzE1NzN8aW1hZ2UvanBlZ3xhRFV6TDJoak5DOHhOVEUwTURnek5EY3pPREl3Tmk4eE1UQTVPVEUyTFRSZk9EQXdWM2c0TURCSXwyM2MxMjUxMzc2Mzg5ODFlYzMxMTIwM2JhNmQ5OGFiODM1OWU4MzUzYzFiYTc1ZDFjYTY1ZTIxMTEyZjYzMjEy,https://static.bihr.pro/eBihr/Pictures/ALGIS-pictures.zip,Spain Warehouse (Parts)
1109940,1109940,BK.TR2.001,ALGIS,ALGIS TEXTURE RIM STICKERS ARROWS BLK,Adhesivos protextores de llanta ALGIS ARROWS texture negro,37.50,30.99,13.00,8051884207247,12,3919908000,0,1,"<p>Los protectores adhesivos Algis para cuadros de bicicletas est&aacute;n hechos de pl&aacute;stico blando con un elevado grosor de 0,4 mm.</p><p>El adhesivo utilizado es muy fuerte y evita que los protectores se despeguen con el tiempo.</p><p>Los protectores adhesivos para cuadros Algis ya est&aacute;n cortados con una forma que cubre la mayor parte de la superficie del cuadro.</p><p>Para seguir mejor la forma de su bicicleta, tambi&eacute;n pueden recortarse con tijeras o un simple c&uacute;ter.</p><p>&nbsp;</p><p><strong>Detalles:</strong></p><p>&nbsp;</p><p>Todos nuestros protectores est&aacute;n disponibles con 3 tipos diferentes de acabado:</p><p>1 - Brillante - El material es liso y brillante</p><p>2 - Opaco - El material es liso Opaco</p><p>3 - Textura - El material tiene relieve con efecto de panal.</p><p>&nbsp;</p><p><strong>Gu&iacute;a de instalaci&oacute;n:</strong></p><p>&nbsp;</p><p><video controls=""controls"" width=""100%"" height=""300""><source src=""https://vid.cdn-website.com/5377c87e/videos/VK8jZ2lSiiCrhWpD6nBw_ALGIS+BIKE-v.mp4"" type=""video/mp4""></video></p>","
Los protectores adhesivos Algis para cuadros de bicicletas están hechos de plástico blando con un elevado grosor de 0,4 mm.
El adhesivo utilizado es muy fuerte y evita que los protectores se despeguen con el tiempo.
Los protectores adhesivos para cuadros Algis ya están cortados con una forma que cubre la mayor parte de la superficie del cuadro.
Para seguir mejor la forma de su bicicleta, también pueden recortarse con tijeras o un simple cúter.
 
Detalles:
 
Todos nuestros protectores están disponibles con 3 tipos diferentes de acabado:
1 - Brillante - El material es liso y brillante
2 - Opaco - El material es liso Opaco
3 - Textura - El material tiene relieve con efecto de panal.
 
Guía de instalación:
 
",VEHICLE PARTS & ACCESSORIES,BICYCLE PARTS & ACCESSORIES,BICYCLE PARTS,408,190,230,355,5,https://api.mybihr.com/medias/1109940-1-800Wx800H?context=bWFzdGVyfHJvb3R8MTAxODg2fGltYWdlL2pwZWd8YURJMUwyaGhPQzh4TXpBNE56WTNOakEzTVRrMk5pOHhNVEE1T1RRd0xURmZPREF3VjNnNE1EQkl8YjNmMjZmM2U1YTIzNjI0ZjkxNzRjN2IyOTYxMjNiZmZjOTY1OWYwMGJiZjFiZTUwYzFkZmFiNGVhZWVjOGE2MA,https://api.mybihr.com/medias/1109940-2-800Wx800H?context=bWFzdGVyfHJvb3R8NTM4NTd8aW1hZ2UvanBlZ3xhREkzTDJneFpTOHhOVEUwTURnMk1URTBPVEl4TkM4eE1UQTVPVFF3TFRKZk9EQXdWM2c0TURCSXwwNmY2OWE0ZWUwYmJjMGNiNWFmODA5ZDUxNmYwZWE1ZDc1OTQ5NGUzN2JjNTE0OWYwNzQ2ZTk3MTNkZjBlNTVm,https://api.mybihr.com/medias/1109940-3-800Wx800H?context=bWFzdGVyfHJvb3R8Mjg5Njl8aW1hZ2UvanBlZ3xhRGczTDJneE1DOHhOVEUwTURnMk1UVTBNalF6TUM4eE1UQTVPVFF3TFROZk9EQXdWM2c0TURCSXxhZmExZWUwZjU5NjcwNTBhOGU0YjBmYjg5YzkyZWNlNjBlNTUyZWM5OTc4MzA3YTY1YzZkYTVhNGI5NTYxZGZi,https://api.mybihr.com/medias/1109940-4-800Wx800H?context=bWFzdGVyfHJvb3R8Njg2MTR8aW1hZ2UvanBlZ3xhR1k1TDJnd01pOHhOVEUwTURnMk1Ua3pOVFkwTmk4eE1UQTVPVFF3TFRSZk9EQXdWM2c0TURCSXxjZTE4ZDY0MzcyZGZjZDczNzQ4ZWJjYzI0OTc3YWNhZjE1NjBkMmRjODllMGZiN2Y0M2NjMThmMDM3NDk0NGM0,https://static.bihr.pro/eBihr/Pictures/ALGIS-pictures.zip,Spain Warehouse (Parts)
1109923,1109923,BK.G06.006,ALGIS,ALGIS GLOSS FORK GUARDS KIT LINES WHT,Kit adhesivos protectores de horquilla ALGIS LINES brillo blanco,19.51,16.12,5.00,8051884206776,4,3919908000,0,1,"<p>Los protectores adhesivos Algis para cuadros de bicicletas est&aacute;n hechos de pl&aacute;stico blando con un elevado grosor de 0,4 mm.</p><p>El adhesivo utilizado es muy fuerte y evita que los protectores se despeguen con el tiempo.</p><p>Los protectores adhesivos para cuadros Algis ya est&aacute;n cortados con una forma que cubre la mayor parte de la superficie del cuadro.</p><p>Para seguir mejor la forma de su bicicleta, tambi&eacute;n pueden recortarse con tijeras o un simple c&uacute;ter.</p><p>&nbsp;</p><p><strong>Detalles:</strong></p><p>&nbsp;</p><p>Todos nuestros protectores est&aacute;n disponibles con 3 tipos diferentes de acabado:</p><p>1 - Brillante - El material es liso y brillante</p><p>2 - Opaco - El material es liso Opaco</p><p>3 - Textura - El material tiene relieve con efecto de panal.</p><p>&nbsp;</p><p><strong>Gu&iacute;a de instalaci&oacute;n:</strong></p><p>&nbsp;</p><p><video controls=""controls"" width=""100%"" height=""300""><source src=""https://vid.cdn-website.com/5377c87e/videos/VK8jZ2lSiiCrhWpD6nBw_ALGIS+BIKE-v.mp4"" type=""video/mp4""></video></p>","
Los protectores adhesivos Algis para cuadros de bicicletas están hechos de plástico blando con un elevado grosor de 0,4 mm.
El adhesivo utilizado es muy fuerte y evita que los protectores se despeguen con el tiempo.
Los protectores adhesivos para cuadros Algis ya están cortados con una forma que cubre la mayor parte de la superficie del cuadro.
Para seguir mejor la forma de su bicicleta, también pueden recortarse con tijeras o un simple cúter.
 
Detalles:
 
Todos nuestros protectores están disponibles con 3 tipos diferentes de acabado:
1 - Brillante - El material es liso y brillante
2 - Opaco - El material es liso Opaco
3 - Textura - El material tiene relieve con efecto de panal.
 
Guía de instalación:
 
",VEHICLE PARTS & ACCESSORIES,BICYCLE PARTS & ACCESSORIES,BICYCLE PARTS,408,130,230,355,5,https://api.mybihr.com/medias/1109923-1-800Wx800H?context=bWFzdGVyfHJvb3R8NDE4Nzh8aW1hZ2UvanBlZ3xhR1E1TDJoa1ppOHhNekE0TnpZMk9UTTROekk1TkM4eE1UQTVPVEl6TFRGZk9EQXdWM2c0TURCSXxmODgxZTk2OWZkMDJmOTQ5YTU5ZjY4MDhlN2RhYWIyZDlmMDRkNGM4NDQ2NTcxZTg0ODIyY2IxMjJlY2I2MTIw,https://api.mybihr.com/medias/1109923-2-800Wx800H?context=bWFzdGVyfHJvb3R8MTU1NDJ8aW1hZ2UvanBlZ3xhREU0TDJoaFppOHhOVEUwTURnME1qSXdPVE14TUM4eE1UQTVPVEl6TFRKZk9EQXdWM2c0TURCSXxkYzJmM2FlYWJlNWRiY2Y4YTUwMjc3ZmExMzc5OTJmM2NmYmZmMTYzZmRjNTIwYmY1ZDFhZGI3NmJiNTBkNTMz,https://api.mybihr.com/medias/1109923-3-800Wx800H?context=bWFzdGVyfHJvb3R8MTA2NzB8aW1hZ2UvanBlZ3xhR0k1TDJoaVl5OHhOVEUwTURnME1qWXdNalV5Tmk4eE1UQTVPVEl6TFROZk9EQXdWM2c0TURCSXwzODQyMDQ5OGZiYzQxMDY3MGEzYjMzOGNhMjU1N2EwNWM5MTcyNWEwZTY0YTRhZjcyNDMwYjZhMzgwM2U2MzZj,https://api.mybihr.com/medias/1109923-4-800Wx800H?context=bWFzdGVyfHJvb3R8NjU2OTR8aW1hZ2UvanBlZ3xhR1kyTDJoak55OHhOVEUwTURnME1qazVOVGMwTWk4eE1UQTVPVEl6TFRSZk9EQXdWM2c0TURCSXw0YWJkNjk4NTVkZWFlNDdkNjE3OWIxYzZlMDhkMjkxMGEwMWVhYTUxNGE5YWUzNGZiYWRjM2EyMDg5YjNhY2E1,https://static.bihr.pro/eBihr/Pictures/ALGIS-pictures.zip,Spain Warehouse (Parts)
1109928,1109928,BK.T09.002,ALGIS,ALGIS TEXTUR FRAME GUARDKIT ROAD LINE BK,Kit adhesivos protectores cuadro ALGIS texture Gravel/Carretera negro,30.00,24.79,4.99,8051884207100,1,3919908000,0,1,"<p>Los protectores adhesivos Algis para cuadros de bicicletas est&aacute;n hechos de pl&aacute;stico blando con un elevado grosor de 0,4 mm.</p><p>El adhesivo utilizado es muy fuerte y evita que los protectores se despeguen con el tiempo.</p><p>Los protectores adhesivos para cuadros Algis ya est&aacute;n cortados con una forma que cubre la mayor parte de la superficie del cuadro.</p><p>Para seguir mejor la forma de su bicicleta, tambi&eacute;n pueden recortarse con tijeras o un simple c&uacute;ter.</p><p>&nbsp;</p><p><strong>Detalles:</strong></p><p>&nbsp;</p><p>Todos nuestros protectores est&aacute;n disponibles con 3 tipos diferentes de acabado:</p><p>1 - Brillante - El material es liso y brillante</p><p>2 - Opaco - El material es liso Opaco</p><p>3 - Textura - El material tiene relieve con efecto de panal.</p><p>&nbsp;</p><p><strong>Gu&iacute;a de instalaci&oacute;n:</strong></p><p>&nbsp;</p><p><video controls=""controls"" width=""100%"" height=""300""><source src=""https://vid.cdn-website.com/5377c87e/videos/VK8jZ2lSiiCrhWpD6nBw_ALGIS+BIKE-v.mp4"" type=""video/mp4""></video></p>","
Los protectores adhesivos Algis para cuadros de bicicletas están hechos de plástico blando con un elevado grosor de 0,4 mm.
El adhesivo utilizado es muy fuerte y evita que los protectores se despeguen con el tiempo.
Los protectores adhesivos para cuadros Algis ya están cortados con una forma que cubre la mayor parte de la superficie del cuadro.
Para seguir mejor la forma de su bicicleta, también pueden recortarse con tijeras o un simple cúter.
 
Detalles:
 
Todos nuestros protectores están disponibles con 3 tipos diferentes de acabado:
1 - Brillante - El material es liso y brillante
2 - Opaco - El material es liso Opaco
3 - Textura - El material tiene relieve con efecto de panal.
 
Guía de instalación:
 
",VEHICLE PARTS & ACCESSORIES,BICYCLE PARTS & ACCESSORIES,BICYCLE PARTS,408,160,230,355,5,https://api.mybihr.com/medias/1109928-1-800Wx800H?context=bWFzdGVyfHJvb3R8NjgxNDN8aW1hZ2UvanBlZ3xhREprTDJoaE1TOHhNekE0TnpZM01UTTFNek0zTkM4eE1UQTVPVEk0TFRGZk9EQXdWM2c0TURCSXw4NTE5YTJlM2Q3MzNlNWM3NmI4ODE4NWE2OWQxZTIxN2E3OThkZTY4OGVhYWU5MDkyMjdlNmFhYzQ3ZWFjM2I3,https://api.mybihr.com/medias/1109928-2-800Wx800H?context=bWFzdGVyfHJvb3R8NDI4Mzd8aW1hZ2UvanBlZ3xhRGczTDJoa09TOHhOVEUwTURnME9ERXdOelUxTUM4eE1UQTVPVEk0TFRKZk9EQXdWM2c0TURCSXxiMmQ0NDJkYWE2MjE2MTk1OWM0MTI3YjgwMDRmZWI2OGJiZTJiMzk4MWQ3MzhmMWU1YjgwZThhOGI3YWRjOGQw,https://api.mybihr.com/medias/1109928-3-800Wx800H?context=bWFzdGVyfHJvb3R8Mjg4MTV8aW1hZ2UvanBlZ3xhR1UzTDJoallpOHhOVEUwTURnME9EVXdNRGMyTmk4eE1UQTVPVEk0TFROZk9EQXdWM2c0TURCSXxiMzNkYWZmZDJhOGZhMThhMDZlNmYxOWYzMThlMThiMzgwZGU2Y2Q1NjJiYjdmODgyZGZmZDk3NDUyZmU5ODJi,https://api.mybihr.com/medias/1109928-4-800Wx800H?context=bWFzdGVyfHJvb3R8NjE0MzB8aW1hZ2UvanBlZ3xhR0U1TDJoak1DOHhOVEUwTURnME9EZzVNems0TWk4eE1UQTVPVEk0TFRSZk9EQXdWM2c0TURCSXxlYWI0ODQyNjcwZTA2OTU5OWI3NDBhOWE2NDVjMWZmOWI2MGFiMjYwNjE0M2QxYmUwNTlmZDk1MjllODk4ZTgz,https://static.bihr.pro/eBihr/Pictures/ALGIS-pictures.zip,Spain Warehouse (Parts)
1109920,1109920,BK.P06.006,ALGIS,ALGIS OPAQUE FORK GUARDS KIT LINES WHT,Kit adhesivos protectores de horquilla ALGIS LINES mate blanco,19.51,16.12,5.00,8051884206691,5,3919908000,0,1,"<p>Los protectores adhesivos Algis para cuadros de bicicletas est&aacute;n hechos de pl&aacute;stico blando con un elevado grosor de 0,4 mm.</p><p>El adhesivo utilizado es muy fuerte y evita que los protectores se despeguen con el tiempo.</p><p>Los protectores adhesivos para cuadros Algis ya est&aacute;n cortados con una forma que cubre la mayor parte de la superficie del cuadro.</p><p>Para seguir mejor la forma de su bicicleta, tambi&eacute;n pueden recortarse con tijeras o un simple c&uacute;ter.</p><p>&nbsp;</p><p><strong>Detalles:</strong></p><p>&nbsp;</p><p>Todos nuestros protectores est&aacute;n disponibles con 3 tipos diferentes de acabado:</p><p>1 - Brillante - El material es liso y brillante</p><p>2 - Opaco - El material es liso Opaco</p><p>3 - Textura - El material tiene relieve con efecto de panal.</p><p>&nbsp;</p><p><strong>Gu&iacute;a de instalaci&oacute;n:</strong></p><p>&nbsp;</p><p><video controls=""controls"" width=""100%"" height=""300""><source src=""https://vid.cdn-website.com/5377c87e/videos/VK8jZ2lSiiCrhWpD6nBw_ALGIS+BIKE-v.mp4"" type=""video/mp4""></video></p>","
Los protectores adhesivos Algis para cuadros de bicicletas están hechos de plástico blando con un elevado grosor de 0,4 mm.
El adhesivo utilizado es muy fuerte y evita que los protectores se despeguen con el tiempo.
Los protectores adhesivos para cuadros Algis ya están cortados con una forma que cubre la mayor parte de la superficie del cuadro.
Para seguir mejor la forma de su bicicleta, también pueden recortarse con tijeras o un simple cúter.
 
Detalles:
 
Todos nuestros protectores están disponibles con 3 tipos diferentes de acabado:
1 - Brillante - El material es liso y brillante
2 - Opaco - El material es liso Opaco
3 - Textura - El material tiene relieve con efecto de panal.
 
Guía de instalación:
 
",VEHICLE PARTS & ACCESSORIES,BICYCLE PARTS & ACCESSORIES,BICYCLE PARTS,408,130,230,355,5,https://api.mybihr.com/medias/1109920-1-800Wx800H?context=bWFzdGVyfHJvb3R8NDE4Nzh8aW1hZ2UvanBlZ3xhREJtTDJoaU1pOHhNekE0TnpZMk9ESXdOelkwTmk4eE1UQTVPVEl3TFRGZk9EQXdWM2c0TURCSXw1NzhkOTk0YmZlOGRjMzhjMmNhZTk1NzFiOGE5NTAwNjEyM2Y2OWI2MDY0NzQ5YjQzNGQyZDQ0NTQ1NzkzZWEx,https://api.mybihr.com/medias/1109920-2-800Wx800H?context=bWFzdGVyfHJvb3R8MTU1NDJ8aW1hZ2UvanBlZ3xhRGcxTDJnMk9DOHhOVEUwTURnek9EWTNNRE0yTmk4eE1UQTVPVEl3TFRKZk9EQXdWM2c0TURCSXw4OTUyNjFmZDk1Y2VlMjUyNDhmODI5YzczNzk1MDNmNjM0OGI3YTNhMWFmYzU2M2I3MGJkNzBjZmY4ZjNiN2E0,https://api.mybihr.com/medias/1109920-3-800Wx800H?context=bWFzdGVyfHJvb3R8MTA2NzB8aW1hZ2UvanBlZ3xhR0psTDJoaVpDOHhOVEUwTURnek9UQTJNelU0TWk4eE1UQTVPVEl3TFROZk9EQXdWM2c0TURCSXxjNmVhYjBjNDc5YTUyYjU4ZmI0NzNiNTU4YTc3YmJmMTMxMTAwNDFhMjY1YTVhYjI5ZmU5MDAyYjg3ODliMGY0,https://api.mybihr.com/medias/1109920-4-800Wx800H?context=bWFzdGVyfHJvb3R8NjU2OTR8aW1hZ2UvanBlZ3xhRFJpTDJoallpOHhOVEUwTURnek9UUTFOamM1T0M4eE1UQTVPVEl3TFRSZk9EQXdWM2c0TURCSXwzZjRkMmNiNzhiNGExMjY0YTc4ODEwZGM2M2VhZTQzOTVjNDMwMzRhNjg5YzViMDc2ODc5MmIwOTMxNmQ2OGEx,https://static.bihr.pro/eBihr/Pictures/ALGIS-pictures.zip,Spain Warehouse (Parts)
1109919,1109919,BK.P06.003,ALGIS,ALGIS OPAQUE FORK GUARDS KIT LINES BLK,Kit adhesivos protectores de horquilla ALGIS LINES mate negro,19.51,16.12,4.97,8051884206660,1,3919908000,0,1,"<p>Los protectores adhesivos Algis para cuadros de bicicletas est&aacute;n hechos de pl&aacute;stico blando con un elevado grosor de 0,4 mm.</p><p>El adhesivo utilizado es muy fuerte y evita que los protectores se despeguen con el tiempo.</p><p>Los protectores adhesivos para cuadros Algis ya est&aacute;n cortados con una forma que cubre la mayor parte de la superficie del cuadro.</p><p>Para seguir mejor la forma de su bicicleta, tambi&eacute;n pueden recortarse con tijeras o un simple c&uacute;ter.</p><p>&nbsp;</p><p><strong>Detalles:</strong></p><p>&nbsp;</p><p>Todos nuestros protectores est&aacute;n disponibles con 3 tipos diferentes de acabado:</p><p>1 - Brillante - El material es liso y brillante</p><p>2 - Opaco - El material es liso Opaco</p><p>3 - Textura - El material tiene relieve con efecto de panal.</p><p>&nbsp;</p><p><strong>Gu&iacute;a de instalaci&oacute;n:</strong></p><p>&nbsp;</p><p><video controls=""controls"" width=""100%"" height=""300""><source src=""https://vid.cdn-website.com/5377c87e/videos/VK8jZ2lSiiCrhWpD6nBw_ALGIS+BIKE-v.mp4"" type=""video/mp4""></video></p>","
Los protectores adhesivos Algis para cuadros de bicicletas están hechos de plástico blando con un elevado grosor de 0,4 mm.
El adhesivo utilizado es muy fuerte y evita que los protectores se despeguen con el tiempo.
Los protectores adhesivos para cuadros Algis ya están cortados con una forma que cubre la mayor parte de la superficie del cuadro.
Para seguir mejor la forma de su bicicleta, también pueden recortarse con tijeras o un simple cúter.
 
Detalles:
 
Todos nuestros protectores están disponibles con 3 tipos diferentes de acabado:
1 - Brillante - El material es liso y brillante
2 - Opaco - El material es liso Opaco
3 - Textura - El material tiene relieve con efecto de panal.
 
Guía de instalación:
 
",VEHICLE PARTS & ACCESSORIES,BICYCLE PARTS & ACCESSORIES,BICYCLE PARTS,408,130,230,355,5,https://api.mybihr.com/medias/1109919-1-800Wx800H?context=bWFzdGVyfHJvb3R8OTYwMjN8aW1hZ2UvanBlZ3xhR1EyTDJnMVl5OHhNekE0TnpZMk56Z3hORFF6TUM4eE1UQTVPVEU1TFRGZk9EQXdWM2c0TURCSXxkOGM1Y2ZjZGFhODVjYTZiNmMzM2JiMzg3NzVlNGYwMTdiNTc3ZjliY2IyMDc5ODU4NjdiYzU0ODNjM2I3ZTM1,https://api.mybihr.com/medias/1109919-2-800Wx800H?context=bWFzdGVyfHJvb3R8MTU1NDJ8aW1hZ2UvanBlZ3xhR1V5TDJnd055OHhOVEUwTURnek56UTVNRGN4T0M4eE1UQTVPVEU1TFRKZk9EQXdWM2c0TURCSXwwNDRmYjVmNWY3ZTk4ZGUxNjhmN2EzY2U1NGM2NmM5ZWVkNzY4MzkzZDAxYTUwZTg5Y2RhZWRjZDMzN2U5NTAy,https://api.mybihr.com/medias/1109919-3-800Wx800H?context=bWFzdGVyfHJvb3R8MTA2NzB8aW1hZ2UvanBlZ3xhR0ZpTDJnd05TOHhOVEUwTURnek56ZzRNemt6TkM4eE1UQTVPVEU1TFROZk9EQXdWM2c0TURCSXw0YzdiODI1OWY5ZjllNmQ0OTgzMmZhODc4MDdlYzhhNDU1Njk1NDZhNTNhNzI1MzUxM2I0MzQ1NTI3YjY3YmY5,https://api.mybihr.com/medias/1109919-4-800Wx800H?context=bWFzdGVyfHJvb3R8NzE1NzN8aW1hZ2UvanBlZ3xhR1UwTDJnMVlTOHhOVEUwTURnek9ESTNOekUxTUM4eE1UQTVPVEU1TFRSZk9EQXdWM2c0TURCSXw2Njg1NDBkZGJmMDFkNjFkNmYyOTc3MTRlMDRhMjBkYjdmNTYwYzhmYmZlNzcxZTU0MjQ1ODk5OTc0MmQxNGMz,https://static.bihr.pro/eBihr/Pictures/ALGIS-pictures.zip,Spain Warehouse (Parts)
1109901,1109901,BK.P03.003,ALGIS,ALGIS OPAQUE FRAME GUARD KIT L LINES BLK,Kit adhesivos protectores cuadro ALGIS mate L LINES negro,37.50,30.99,10.00,8051884205946,3,3919908000,0,1,"<p>Los protectores adhesivos Algis para cuadros de bicicletas est&aacute;n hechos de pl&aacute;stico blando con un elevado grosor de 0,4 mm.</p><p>El adhesivo utilizado es muy fuerte y evita que los protectores se despeguen con el tiempo.</p><p>Los protectores adhesivos para cuadros Algis ya est&aacute;n cortados con una forma que cubre la mayor parte de la superficie del cuadro.</p><p>Para seguir mejor la forma de su bicicleta, tambi&eacute;n pueden recortarse con tijeras o un simple c&uacute;ter.</p><p>&nbsp;</p><p><strong>Detalles:</strong></p><p>&nbsp;</p><p>Todos nuestros protectores est&aacute;n disponibles con 3 tipos diferentes de acabado:</p><p>1 - Brillante - El material es liso y brillante</p><p>2 - Opaco - El material es liso Opaco</p><p>3 - Textura - El material tiene relieve con efecto de panal.</p><p>&nbsp;</p><p><strong>Gu&iacute;a de instalaci&oacute;n:</strong></p><p>&nbsp;</p><p><video controls=""controls"" width=""100%"" height=""300""><source src=""https://vid.cdn-website.com/5377c87e/videos/VK8jZ2lSiiCrhWpD6nBw_ALGIS+BIKE-v.mp4"" type=""video/mp4""></video></p>","
Los protectores adhesivos Algis para cuadros de bicicletas están hechos de plástico blando con un elevado grosor de 0,4 mm.
El adhesivo utilizado es muy fuerte y evita que los protectores se despeguen con el tiempo.
Los protectores adhesivos para cuadros Algis ya están cortados con una forma que cubre la mayor parte de la superficie del cuadro.
Para seguir mejor la forma de su bicicleta, también pueden recortarse con tijeras o un simple cúter.
 
Detalles:
 
Todos nuestros protectores están disponibles con 3 tipos diferentes de acabado:
1 - Brillante - El material es liso y brillante
2 - Opaco - El material es liso Opaco
3 - Textura - El material tiene relieve con efecto de panal.
 
Guía de instalación:
 
",VEHICLE PARTS & ACCESSORIES,BICYCLE PARTS & ACCESSORIES,BICYCLE PARTS,408,190,230,355,5,https://api.mybihr.com/medias/1109901-1-800Wx800H?context=bWFzdGVyfHJvb3R8OTcxNDh8aW1hZ2UvanBlZ3xhR1l3TDJnNFlTOHhNekE0TnpZMk1EY3pOalUwTWk4eE1UQTVPVEF4TFRGZk9EQXdWM2c0TURCSXwxOTQ5ODRiYzZmMjI5YzAzMTQyNGIyMzI1MGZhZTBiOTMxNjEzOGJiYjVjN2MzM2M5MWIyOGE4ZDFhNDRkNTc0,https://api.mybihr.com/medias/1109901-2-800Wx800H?context=bWFzdGVyfHJvb3R8NDEyMTB8aW1hZ2UvanBlZ3xhRFprTDJnNE9TOHhOVEUwTURZNE5EazRPRFEwTmk4eE1UQTVPVEF4TFRKZk9EQXdWM2c0TURCSXxjMDgzZmU0ZjM0YjcwYWRlNDYxZmU0ZDQ5ZWExMTNlZDhkZjk3M2I4YjI5NmU1MjIwZGY2YzZlYzBiYzAyZGJm,https://api.mybihr.com/medias/1109901-3-800Wx800H?context=bWFzdGVyfHJvb3R8Mjg1MDF8aW1hZ2UvanBlZ3xhR0k1TDJoa1pTOHhOVEUwTURZNE5UTTRNVFkyTWk4eE1UQTVPVEF4TFROZk9EQXdWM2c0TURCSXw0NmQ5MjhlZjA0ZjM2YzJjMTlhNDgwY2ZiMGM5NWVlMzllYzEyZTE2MzgzMGFkZjE1YTYyYTYxZDM4NDYxNjM5,https://api.mybihr.com/medias/1109901-4-800Wx800H?context=bWFzdGVyfHJvb3R8NzcwODF8aW1hZ2UvanBlZ3xhRFEzTDJobFl5OHhOVEUwTURZNE5UYzNORGczT0M4eE1UQTVPVEF4TFRSZk9EQXdWM2c0TURCSXw3NjNjMjE0MjNiNTMwNzg3ZTM4OGQ2OTA1YzE0N2Y5NGExMTY5MTZhNDJjMDBlMmY1NjA3MTIwYTJmMjVmNzY0,https://static.bihr.pro/eBihr/Pictures/ALGIS-pictures.zip,Spain Warehouse (Parts)
1109929,1109929,BK.T09.003,ALGIS,ALGIS TEXTUR FRAME GUARDKIT ROAD LINE WH,Kit adhesivos protectores cuadro ALGIS texture Gravel/Carretera blanco,30.00,24.79,9.28,8051884207117,2,3919908000,0,1,"<p>Los protectores adhesivos Algis para cuadros de bicicletas est&aacute;n hechos de pl&aacute;stico blando con un elevado grosor de 0,4 mm.</p><p>El adhesivo utilizado es muy fuerte y evita que los protectores se despeguen con el tiempo.</p><p>Los protectores adhesivos para cuadros Algis ya est&aacute;n cortados con una forma que cubre la mayor parte de la superficie del cuadro.</p><p>Para seguir mejor la forma de su bicicleta, tambi&eacute;n pueden recortarse con tijeras o un simple c&uacute;ter.</p><p>&nbsp;</p><p><strong>Detalles:</strong></p><p>&nbsp;</p><p>Todos nuestros protectores est&aacute;n disponibles con 3 tipos diferentes de acabado:</p><p>1 - Brillante - El material es liso y brillante</p><p>2 - Opaco - El material es liso Opaco</p><p>3 - Textura - El material tiene relieve con efecto de panal.</p><p>&nbsp;</p><p><strong>Gu&iacute;a de instalaci&oacute;n:</strong></p><p>&nbsp;</p><p><video controls=""controls"" width=""100%"" height=""300""><source src=""https://vid.cdn-website.com/5377c87e/videos/VK8jZ2lSiiCrhWpD6nBw_ALGIS+BIKE-v.mp4"" type=""video/mp4""></video></p>","
Los protectores adhesivos Algis para cuadros de bicicletas están hechos de plástico blando con un elevado grosor de 0,4 mm.
El adhesivo utilizado es muy fuerte y evita que los protectores se despeguen con el tiempo.
Los protectores adhesivos para cuadros Algis ya están cortados con una forma que cubre la mayor parte de la superficie del cuadro.
Para seguir mejor la forma de su bicicleta, también pueden recortarse con tijeras o un simple cúter.
 
Detalles:
 
Todos nuestros protectores están disponibles con 3 tipos diferentes de acabado:
1 - Brillante - El material es liso y brillante
2 - Opaco - El material es liso Opaco
3 - Textura - El material tiene relieve con efecto de panal.
 
Guía de instalación:
 
",VEHICLE PARTS & ACCESSORIES,BICYCLE PARTS & ACCESSORIES,BICYCLE PARTS,408,160,230,355,5,https://api.mybihr.com/medias/1109929-1-800Wx800H?context=bWFzdGVyfHJvb3R8MTE0NzUwfGltYWdlL2pwZWd8YUdKaEwyaGhaUzh4TXpBNE56WTNNVGMwTmpVNU1DOHhNVEE1T1RJNUxURmZPREF3VjNnNE1EQkl8Mjg0NmE5MjE0NDQzODA4Mzc1ZDAwOTRmZGUxYTk5M2RiYTAyMzg5NTdiM2JkMTk5MGI3Y2ZjZGE4ZmRhNGNiNQ,https://api.mybihr.com/medias/1109929-2-800Wx800H?context=bWFzdGVyfHJvb3R8NDI4Mzd8aW1hZ2UvanBlZ3xhRGN3TDJnMllpOHhOVEUwTURnME9USTROekU1T0M4eE1UQTVPVEk1TFRKZk9EQXdWM2c0TURCSXw5MDEyNWM1MTkyMjA2YWUyMjExYmY4ZTQwZGEzMmVjMGU2MWFjYWM0ZjM2M2YwMDgzYWVmMjIzMTRiNWQ4NWU5,https://api.mybihr.com/medias/1109929-3-800Wx800H?context=bWFzdGVyfHJvb3R8Mjg4MTV8aW1hZ2UvanBlZ3xhR05tTDJnMVpDOHhOVEUwTURnME9UWTRNRFF4TkM4eE1UQTVPVEk1TFROZk9EQXdWM2c0TURCSXwyODUyNGU2MDBiOTBkMzMyOGE3NDZmNmNlN2MzNmFmYmNjODExNzgzMTJhZWU3NGQ4ZTViYzkwNTI1NTg0NGNj,https://api.mybihr.com/medias/1109929-4-800Wx800H?context=bWFzdGVyfHJvb3R8NzUyNDB8aW1hZ2UvanBlZ3xhREpsTDJoaE5TOHhOVEUwTURnMU1EQTNNell6TUM4eE1UQTVPVEk1TFRSZk9EQXdWM2c0TURCSXxhNjZkNTM0ZGQ0MmMzOWIwYTMxZGU4YThmNDJjYjM4YTc4YTViYmE4NDMyMjQwYmNmZjAyMDhjMTA0N2ViYjcw,https://static.bihr.pro/eBihr/Pictures/ALGIS-pictures.zip,Spain Warehouse (Parts)
1109939,1109939,BK.TR1.001,ALGIS,ALGIS TEXTURE RIM STICKERS TRIBAL BLK,Adhesivos protextores de llanta ALGIS TRIBAL texture negro,37.50,30.99,9.01,8051884207216,17,3919908000,0,1,"<p>Los protectores adhesivos Algis para cuadros de bicicletas est&aacute;n hechos de pl&aacute;stico blando con un elevado grosor de 0,4 mm.</p><p>El adhesivo utilizado es muy fuerte y evita que los protectores se despeguen con el tiempo.</p><p>Los protectores adhesivos para cuadros Algis ya est&aacute;n cortados con una forma que cubre la mayor parte de la superficie del cuadro.</p><p>Para seguir mejor la forma de su bicicleta, tambi&eacute;n pueden recortarse con tijeras o un simple c&uacute;ter.</p><p>&nbsp;</p><p><strong>Detalles:</strong></p><p>&nbsp;</p><p>Todos nuestros protectores est&aacute;n disponibles con 3 tipos diferentes de acabado:</p><p>1 - Brillante - El material es liso y brillante</p><p>2 - Opaco - El material es liso Opaco</p><p>3 - Textura - El material tiene relieve con efecto de panal.</p><p>&nbsp;</p><p><strong>Gu&iacute;a de instalaci&oacute;n:</strong></p><p>&nbsp;</p><p><video controls=""controls"" width=""100%"" height=""300""><source src=""https://vid.cdn-website.com/5377c87e/videos/VK8jZ2lSiiCrhWpD6nBw_ALGIS+BIKE-v.mp4"" type=""video/mp4""></video></p>","
Los protectores adhesivos Algis para cuadros de bicicletas están hechos de plástico blando con un elevado grosor de 0,4 mm.
El adhesivo utilizado es muy fuerte y evita que los protectores se despeguen con el tiempo.
Los protectores adhesivos para cuadros Algis ya están cortados con una forma que cubre la mayor parte de la superficie del cuadro.
Para seguir mejor la forma de su bicicleta, también pueden recortarse con tijeras o un simple cúter.
 
Detalles:
 
Todos nuestros protectores están disponibles con 3 tipos diferentes de acabado:
1 - Brillante - El material es liso y brillante
2 - Opaco - El material es liso Opaco
3 - Textura - El material tiene relieve con efecto de panal.
 
Guía de instalación:
 
",VEHICLE PARTS & ACCESSORIES,BICYCLE PARTS & ACCESSORIES,BICYCLE PARTS,408,190,230,355,5,https://api.mybihr.com/medias/1109939-1-800Wx800H?context=bWFzdGVyfHJvb3R8MTAzODgzfGltYWdlL2pwZWd8YUdRNUwyZzFNaTh4TXpBNE56WTNOVFkzT0RjMU1DOHhNVEE1T1RNNUxURmZPREF3VjNnNE1EQkl8ZjI0YTYxZTMxZTIxMjZjOTMxMjliOTdhN2Y5M2RiMmUzZGZiZDFhYTkyNTVlYWUxNmZkZjI4YzIxNmNiZTNkZg,https://api.mybihr.com/medias/1109939-2-800Wx800H?context=bWFzdGVyfHJvb3R8NTM4NTd8aW1hZ2UvanBlZ3xhR1ptTDJnM1lpOHhOVEUwTURnMU9UazJPVFUyTmk4eE1UQTVPVE01TFRKZk9EQXdWM2c0TURCSXxmYTE4YTAyOGMwNmZmNjI5MGY1N2M2OGYxMjQzYTU0OGE1OTczNjk2NDAzYWU5YjYxMTJkZjZiNTMyNzkzZTY0,https://api.mybihr.com/medias/1109939-3-800Wx800H?context=bWFzdGVyfHJvb3R8Mjg5Njl8aW1hZ2UvanBlZ3xhR1ZsTDJnNE1DOHhOVEUwTURnMk1ETTJNamM0TWk4eE1UQTVPVE01TFROZk9EQXdWM2c0TURCSXw1YjJlZWIxMTM3MmE2MWFiYjM3NjY0OWNmZWFjZjc0ZTFmN2NlYTM4MjFhMDc4ZjVlNmEzZjE4ZTQyZjI3YWUz,https://api.mybihr.com/medias/1109939-4-800Wx800H?context=bWFzdGVyfHJvb3R8NzEzODJ8aW1hZ2UvanBlZ3xhRFl4TDJnM015OHhOVEUwTURnMk1EYzFOVGs1T0M4eE1UQTVPVE01TFRSZk9EQXdWM2c0TURCSXw4YTkyYmIzNDQ5MmRjNjBmYTczZjdiZDEzZDYwZTNkYTI5MWIyZTE4ZGZjMTBiOTU4MWM4ZjYwMjdiNTNmMDI5,https://static.bihr.pro/eBihr/Pictures/ALGIS-pictures.zip,Spain Warehouse (Parts)
1109932,1109932,BK.P09.003,ALGIS,ALGIS OPAQUE FRAME GUARDKIT ROAD LINE WH,Kit adhesivos protectores cuadro ALGIS mate Gravel/Carretera blanco,27.50,22.73,15.91,8051884207148,1,3919908000,0,1,"<p>Los protectores adhesivos Algis para cuadros de bicicletas est&aacute;n hechos de pl&aacute;stico blando con un elevado grosor de 0,4 mm.</p><p>El adhesivo utilizado es muy fuerte y evita que los protectores se despeguen con el tiempo.</p><p>Los protectores adhesivos para cuadros Algis ya est&aacute;n cortados con una forma que cubre la mayor parte de la superficie del cuadro.</p><p>Para seguir mejor la forma de su bicicleta, tambi&eacute;n pueden recortarse con tijeras o un simple c&uacute;ter.</p><p>&nbsp;</p><p><strong>Detalles:</strong></p><p>&nbsp;</p><p>Todos nuestros protectores est&aacute;n disponibles con 3 tipos diferentes de acabado:</p><p>1 - Brillante - El material es liso y brillante</p><p>2 - Opaco - El material es liso Opaco</p><p>3 - Textura - El material tiene relieve con efecto de panal.</p><p>&nbsp;</p><p><strong>Gu&iacute;a de instalaci&oacute;n:</strong></p><p>&nbsp;</p><p><video controls=""controls"" width=""100%"" height=""300""><source src=""https://vid.cdn-website.com/5377c87e/videos/VK8jZ2lSiiCrhWpD6nBw_ALGIS+BIKE-v.mp4"" type=""video/mp4""></video></p>","
Los protectores adhesivos Algis para cuadros de bicicletas están hechos de plástico blando con un elevado grosor de 0,4 mm.
El adhesivo utilizado es muy fuerte y evita que los protectores se despeguen con el tiempo.
Los protectores adhesivos para cuadros Algis ya están cortados con una forma que cubre la mayor parte de la superficie del cuadro.
Para seguir mejor la forma de su bicicleta, también pueden recortarse con tijeras o un simple cúter.
 
Detalles:
 
Todos nuestros protectores están disponibles con 3 tipos diferentes de acabado:
1 - Brillante - El material es liso y brillante
2 - Opaco - El material es liso Opaco
3 - Textura - El material tiene relieve con efecto de panal.
 
Guía de instalación:
 
",VEHICLE PARTS & ACCESSORIES,BICYCLE PARTS & ACCESSORIES,BICYCLE PARTS,408,160,230,355,5,https://api.mybihr.com/medias/1109932-1-800Wx800H?context=bWFzdGVyfHJvb3R8MTA4MjA4fGltYWdlL2pwZWd8YUdSa0wyaGxNQzh4TXpBNE56WTNNamt5TmpJek9DOHhNVEE1T1RNeUxURmZPREF3VjNnNE1EQkl8ZWE2NDIxMzA0ZDg2YTViMDAyNjMwYTZlOTg5M2ZlOGU5Y2VhNDg2MWM5MWJmZDMwYjcwYzIwYzMzNGY3YzhkYQ,https://api.mybihr.com/medias/1109932-2-800Wx800H?context=bWFzdGVyfHJvb3R8NDI4Mzd8aW1hZ2UvanBlZ3xhRGMwTDJnMll5OHhOVEUwTURnMU1qZ3lOakUwTWk4eE1UQTVPVE15TFRKZk9EQXdWM2c0TURCSXw5OTkzMDc1M2E1NTMzM2FiMDgxNzgxZGIyNDFlZWVjMWI5ZjIyNDg0Y2NiYzJjNWFkYjY2YzkwZTQ2MGRkMWVm,https://api.mybihr.com/medias/1109932-3-800Wx800H?context=bWFzdGVyfHJvb3R8Mjg4MTV8aW1hZ2UvanBlZ3xhRE5qTDJneE55OHhOVEUwTURnMU16SXhPVE0xT0M4eE1UQTVPVE15TFROZk9EQXdWM2c0TURCSXxmMjdjY2I1YzhhOTQ3YzhlMjBkYmUzNjJjYWIyY2Y1NzYxMGVmZWE0MGY5Y2VkNWJhNGIyNjVlMGExZDc5MjJi,https://api.mybihr.com/medias/1109932-4-800Wx800H?context=bWFzdGVyfHJvb3R8NzUyNDB8aW1hZ2UvanBlZ3xhRGxpTDJnd09TOHhOVEUwTURnMU16WXhNalUzTkM4eE1UQTVPVE15TFRSZk9EQXdWM2c0TURCSXw5ZGI5NThmYzQwNjJiZWNmNDQ4NzYxNzJkNzVjNDEzNDFjZGJmZTQxYmM0ZDMxMWM3NGUwZjBkNWUxODRkZmY0,https://static.bihr.pro/eBihr/Pictures/ALGIS-pictures.zip,Spain Warehouse (Parts)
1109926,1109926,BK.G07.001,ALGIS,ALGIS GLOSS CHAIN GUARDS KIT CLR,Kit adhesivos protectores de vaina ALGIS brillo transparente,20.00,16.53,8.73,8051884206844,2,3919908000,0,1,"<p>Los protectores adhesivos Algis para cuadros de bicicletas est&aacute;n hechos de pl&aacute;stico blando con un elevado grosor de 0,4 mm.</p><p>El adhesivo utilizado es muy fuerte y evita que los protectores se despeguen con el tiempo.</p><p>Los protectores adhesivos para cuadros Algis ya est&aacute;n cortados con una forma que cubre la mayor parte de la superficie del cuadro.</p><p>Para seguir mejor la forma de su bicicleta, tambi&eacute;n pueden recortarse con tijeras o un simple c&uacute;ter.</p><p>&nbsp;</p><p><strong>Detalles:</strong></p><p>&nbsp;</p><p>Todos nuestros protectores est&aacute;n disponibles con 3 tipos diferentes de acabado:</p><p>1 - Brillante - El material es liso y brillante</p><p>2 - Opaco - El material es liso Opaco</p><p>3 - Textura - El material tiene relieve con efecto de panal.</p><p>&nbsp;</p><p><strong>Gu&iacute;a de instalaci&oacute;n:</strong></p><p>&nbsp;</p><p><video controls=""controls"" width=""100%"" height=""300""><source src=""https://vid.cdn-website.com/5377c87e/videos/VK8jZ2lSiiCrhWpD6nBw_ALGIS+BIKE-v.mp4"" type=""video/mp4""></video></p>","
Los protectores adhesivos Algis para cuadros de bicicletas están hechos de plástico blando con un elevado grosor de 0,4 mm.
El adhesivo utilizado es muy fuerte y evita que los protectores se despeguen con el tiempo.
Los protectores adhesivos para cuadros Algis ya están cortados con una forma que cubre la mayor parte de la superficie del cuadro.
Para seguir mejor la forma de su bicicleta, también pueden recortarse con tijeras o un simple cúter.
 
Detalles:
 
Todos nuestros protectores están disponibles con 3 tipos diferentes de acabado:
1 - Brillante - El material es liso y brillante
2 - Opaco - El material es liso Opaco
3 - Textura - El material tiene relieve con efecto de panal.
 
Guía de instalación:
 
",VEHICLE PARTS & ACCESSORIES,BICYCLE PARTS & ACCESSORIES,BICYCLE PARTS,408,130,230,355,5,https://api.mybihr.com/medias/1109926-1-800Wx800H?context=bWFzdGVyfHJvb3R8MjU4Mjh8aW1hZ2UvanBlZ3xhRFV6TDJnelpTOHhNekE0TnpZM01EVTJOamswTWk4eE1UQTVPVEkyTFRGZk9EQXdWM2c0TURCSXwzM2UwNzIxMTYzZDk3MDM3YThkZWYwOTEzYzFjNWVlMTRhZmExZjEwMDIyYTZiMzc2ODIyMTQ3YzAxOTkyZWUz,https://api.mybihr.com/medias/1109926-2-800Wx800H?context=bWFzdGVyfHJvb3R8MzA1ODJ8aW1hZ2UvanBlZ3xhREF4TDJnd01pOHhOVEUwTURnME5UYzBPREkxTkM4eE1UQTVPVEkyTFRKZk9EQXdWM2c0TURCSXw3M2ZjN2NhYWQ4ZWQ3ZTY4MzY3MGJkZWY3MzljOWQ1MjE1ZmIzZGE3MGQ4MDE0YTdmZDMxMzQyNTlhOTQ3MzY4,https://api.mybihr.com/medias/1109926-3-800Wx800H?context=bWFzdGVyfHJvb3R8MTgxNjR8aW1hZ2UvanBlZ3xhRFJoTDJnMU15OHhOVEUwTURnME5qRTBNVFEzTUM4eE1UQTVPVEkyTFROZk9EQXdWM2c0TURCSXwyZDYwZWJjODk1MGNlNjdmYjY2YzMyOTQwYzZlYTIyYTIzMDU0YjcyOTM4NTY0YzA5YjhhNjZlODhkODJiYzEw,https://api.mybihr.com/medias/1109926-4-800Wx800H?context=bWFzdGVyfHJvb3R8NjU2ODN8aW1hZ2UvanBlZ3xhR1EzTDJnMk1DOHhOVEUwTURnME5qVXpORFk0Tmk4eE1UQTVPVEkyTFRSZk9EQXdWM2c0TURCSXw4NzQxNGNmMmFkYzA5NzYwYmY4ZGVhODZhNDkxODhkODZjNTdlYjkxMmU1MmVhNTZiYTA2M2YxY2VhMTU1ZWE0,https://static.bihr.pro/eBihr/Pictures/ALGIS-pictures.zip,Spain Warehouse (Parts)
1109911,1109911,BK.P04.006,ALGIS,ALGIS OPAQUE FRAME GUARD KIT XL LINES WH,Kit adhesivos protectores cuadro ALGIS mate XL LINES blanco,40.00,33.06,11.00,8051884206219,2,3919908000,0,1,"<p>Los protectores adhesivos Algis para cuadros de bicicletas est&aacute;n hechos de pl&aacute;stico blando con un elevado grosor de 0,4 mm.</p><p>El adhesivo utilizado es muy fuerte y evita que los protectores se despeguen con el tiempo.</p><p>Los protectores adhesivos para cuadros Algis ya est&aacute;n cortados con una forma que cubre la mayor parte de la superficie del cuadro.</p><p>Para seguir mejor la forma de su bicicleta, tambi&eacute;n pueden recortarse con tijeras o un simple c&uacute;ter.</p><p>&nbsp;</p><p><strong>Detalles:</strong></p><p>&nbsp;</p><p>Todos nuestros protectores est&aacute;n disponibles con 3 tipos diferentes de acabado:</p><p>1 - Brillante - El material es liso y brillante</p><p>2 - Opaco - El material es liso Opaco</p><p>3 - Textura - El material tiene relieve con efecto de panal.</p><p>&nbsp;</p><p><strong>Gu&iacute;a de instalaci&oacute;n:</strong></p><p>&nbsp;</p><p><video controls=""controls"" width=""100%"" height=""300""><source src=""https://vid.cdn-website.com/5377c87e/videos/VK8jZ2lSiiCrhWpD6nBw_ALGIS+BIKE-v.mp4"" type=""video/mp4""></video></p>","
Los protectores adhesivos Algis para cuadros de bicicletas están hechos de plástico blando con un elevado grosor de 0,4 mm.
El adhesivo utilizado es muy fuerte y evita que los protectores se despeguen con el tiempo.
Los protectores adhesivos para cuadros Algis ya están cortados con una forma que cubre la mayor parte de la superficie del cuadro.
Para seguir mejor la forma de su bicicleta, también pueden recortarse con tijeras o un simple cúter.
 
Detalles:
 
Todos nuestros protectores están disponibles con 3 tipos diferentes de acabado:
1 - Brillante - El material es liso y brillante
2 - Opaco - El material es liso Opaco
3 - Textura - El material tiene relieve con efecto de panal.
 
Guía de instalación:
 
",VEHICLE PARTS & ACCESSORIES,BICYCLE PARTS & ACCESSORIES,BICYCLE PARTS,408,240,230,355,5,https://api.mybihr.com/medias/1109911-1-800Wx800H?context=bWFzdGVyfHJvb3R8NTA3MTN8aW1hZ2UvanBlZ3xhR1F4TDJobE5pOHhNekE0TnpZMk5EWTJPRGN3TWk4eE1UQTVPVEV4TFRGZk9EQXdWM2c0TURCSXxlOGUzZWEwMTNiZGYzMzg1YTQ0ZmU0YWUyMTE2MGMxNGI2ZjZlNWE2MDNlNjMxZDVkZmI2Y2IwNzc1MGYyNmVl,https://api.mybihr.com/medias/1109911-2-800Wx800H?context=bWFzdGVyfHJvb3R8MzMyNTF8aW1hZ2UvanBlZ3xhR015TDJneVl5OHhOVEUwTURZNU5qazRNVFV6TkM4eE1UQTVPVEV4TFRKZk9EQXdWM2c0TURCSXwwZTgxOWNlNTUxOGY1ZjJiNjZiNTA1OGE4MGQxNjExNmQ2MzhlYWEwMzhmNmI5MjgyMTI3NWZlZDBiNmZlMjRi,https://api.mybihr.com/medias/1109911-3-800Wx800H?context=bWFzdGVyfHJvb3R8MjgwNzV8aW1hZ2UvanBlZ3xhR1ppTDJnNE1TOHhOVEUwTURZNU56TTNORGMxTUM4eE1UQTVPVEV4TFROZk9EQXdWM2c0TURCSXxmMmM2Y2E5OThiZThjODAzYmUzMjZhNTcwYjdmZTdhNWE3ZmFkYzc3ODM1ZDcxMTVjYTU5YjYwMjMzNWNlYTli,https://api.mybihr.com/medias/1109911-4-800Wx800H?context=bWFzdGVyfHJvb3R8Njk2ODR8aW1hZ2UvanBlZ3xhRGc1TDJnNFppOHhOVEUwTURZNU56YzJOemsyTmk4eE1UQTVPVEV4TFRSZk9EQXdWM2c0TURCSXw0NDQ2ODg2NWI5YTI3Mjc1MGFmNWNlNWE0NTk2YTc1OWFiNmIyOTk0M2ZiZTc3ZGFmYjE4OWM0YWFlZDU3NThi,https://static.bihr.pro/eBihr/Pictures/ALGIS-pictures.zip,Spain Warehouse (Parts)
1109913,1109913,BK.G04.003,ALGIS,ALGIS GLOSS FRAME GUARD KIT XL LINES BLK,Kit adhesivos protectores cuadro ALGIS brillo XL LINES negro,40.00,33.06,12.34,8051884206264,3,3919908000,0,1,"<p>Los protectores adhesivos Algis para cuadros de bicicletas est&aacute;n hechos de pl&aacute;stico blando con un elevado grosor de 0,4 mm.</p><p>El adhesivo utilizado es muy fuerte y evita que los protectores se despeguen con el tiempo.</p><p>Los protectores adhesivos para cuadros Algis ya est&aacute;n cortados con una forma que cubre la mayor parte de la superficie del cuadro.</p><p>Para seguir mejor la forma de su bicicleta, tambi&eacute;n pueden recortarse con tijeras o un simple c&uacute;ter.</p><p>&nbsp;</p><p><strong>Detalles:</strong></p><p>&nbsp;</p><p>Todos nuestros protectores est&aacute;n disponibles con 3 tipos diferentes de acabado:</p><p>1 - Brillante - El material es liso y brillante</p><p>2 - Opaco - El material es liso Opaco</p><p>3 - Textura - El material tiene relieve con efecto de panal.</p><p>&nbsp;</p><p><strong>Gu&iacute;a de instalaci&oacute;n:</strong></p><p>&nbsp;</p><p><video controls=""controls"" width=""100%"" height=""300""><source src=""https://vid.cdn-website.com/5377c87e/videos/VK8jZ2lSiiCrhWpD6nBw_ALGIS+BIKE-v.mp4"" type=""video/mp4""></video></p>","
Los protectores adhesivos Algis para cuadros de bicicletas están hechos de plástico blando con un elevado grosor de 0,4 mm.
El adhesivo utilizado es muy fuerte y evita que los protectores se despeguen con el tiempo.
Los protectores adhesivos para cuadros Algis ya están cortados con una forma que cubre la mayor parte de la superficie del cuadro.
Para seguir mejor la forma de su bicicleta, también pueden recortarse con tijeras o un simple cúter.
 
Detalles:
 
Todos nuestros protectores están disponibles con 3 tipos diferentes de acabado:
1 - Brillante - El material es liso y brillante
2 - Opaco - El material es liso Opaco
3 - Textura - El material tiene relieve con efecto de panal.
 
Guía de instalación:
 
",VEHICLE PARTS & ACCESSORIES,BICYCLE PARTS & ACCESSORIES,BICYCLE PARTS,408,240,230,355,5,https://api.mybihr.com/medias/1109913-1-800Wx800H?context=bWFzdGVyfHJvb3R8MTAxNzg1fGltYWdlL2pwZWd8YUdZM0wyZzRNeTh4TXpBNE56WTJOVFExTlRFek5DOHhNVEE1T1RFekxURmZPREF3VjNnNE1EQkl8OWUyZTYzZjA3MzI4MDIxOGVmNzU2NWIyMDE3ZmViMmViZTQ0OWMzNDVjMWIyMTEzMDM2OWUzMTQwYTcyNTg0Mg,https://api.mybihr.com/medias/1109913-2-800Wx800H?context=bWFzdGVyfHJvb3R8MzMyNTF8aW1hZ2UvanBlZ3xhRFU0TDJobFpDOHhOVEUwTURnek1EUXhNamd6TUM4eE1UQTVPVEV6TFRKZk9EQXdWM2c0TURCSXxhYzQ4MGQxOGRjMGFlZjI4Y2I5MDE2NTc2YzgxMDAyYjVlMmU4M2NiNjhmNzMyMzIxMGU3NWY0ZTkyYTUyM2Mw,https://api.mybihr.com/medias/1109913-3-800Wx800H?context=bWFzdGVyfHJvb3R8MjgwNzV8aW1hZ2UvanBlZ3xhR05oTDJoa1ppOHhOVEUwTURnek1EZ3dOakEwTmk4eE1UQTVPVEV6TFROZk9EQXdWM2c0TURCSXw1OTdkNWNhN2QwMjU3YThmMjc1MDFhMTUwMDYzYjU3YmVmM2IyNWJjYjk1NDY0N2RlYTMyNTA2NDg5NWIyYWU5,https://api.mybihr.com/medias/1109913-4-800Wx800H?context=bWFzdGVyfHJvb3R8NzU5MTV8aW1hZ2UvanBlZ3xhR1V4TDJnNFl5OHhOVEUwTURnek1URTVPVEkyTWk4eE1UQTVPVEV6TFRSZk9EQXdWM2c0TURCSXxkOTc0MTMyNTdiMjgxZDM4MGNlZWU4NTY3YzQ0Mzc2MmE3M2UzN2ZiOTJmYzE1ZmRmNzA3NmI4M2ZlNTA3MDQ4,https://static.bihr.pro/eBihr/Pictures/ALGIS-pictures.zip,Spain Warehouse (Parts)
1109904,1109904,BK.G03.003,ALGIS,ALGIS GLOSS FRAME GUARD KIT L LINES BLK,Kit adhesivos protectores cuadro ALGIS brillo L LINES negro,37.50,30.99,14.00,8051884206028,4,3919908000,0,1,"<p>Los protectores adhesivos Algis para cuadros de bicicletas est&aacute;n hechos de pl&aacute;stico blando con un elevado grosor de 0,4 mm.</p><p>El adhesivo utilizado es muy fuerte y evita que los protectores se despeguen con el tiempo.</p><p>Los protectores adhesivos para cuadros Algis ya est&aacute;n cortados con una forma que cubre la mayor parte de la superficie del cuadro.</p><p>Para seguir mejor la forma de su bicicleta, tambi&eacute;n pueden recortarse con tijeras o un simple c&uacute;ter.</p><p>&nbsp;</p><p><strong>Detalles:</strong></p><p>&nbsp;</p><p>Todos nuestros protectores est&aacute;n disponibles con 3 tipos diferentes de acabado:</p><p>1 - Brillante - El material es liso y brillante</p><p>2 - Opaco - El material es liso Opaco</p><p>3 - Textura - El material tiene relieve con efecto de panal.</p><p>&nbsp;</p><p><strong>Gu&iacute;a de instalaci&oacute;n:</strong></p><p>&nbsp;</p><p><video controls=""controls"" width=""100%"" height=""300""><source src=""https://vid.cdn-website.com/5377c87e/videos/VK8jZ2lSiiCrhWpD6nBw_ALGIS+BIKE-v.mp4"" type=""video/mp4""></video></p>","
Los protectores adhesivos Algis para cuadros de bicicletas están hechos de plástico blando con un elevado grosor de 0,4 mm.
El adhesivo utilizado es muy fuerte y evita que los protectores se despeguen con el tiempo.
Los protectores adhesivos para cuadros Algis ya están cortados con una forma que cubre la mayor parte de la superficie del cuadro.
Para seguir mejor la forma de su bicicleta, también pueden recortarse con tijeras o un simple cúter.
 
Detalles:
 
Todos nuestros protectores están disponibles con 3 tipos diferentes de acabado:
1 - Brillante - El material es liso y brillante
2 - Opaco - El material es liso Opaco
3 - Textura - El material tiene relieve con efecto de panal.
 
Guía de instalación:
 
",VEHICLE PARTS & ACCESSORIES,BICYCLE PARTS & ACCESSORIES,BICYCLE PARTS,408,190,230,355,5,https://api.mybihr.com/medias/1109904-1-800Wx800H?context=bWFzdGVyfHJvb3R8OTcxNDh8aW1hZ2UvanBlZ3xhRGc0TDJneFlTOHhNekE0TnpZMk1Ua3hOakU1TUM4eE1UQTVPVEEwTFRGZk9EQXdWM2c0TURCSXw4YWM2ODBjZDRlYTQ0OGFiOTkwZDAxMjIwYjBlNTJiN2VlZjgyNmQyMjc5MmU3MDJmMDhkZmI4MDcyYTdhYTQ3,https://api.mybihr.com/medias/1109904-2-800Wx800H?context=bWFzdGVyfHJvb3R8NDEyMTB8aW1hZ2UvanBlZ3xhRFJtTDJneU1pOHhOVEUwTURZNE9EVXlOek01TUM4eE1UQTVPVEEwTFRKZk9EQXdWM2c0TURCSXw4NDhmMWY4MmFhMzE4MDNmMTZlOTU1OGQ5YjM5ZTllOGE5MjEzOGI3ZWQ3MTZlNmUzMjM3ZjA3MDlmMzE4NjA0,https://api.mybihr.com/medias/1109904-3-800Wx800H?context=bWFzdGVyfHJvb3R8Mjg1MDF8aW1hZ2UvanBlZ3xhR1ZtTDJneVppOHhOVEUwTURZNE9Ea3lNRFl3Tmk4eE1UQTVPVEEwTFROZk9EQXdWM2c0TURCSXw0MjgwYjU3MDc5MzBiMWE4N2U0OGFlODMyMzExNTdjMjBkZWVjMmFiODkyZGFkNzM2NDdkZjUyYWI3N2Q2Y2U3,https://api.mybihr.com/medias/1109904-4-800Wx800H?context=bWFzdGVyfHJvb3R8NzcwODF8aW1hZ2UvanBlZ3xhREk0TDJnNE5TOHhOVEUwTURZNE9UTXhNemd5TWk4eE1UQTVPVEEwTFRSZk9EQXdWM2c0TURCSXxhNzBkZWUwMGRhNDA0ZWQ4Y2ExYWEyZGM5MzZhMjJkNDc0MzBmNzJmNWFiN2ZmMGIxOWRlMDM1MjRlY2QzZDgw,https://static.bihr.pro/eBihr/Pictures/ALGIS-pictures.zip,Spain Warehouse (Parts)
1109941,1109941,BK.TR2.004,ALGIS,ALGIS TEXTURE RIM STICKERS ARROWS WHT,Adhesivos protectores de llanta ALGIS ARROWS texture blanco,37.50,30.99,6.25,8051884207278,3,3919908000,0,1,"<p>Los protectores adhesivos Algis para cuadros de bicicletas est&aacute;n hechos de pl&aacute;stico blando con un elevado grosor de 0,4 mm.</p><p>El adhesivo utilizado es muy fuerte y evita que los protectores se despeguen con el tiempo.</p><p>Los protectores adhesivos para cuadros Algis ya est&aacute;n cortados con una forma que cubre la mayor parte de la superficie del cuadro.</p><p>Para seguir mejor la forma de su bicicleta, tambi&eacute;n pueden recortarse con tijeras o un simple c&uacute;ter.</p><p>&nbsp;</p><p><strong>Detalles:</strong></p><p>&nbsp;</p><p>Todos nuestros protectores est&aacute;n disponibles con 3 tipos diferentes de acabado:</p><p>1 - Brillante - El material es liso y brillante</p><p>2 - Opaco - El material es liso Opaco</p><p>3 - Textura - El material tiene relieve con efecto de panal.</p><p>&nbsp;</p><p><strong>Gu&iacute;a de instalaci&oacute;n:</strong></p><p>&nbsp;</p><p><video controls=""controls"" width=""100%"" height=""300""><source src=""https://vid.cdn-website.com/5377c87e/videos/VK8jZ2lSiiCrhWpD6nBw_ALGIS+BIKE-v.mp4"" type=""video/mp4""></video></p>","
Los protectores adhesivos Algis para cuadros de bicicletas están hechos de plástico blando con un elevado grosor de 0,4 mm.
El adhesivo utilizado es muy fuerte y evita que los protectores se despeguen con el tiempo.
Los protectores adhesivos para cuadros Algis ya están cortados con una forma que cubre la mayor parte de la superficie del cuadro.
Para seguir mejor la forma de su bicicleta, también pueden recortarse con tijeras o un simple cúter.
 
Detalles:
 
Todos nuestros protectores están disponibles con 3 tipos diferentes de acabado:
1 - Brillante - El material es liso y brillante
2 - Opaco - El material es liso Opaco
3 - Textura - El material tiene relieve con efecto de panal.
 
Guía de instalación:
 
",VEHICLE PARTS & ACCESSORIES,BICYCLE PARTS & ACCESSORIES,BICYCLE PARTS,408,190,230,355,5,https://api.mybihr.com/medias/1109941-1-800Wx800H?context=bWFzdGVyfHJvb3R8ODg3ODd8aW1hZ2UvanBlZ3xhR0l6TDJoaU5TOHhNekE0TnpZM05qUTJOVEU0TWk4eE1UQTVPVFF4TFRGZk9EQXdWM2c0TURCSXwxZmY4Y2FjMzU0YjNjMzA0Nzc5OWE3MzMxNjBlMmQyZWEzM2Q0NjllMjlkMmE5MDJhMTk0NTAzZjkwZWEyY2Ix,https://api.mybihr.com/medias/1109941-2-800Wx800H?context=bWFzdGVyfHJvb3R8NTM4NTd8aW1hZ2UvanBlZ3xhRE5sTDJnMU1pOHhOVEUwTURnMk1qTXlPRGcyTWk4eE1UQTVPVFF4TFRKZk9EQXdWM2c0TURCSXw1MjFiOTJiZDUzZDBlN2ZkMzQzODgxODM0N2Q5NzkyZmM1N2E5MjViZmFmNTAwYzFlYzRhMjFlZGU3YzYzOWMw,https://api.mybihr.com/medias/1109941-3-800Wx800H?context=bWFzdGVyfHJvb3R8Mjg5Njl8aW1hZ2UvanBlZ3xhR1V3TDJnMVppOHhOVEUwTURnMk1qY3lNakEzT0M4eE1UQTVPVFF4TFROZk9EQXdWM2c0TURCSXw3NWJiYzNmNWY2NmJmYmY1MzlmZGY4ODcxODcxNDlkZWJlMDk4YmUxMzE3MDM1ZjZmMGEyNjJkODJhZDc0MDc2,https://api.mybihr.com/medias/1109941-4-800Wx800H?context=bWFzdGVyfHJvb3R8NjkzNTd8aW1hZ2UvanBlZ3xhREU0TDJoaU5TOHhOVEUwTURnMk16RXhOVEk1TkM4eE1UQTVPVFF4TFRSZk9EQXdWM2c0TURCSXw0YjY1MDg4NTVkMjk5NDlkODMwYjk0MzFjMDVhZDY2NWY0YzgwZThiYjY0ODAwNWU1NzRhZmRjOTc1NWI5NWNk,https://static.bihr.pro/eBihr/Pictures/ALGIS-pictures.zip,Spain Warehouse (Parts)
