PartNumber,OldPartNumber,SupplierProductCode,Brand,ProductName,Designation,RetailPriceIncludingTax,RetailPriceExcludingTax,BaseDealerPriceExcludingTax,BarCode,StockValue,CommodityCode,OnDemand,DropShipping,HtmlDescription,Description,Category1,Category2,Category3,Volume (cm³),Weight (g),Length (mm),Width (mm),Height (mm),Picture1,Picture2,Picture3,AllPicturesZIP,DeliveryPlant
1101292,12104,KS-582,EXA FORM,EXAFO K-S SHOCK ABSORBER,Amortiguador Kind Shock 165mm A. bloq.,185.00,152.89,67.00,8430525121041,38,8714109090,0,1,"<p>Amortiguador hidr&aacute;ulico EXA Form 582RL.&nbsp;Para bicicletas dobles, MTB/Trekking/Ciudad.</p><p>&nbsp;</p><p>El amortiguador trasero ExaForm 582RL est&aacute; dise&ntilde;ado para mejorar el rendimiento de la bicicleta cuando la eficiencia y la entrega de potencia a las ruedas es de suma importancia. Este amortiguador inteligente utiliza una palanca de control de bloqueo y rebote dual &uacute;nica. Perite el ajuste en marcha de forma r&aacute;pida y sencilla.</p><p>&nbsp;</p><ul><li>Aluminio 6061, anodizado, con mecanizado CNC.</li><li>Largo: 165 mm.</li><li>Recorrido: 38 mm.</li><li>Peso: 279 gr.</li></ul><p>&nbsp;</p><p><strong>Caracter&iacute;sticas:</strong></p><p>&nbsp;</p><ul><li>AJUSTE DE PRECARGA MEDIANTE V&Aacute;LVULA DE AIRE/ACEITE + BLOQUEO TOTAL</li><li>V&Aacute;LVULA DE AIRE PARA PRESI&Oacute;N PRINCIPAL</li><li>V&Aacute;LVULA DE AIRE PARA FUNCI&Oacute;N ANTI SALTO (PRESI&Oacute;N NEGATIVA)</li><li>CONTROL DUAL: REGULACI&Oacute;N TOTAL DEL REBOTE (10 CLICS) + BLOQUEO TOTAL</li></ul>","
Amortiguador hidráulico EXA Form 582RL. Para bicicletas dobles, MTB/Trekking/Ciudad.
 
El amortiguador trasero ExaForm 582RL está diseñado para mejorar el rendimiento de la bicicleta cuando la eficiencia y la entrega de potencia a las ruedas es de suma importancia. Este amortiguador inteligente utiliza una palanca de control de bloqueo y rebote dual única. Perite el ajuste en marcha de forma rápida y sencilla.
 Aluminio 6061, anodizado, con mecanizado CNC.Largo: 165 mm.Recorrido: 38 mm.Peso: 279 gr.
 
Características:
 AJUSTE DE PRECARGA MEDIANTE VÁLVULA DE AIRE/ACEITE + BLOQUEO TOTALVÁLVULA DE AIRE PARA PRESIÓN PRINCIPALVÁLVULA DE AIRE PARA FUNCIÓN ANTI SALTO (PRESIÓN NEGATIVA)CONTROL DUAL: REGULACIÓN TOTAL DEL REBOTE (10 CLICS) + BLOQUEO TOTAL",VEHICLE PARTS & ACCESSORIES,BICYCLE PARTS & ACCESSORIES,BICYCLE PARTS,2329,485,221,124,85,https://api.mybihr.com/medias/1101292-1-800Wx800H?context=bWFzdGVyfHJvb3R8Njk0OTZ8aW1hZ2UvanBlZ3xhRFZoTDJoa09DOHhNRFV3TWpneE16azBNVGM1TUM4eE1UQXhNamt5TFRGZk9EQXdWM2c0TURCSXwwMzFlNDFhNGQ0NmZkMDQ2MTAwOGYyNzA4M2JhNDE4ZjA1YTIxM2M1NjhjN2ZkNjQ2OGNkZmQ1OGY4NmYzNDhl,https://api.mybihr.com/medias/1101292-2-800Wx800H?context=bWFzdGVyfHJvb3R8NjgxMDN8aW1hZ2UvanBlZ3xhRE5qTDJoa09TOHhNRFV3TWpneE5ERXpPRE01T0M4eE1UQXhNamt5TFRKZk9EQXdWM2c0TURCSXw2NmUyNmE0NWVhMGI0ZTQ3NTEzZGMwNmYwZTk5NzMyYjBmNDIzZDUxNjc4OWRhNzViMzc5ZTk1ZmFlNDI0MTU1,https://api.mybihr.com/medias/1101292-3-800Wx800H?context=bWFzdGVyfHJvb3R8NzkwMDF8aW1hZ2UvanBlZ3xhRGt3TDJoalpTOHhNRFV4TnpZeU5UUTNNVEF3Tmk4eE1UQXhNamt5TFROZk9EQXdWM2c0TURCSXxhODNkZGE2YmRiOTlkOGYzNjU2NTM2MGI1MDUwMjEwYjlmOGM0ZWFkMmUxNjQ0YzRhNGEzZGU4MGYyNzU1Yzll,https://static.bihr.pro/eBihr/Pictures/EXA_FORM-pictures.zip,Spain Warehouse (Parts)
1101419,45-150,A5-RE,EXA FORM,EXAFO SHOCK ABSORBER R/AIR 150MM,Amortiguador r/aire 150mm,72.50,59.92,22.00,8430525085015,47,8714999089,0,1,"<p>Amortiguador neum&aacute;tico EXA Form A5-RE.&nbsp;Para bicicletas dobles, MTB/Trekking/Ciudad.</p><p>&nbsp;</p><p>El A5-RE ofrece una construcci&oacute;n resistente y ajuste de resorte mediante la c&aacute;mara de aire principal, Es el amortiguador trasero m&aacute;s ligero de la gama. El uso de aire como medio de resorte ofrece una excelente capacidad de sintonizaci&oacute;n sin sacrificar el peso. La precarga se puede ajustar infinitamente ajustando la presi&oacute;n en la c&aacute;mara de aire principal tambi&eacute;n. Un amortiguador trasero simple, ultra confiable e incre&iacute;blemente ligero.</p><p>&nbsp;</p><p><strong>Caracter&iacute;sticas:</strong></p><p>&nbsp;</p><ul><li>Ajuste de precarga mediante v&aacute;lvula de aire.</li><li>Aluminio anodizado, con mecanizado CNC.</li><li>Largo: 150 mm. / Recorrido: 30 mm. / Peso: 146gr.</li></ul>","
Amortiguador neumático EXA Form A5-RE. Para bicicletas dobles, MTB/Trekking/Ciudad.
 
El A5-RE ofrece una construcción resistente y ajuste de resorte mediante la cámara de aire principal, Es el amortiguador trasero más ligero de la gama. El uso de aire como medio de resorte ofrece una excelente capacidad de sintonización sin sacrificar el peso. La precarga se puede ajustar infinitamente ajustando la presión en la cámara de aire principal también. Un amortiguador trasero simple, ultra confiable e increíblemente ligero.
 
Características:
 Ajuste de precarga mediante válvula de aire.Aluminio anodizado, con mecanizado CNC.Largo: 150 mm. / Recorrido: 30 mm. / Peso: 146gr.",VEHICLE PARTS & ACCESSORIES,BICYCLE PARTS & ACCESSORIES,BICYCLE PARTS,655,213,175,68,55,https://api.mybihr.com/medias/1101419-1-800Wx800H?context=bWFzdGVyfHJvb3R8MjEyNTJ8aW1hZ2UvanBlZ3xhRGcwTDJoak1pOHhNVFF4TlRBME9EZzRNREUxT0M4eE1UQXhOREU1TFRGZk9EQXdWM2c0TURCSXwxOTE1NWJjNDRmMTJlNmNkOTU5NmRmYmNmMjgwOGZmYWYyZmM2M2E4YjZjOWYyZjMzMzVjMmZjZmQwMmZkYWM2,,,https://static.bihr.pro/eBihr/Pictures/EXA_FORM-pictures.zip,Spain Warehouse (Parts)
1101420,45-165,A-TWO,EXA FORM,EXAFO SHOCK ABSORBER R/AIR 165MM,Amortiguador r/aire 165mm,68.99,57.02,37.06,8430525085008,27,8714999089,0,1,"<p>Amortiguador neum&aacute;tico EXA Form A5-RE.&nbsp;Para bicicletas dobles, MTB/Trekking/Ciudad.</p><p>&nbsp;</p><p>El A5-RE ofrece una construcci&oacute;n resistente y ajuste de resorte mediante la c&aacute;mara de aire principal, Es el amortiguador trasero m&aacute;s ligero de la gama. El uso de aire como medio de resorte ofrece una excelente capacidad de sintonizaci&oacute;n sin sacrificar el peso. La precarga se puede ajustar infinitamente ajustando la presi&oacute;n en la c&aacute;mara de aire principal tambi&eacute;n. Un amortiguador trasero simple, ultra confiable e incre&iacute;blemente ligero.</p><p>&nbsp;</p><p><strong> Caracter&iacute;sticas:</strong></p><p>&nbsp;</p><ul><li>Ajuste de precarga mediante v&aacute;lvula de aire.</li><li>Aluminio anodizado, con mecanizado CNC.</li><li>Largo: 165 mm. / Recorrido: 40 mm. / Peso: 160gr.</li></ul>","
Amortiguador neumático EXA Form A5-RE. Para bicicletas dobles, MTB/Trekking/Ciudad.
 
El A5-RE ofrece una construcción resistente y ajuste de resorte mediante la cámara de aire principal, Es el amortiguador trasero más ligero de la gama. El uso de aire como medio de resorte ofrece una excelente capacidad de sintonización sin sacrificar el peso. La precarga se puede ajustar infinitamente ajustando la presión en la cámara de aire principal también. Un amortiguador trasero simple, ultra confiable e increíblemente ligero.
 
 Características:
 Ajuste de precarga mediante válvula de aire.Aluminio anodizado, con mecanizado CNC.Largo: 165 mm. / Recorrido: 40 mm. / Peso: 160gr.",VEHICLE PARTS & ACCESSORIES,BICYCLE PARTS & ACCESSORIES,BICYCLE PARTS,413,216,183,48,47,https://api.mybihr.com/medias/1101420-1-800Wx800H?context=bWFzdGVyfHJvb3R8NDAyNDl8aW1hZ2UvanBlZ3xhREU1TDJoak5DOHhNRFV4TnpZeU5qVTROVEV4T0M4eE1UQXhOREl3TFRGZk9EQXdWM2c0TURCSXxmMTRmYjliNThkZGIwOThlNmZhMjQzZTgwMDU5ODU2NDU5NDdmYmFjY2E5ZmE5NTY3YTI0MzkzMGJlZDg0MjM4,,,https://static.bihr.pro/eBihr/Pictures/EXA_FORM-pictures.zip,Spain Warehouse (Parts)
1101361,39-165,KS-260-165,EXA FORM,EXAFO MTB CENTRAL SHOCK ABSORBER. 165MM,Amortiguador mecánico bicicleta Trekking / Ciudad 165/38mm,15.50,12.81,5.00,8430525037946,232,8714999089,0,1,"<p>Amortiguador mec&aacute;nico EXA Form K-Speed 260.&nbsp;Para bicicletas dobles, MTB/Trekking/Ciudad.</p><p>&nbsp;</p><p>La serie de amortiguadores EXA Form 260 de muelle convencional incluyen muchas caracter&iacute;sticas que se encuentran en los amortiguadores de alta gama. Equipados con un resorte helicoidal con precarga regulable a rosca. Esta gama de EXA Form es una mejora perfecta y econ&oacute;mica para cualquier bicicleta todoterreno o juvenil para cilcistas amateur.</p><p>&nbsp;</p><p><strong>Caracter&iacute;sticas:</strong></p><p>&nbsp;</p><ul><li>Ajuste de precarga del muelle a rosca.</li><li>Cuerpo Aluminio, muelle de acero.</li><li>Largo: 165 mm. / Recorrido: 38 mm.</li></ul>","
Amortiguador mecánico EXA Form K-Speed 260. Para bicicletas dobles, MTB/Trekking/Ciudad.
 
La serie de amortiguadores EXA Form 260 de muelle convencional incluyen muchas características que se encuentran en los amortiguadores de alta gama. Equipados con un resorte helicoidal con precarga regulable a rosca. Esta gama de EXA Form es una mejora perfecta y económica para cualquier bicicleta todoterreno o juvenil para cilcistas amateur.
 
Características:
 Ajuste de precarga del muelle a rosca.Cuerpo Aluminio, muelle de acero.Largo: 165 mm. / Recorrido: 38 mm.",VEHICLE PARTS & ACCESSORIES,BICYCLE PARTS & ACCESSORIES,BICYCLE PARTS,353,490,187,45,42,https://api.mybihr.com/medias/1101361-1-800Wx800H?context=bWFzdGVyfHJvb3R8NzcwNTF8aW1hZ2UvanBlZ3xhRFkzTDJoa05TOHhNRFV4TnpZeU5qQTJNRGd6TUM4eE1UQXhNell4TFRGZk9EQXdWM2c0TURCSXw2MDQwYmEzYjM5YWE0YzFkOWE5ZGZjNDUzZWFjYjNhMGJkMDRlYWVkNzdhZTNlMzU3M2FlMzg0MzZiMWNiNzcx,,,https://static.bihr.pro/eBihr/Pictures/EXA_FORM-pictures.zip,Spain Warehouse (Parts)
