PartNumber,OldPartNumber,SupplierProductCode,Brand,ProductName,Designation,RetailPriceIncludingTax,RetailPriceExcludingTax,BaseDealerPriceExcludingTax,BarCode,StockValue,CommodityCode,OnDemand,DropShipping,HtmlDescription,Description,Category1,Category2,Category3,Volume (cm³),Weight (g),Length (mm),Width (mm),Height (mm),Capacidad (Ah),Color,Longitud (cm),Potencia máxima (lúmenes),Tipo de boquilla,Tipo de conexión,Tipo de luz,Picture1,Picture2,Picture3,AllPicturesZIP,Document1,Document2,Document3,DeliveryPlant
1050319,893055,AM85/8,ZECA,ZECA AIR HOSE REEL 16M,Enrollador de manguera ZECA 16m,281.18,232.38,185.90,8057685920255,1,8479899790,0,1,"<html>	<head>		<meta http-equiv=Content-Type content=text/html charset=utf-8""""""""""""""""><title>		</title>		<style type=text/css>.cs95E872D0{text-align:leftmargin:0pt 0pt 0pt 0pt}.csA7555675{color:#000background-color:transparentfont-weight:normalfont-style:normal}.cs4FC7BF42{text-align:leftmargin:0pt 0pt 0pt 0ptlist-style-type:disccolor:#000""""background-color:transparentfont-weight:normalfont-style:normal}</style>	</head>	<body>		<p>Air hose reel with ratchet stop device.</p><p> </p><ul>			<li>Øint. x Øext.: 8 x 12mm</li><li>Tips: crimped fitting 1/4"""""""""""""""""""""""""""""""" male</li><li>Max pressure: 15bars</li><li>Wall mount with 180 ° rotation</li></ul>	</body></html>""""""""""""""""""","											Air hose reel with ratchet stop device. 			Øint. x Øext.: 8 x 12mmTips: crimped fitting 1/4"""""""""""""""""""""""""""""""" maleMax pressure: 15barsWall mount with 180 ° rotation	""""""""""""""""""",TOOLING & WS,WS,WS. COMPRESSED AIR,58321,7473,509,439,261,,,,,,1/4'' macho,,https://api.mybihr.com/medias/800Wx800H-1050319-1.jpg?context=bWFzdGVyfHJvb3R8MzA0MTY4fGltYWdlL2pwZWd8YURWaEwyaG1aQzh6TkRFMU9UUTNPRFV3TlRVd01pODRNREJYZURnd01FaGZNVEExTURNeE9TMHhMbXB3Wnd8YWEyY2JkYmQ4OWJjMGE3MjRkZTgzNzQ3MjgyNmRjNDgzNmUzMzg1ODA0ZTk3YTE0MmY4ZDhjNmU3NGU5ZjUzNA,https://api.mybihr.com/medias/800Wx800H-1050319-2.jpg?context=bWFzdGVyfHJvb3R8MzU0MTcxfGltYWdlL2pwZWd8YUdSakwyaG1OUzh6TkRFMU9UUTNPRGMyTnpZME5pODRNREJYZURnd01FaGZNVEExTURNeE9TMHlMbXB3Wnd8YzRkY2JhNzY1MTdhMjYwMTcyM2NmMDE2MjQ1Njc1NWNkNjgzMmY5MGQyNGJjNThmZjJiMGUzZjFjMjJjMmIyMg,,https://static.bihr.pro/eBihr/Pictures/ZECA-pictures.zip,,,,Spain Warehouse (Parts)
1050321,89109001,KPA040,ZECA,ZECA AIR BLOW GUN,Pistola sopladora de aire ZECA modelo corto,18.78,15.52,12.42,89109001,3,8536619090,0,1,"<p>Short air blow gun with rubber tip.</p><p><u>Technical features :</u></p><ul><li>Removable rubber nozzle</li><li>Maximal pressure : 8 bars</li><li>Operating temperature :  -20°C to +70°C</li><li>Ergonomic design</li><li>Delivered without connection (1/4""F)</li></ul>","
Short air blow gun with rubber tip.
Technical features :Removable rubber nozzleMaximal pressure : 8 barsOperating temperature :  -20°C to +70°CErgonomic designDelivered without connection (1/4""F)",TOOLING & WS,WS,WS. COMPRESSED AIR,401,119,167,96,25,,,,,Corto,1/4'' macho,,https://api.mybihr.com/medias/1050321-1-800Wx800H?context=bWFzdGVyfHJvb3R8NDM2NjB8aW1hZ2UvanBlZ3xhR1JqTDJneVlpODRPVEkzTmpFMU16ZzFOak13THpFd05UQXpNakV0TVY4NE1EQlhlRGd3TUVnfGU4ODJkMGExZmJiY2UxMmQwMmE2MjA4ZjY2MzdmZTU2Yjc2MDIyNWU2YmJhNmU4OGM0YmM0NzY0MzYzNTM4MmU,,,https://static.bihr.pro/eBihr/Pictures/ZECA-pictures.zip,,,,Spain Warehouse (Parts)
1050318,893054,AM80/8,ZECA,ZECA AIR HOSE REEL 10M,Enrollador de manguera ZECA 10m,236.14,195.16,156.13,893054,0,8479899790,0,1,"<html>	<head>		<meta http-equiv=""Content-Type"" content=""text/html; charset=utf-8""><title>		</title>		<style type=""text/css"">.cs95E872D0{text-align:left;margin:0pt 0pt 0pt 0pt;}.csA7555675{color:#000;background-color:transparent;font-weight:normal;font-style:normal;}.cs4FC7BF42{text-align:left;margin:0pt 0pt 0pt 0pt;list-style-type:disc;color:#000;background-color:transparent;font-weight:normal;font-style:normal;}.cs5CD66E5E{text-align:left;margin:0pt 0pt 0pt 0pt;list-style-type:disc;color:#000;background-color:transparent;font-weight:bold;font-style:normal;}</style>	</head>	<body>		<p>Air hose reel with ratchet stop device.</p><p> </p><ul>			<li>Øint. x Øext.: 8 x 12mm</li><li>Tips: crimped fitting 1/4"" male</li><li>Max pressure: 15bars</li><li>Wall mount with 180 ° rotation</li></ul>	</body></html>","											Air hose reel with ratchet stop device. 			Øint. x Øext.: 8 x 12mmTips: crimped fitting 1/4"" maleMax pressure: 15barsWall mount with 180 ° rotation	",TOOLING & WS,WS,WS. COMPRESSED AIR,30399,4195,398,335,228,,,,,,,,https://api.mybihr.com/medias/1050318-1-800Wx800H?context=bWFzdGVyfHJvb3R8MTE3Mjk4fGltYWdlL2pwZWd8YURBeEwyaGxaQzg0T1RJME9EYzBOekF5T0RjNEx6RXdOVEF6TVRndE1WODRNREJYZURnd01FZ3xlODZhOTQ3NjE4MGI3M2EwNTMyZjFhMTQyN2I1NTFhMjc4ZGRhYTM1YWNlZDNhZjA1MzBiZjNmZGM4ZGUyZjdk,,,https://static.bihr.pro/eBihr/Pictures/ZECA-pictures.zip,,,,Spain Warehouse (Parts)
1114552,,AM85/10,ZECA,ZECA HOSE REEL,Enrollador de manguera de aire ZECA 16m,249.03,205.81,164.65,8057685920248,3,8424908080,0,1,"<p>Carrete de manguera de aire con dispositivo autom&aacute;tico para detener el tubo a la longitud deseada.</p>
<ul>
	<li>&Oslash; 10mm</li>
	<li>Puntas: racor engarzado 3/8&quot; macho</li>
	<li>Presi&oacute;n m&aacute;xima: 15 bares</li>
	<li>Montaje en la pared con rotaci&oacute;n de 180&deg;.</li>
</ul>

<p>Caracter&iacute;sticas</p>

<ul>
	<li>Carcasa de tecnopol&iacute;mero.</li>
	<li>Completo con soporte de pivote.</li>
	<li>Provisto de dispositivo autom&aacute;tico para detener el tubo a la longitud deseada,</li>
	<li>F&aacute;cilmente desmontable si se requiere una tracci&oacute;n constante.</li>
	<li>Adecuado para la transmisi&oacute;n de aire.</li>
</ul>
","
Carrete de manguera de aire con dispositivo automático para detener el tubo a la longitud deseada.

	Ø 10mm
	Puntas: racor engarzado 3/8"" macho
	Presión máxima: 15 bares
	Montaje en la pared con rotación de 180°.



Características


	Carcasa de tecnopolímero.
	Completo con soporte de pivote.
	Provisto de dispositivo automático para detener el tubo a la longitud deseada,
	Fácilmente desmontable si se requiere una tracción constante.
	Adecuado para la transmisión de aire.

",TOOLING & WS,WS,WS. COMPRESSED AIR,60356,7373,520,438,265,,,,,,3/8'' macho,,https://api.mybihr.com/medias/1114552-1-800Wx800H?context=bWFzdGVyfHJvb3R8NTE0MzJ8aW1hZ2UvanBlZ3xhRGc1TDJnNU1pOHhORGs0TVRNM09UUTFOekExTkM4eE1URTBOVFV5TFRGZk9EQXdWM2c0TURCSXwwMTg4Zjc0MzI3YTg5MmY3NWY3NTZiNGNkZTA4YjIzMDY3ZjkzNTgwYTcxMmNmYTMyZGI1MzdmYWE1Zjk0NTg1,,,https://static.bihr.pro/eBihr/Pictures/ZECA-pictures.zip,,,,Spain Warehouse (Parts)
1050607,892395,4315/GS 3,ZECA,ZECA CABLE REEL 15M,Enrollador para cable eléctrico ZECA 15m,357.33,295.31,236.25,8057685924604,0,8479899790,0,1,"<html>	<head>		<meta http-equiv=Content-Type content=text/html charset=utf-8""""""""""""""""><title>		</title>		<style type=text/css>.cs95E872D0{text-align:leftmargin:0pt 0pt 0pt 0pt}.csA7555675{color:#000background-color:transparentfont-weight:normalfont-style:normal}.cs4FC7BF42{text-align:leftmargin:0pt 0pt 0pt 0ptlist-style-type:disccolor:#000""""background-color:transparentfont-weight:normalfont-style:normal}</style>	</head>	<body>		<p>Automatic cable reel delivered complete with 1 electrical power outlet (220V)</p><p> </p><ul>			<li>Conductors section: 1,5mm²</li><li>Maximum voltage: 500V</li><li>Wall mount with 180° rotation</li></ul>	</body></html>""""""""""""""""""","											Automatic cable reel delivered complete with 1 electrical power outlet (220V) 			Conductors section: 1,5mm²Maximum voltage: 500VWall mount with 180° rotation	""""""""""""""""""",TOOLING & WS,WS,WS. FURNITURE,21237,5133,364,312,187,,,,,,,,https://api.mybihr.com/medias/1050607-2-800Wx800H?context=bWFzdGVyfHJvb3R8MTUwOTIwfGltYWdlL2pwZWd8YURJeUwyZzVaQzg0T1RBeU1qUTVNVFV5TlRReUx6RXdOVEEyTURjdE1sODRNREJYZURnd01FZ3wyMGVkMzcyYzgzNmQ3MmFiZmZkMDY5NzY5ZDUxMDUwNWY2NGU1YjQ1MzI2YzZkNWE1Mzg2MDMyMzlmYWZhMDI0,https://api.mybihr.com/medias/1050607-3-800Wx800H?context=bWFzdGVyfHJvb3R8ODAwOTN8aW1hZ2UvanBlZ3xhRFkxTDJnNU5pODRPVEF5TWpRNU16UTVNVFV3THpFd05UQTJNRGN0TTE4NE1EQlhlRGd3TUVnfDhmZDk2ZjcwMjdiNzhkMTExZDcwZTdlZWQwM2FlNmFhNTI4MDgzYmVlZTVkYzFmMjdjOTcwOTk2MjIxNjcwODg,https://api.mybihr.com/medias/1050607-4-800Wx800H?context=bWFzdGVyfHJvb3R8ODAwOTN8aW1hZ2UvanBlZ3xhRGsxTDJnNFppODRPVEF5TWpRNU5UUTFOelU0THpFd05UQTJNRGN0TkY4NE1EQlhlRGd3TUVnfGYxYTU0MmEzMGU1ZDU4ZjFlMTk5MDE5OTJmMWEyZDZhMTAxNzU1ZDZiZWFmYjEzMDIyNTk2Y2M4YTllMzcwYzk,https://static.bihr.pro/eBihr/Pictures/ZECA-pictures.zip,https://api.mybihr.com/medias/892395.pdf?context=bWFzdGVyfGRvY3VtZW50c3w1NjM3MjR8YXBwbGljYXRpb24vcGRmfGFHWm1MMmcwTlM4NU5qTTBOVFkyTkRNNE9UUXlMemc1TWpNNU5RfDQ1M2I0MWUyMGJhZjA1NGViMGRmMWVkNDQ1ZjUyODYxZjk4YWVjYjUzMTI2MWM1YTU4ZDg2NzRjZDk0ZjA4NzM,,,Spain Warehouse (Parts)
1050381,50800001,8442,ZECA,ZECA HOSE REEL OIL&WATER 15M,Carrete de manguera de aceite y agua ZECA 15m,480.22,396.88,257.97,8057685929975,1,8479899790,0,1,"<p>Oil or Water Hose Reel up to 200 bar.&nbsp;It is possible to use it with oil or with water but not to switch from one to the other.</p>
<p>&nbsp;</p>
<ul>
	<li>Black Hose of 15 meters, EN 857 1SC compliant</li>
	<li>3/8"" female coupling</li>
	<li>Accepted fluid temp. : -20° à +150° C</li>
	<li>Adjustable mount</li>
	<li>Automatic stop system, allowing you to have the hose at the desired length</li>
	<li>Powdercoated Steel reel, ABS rollers</li>
	<li>Dimensions of 550x505x270 mm</li>
	<li>Weight of 10 Kg</li>
	<li>Atex 94/9/CE II 2GD c IIB T4 T135°C compliant</li>
</ul>

<p>&nbsp;</p>

<p>&nbsp;</p>","
Oil or Water Hose Reel up to 200 bar. It is possible to use it with oil or with water but not to switch from one to the other.

 

	Black Hose of 15 meters, EN 857 1SC compliant
	3/8"" female coupling
	Accepted fluid temp. : -20° à +150° C
	Adjustable mount
	Automatic stop system, allowing you to have the hose at the desired length
	Powdercoated Steel reel, ABS rollers
	Dimensions of 550x505x270 mm
	Weight of 10 Kg
	Atex 94/9/CE II 2GD c IIB T4 T135°C compliant



 


 ",TOOLING & WS,WS,WS. FLUID DISTRIB.,86769,15374,567,517,296,,,,,,,,https://api.mybihr.com/medias/1050381-1-800Wx800H?context=bWFzdGVyfHJvb3R8NDA0Njd8aW1hZ2UvanBlZ3xhR0kzTDJoaFlpODRPVEkwT0RjMU5qZzFPVEU0THpFd05UQXpPREV0TVY4NE1EQlhlRGd3TUVnfGRlYzIyMWIxZTg2ZGM5NTc0Zjk3Y2QzODM3MjhjMzY0MWE4MmQ2ZjhkZGYwYzkyZmM3MzI0YzkyMWJlMTI5ODE,,,https://static.bihr.pro/eBihr/Pictures/ZECA-pictures.zip,,,,Spain Warehouse (Parts)
1052332,893052,KM041,ZECA,ZECA CLAMP METER 1 MA - 80 A,Amperímetro con pinza ZECA 80A,224.99,185.94,148.75,8057685920521,0,9030337000,0,1,"<html>	<head>		<meta http-equiv=Content-Type content=text/html charset=utf-8""""""""""""""""><title>		</title>		<style type=text/css>.cs95E872D0{text-align:leftmargin:0pt 0pt 0pt 0pt}.csA7555675{color:#000background-color:transparentfont-weight:normalfont-style:normal}.cs4FC7BF42{text-align:leftmargin:0pt 0pt 0pt 0ptlist-style-type:disccolor:#000""""background-color:transparentfont-weight:normalfont-style:normal}</style>	</head>	<body>		<p>Standard clamp meter with digital display and light system.</p><p> </p><ul>			<li>Ammeter: AC/DC 1 mA to 80A</li></ul>	</body></html>""""""""""""""""""","											Standard clamp meter with digital display and light system. 			Ammeter: AC/DC 1 mA to 80A	""""""""""""""""""",TOOLING & WS,TOOLING,TOOLING POWER,590,231,172,73,47,,,,,,,,https://api.mybihr.com/medias/1052332-1-800Wx800H?context=bWFzdGVyfHJvb3R8MjkyODl8aW1hZ2UvanBlZ3xhRFl4TDJobU9DODRPVEF5TXpJNU9Ua3hNVGs0THpFd05USXpNekl0TVY4NE1EQlhlRGd3TUVnfDEyMDZhYzcwNWMyYTAxODFhMjI3ZDQzNzQ5MTAwOWZhMzJmYTllZmY4ZDg0ZjVhNTYyM2M1NTg1YTEzMGU2MWM,,,https://static.bihr.pro/eBihr/Pictures/ZECA-pictures.zip,,,,Spain Warehouse (Parts)
1052328,51600005,KFL120,ZECA,ZECA FLOODLIGHT 3000-1500 LUX,Lámpara de taller LED recargable ZECA 3000-1500 Lux,228.69,189.00,122.85,8053251193412,2,8513100000,0,1,"<html> <head> <meta http-equiv=""Content-Type"" content=""text/html; charset=utf-8""><title> </title> <style type=""text/css"">.cs4FC7BF42{text-align:left;margin:0pt 0pt 0pt 0pt;list-style-type:disc;color:#000;background-color:transparent;font-weight:normal;font-style:normal;}.csA7555675{color:#000;background-color:transparent;font-weight:normal;font-style:normal;}.cs95E872D0{text-align:left;margin:0pt 0pt 0pt 0pt;}.csC57700C4{color:#000;background-color:transparent;font-weight:bold;font-style:normal;}</style> </head> <body> <ul> <li><a id=""_DX_FRAG_STARTFRAGMENT""></a>Light and powerful</li><li>Up to 6 hours of autonomy in energy saving mode</li><li>Protection grade IP54</li><li>Equipped with powerbank to recharge mobile devices<a id=""_DX_FRAG_ENDFRAGMENT""></a></li></ul> <p> </p><p>Light power :</p><ul> <li>3000 in normal use (3h autonomy)</li><li>1000 in energy saving (6h autonomy)</li></ul> </body> </html>","        Light and powerfulUp to 6 hours of autonomy in energy saving modeProtection grade IP54Equipped with powerbank to recharge mobile devices  Light power : 3000 in normal use (3h autonomy)1000 in energy saving (6h autonomy)  ",TOOLING & WS,TOOLING,TOOLING POWER,6236,1596,298,225,93,,,,,,,,https://api.mybihr.com/medias/1052328-1-800Wx800H?context=bWFzdGVyfHJvb3R8NTY3MzV8aW1hZ2UvanBlZ3xhRGc1TDJoak5DODRPVFV6T1RNd056UXpPRE00THpFd05USXpNamd0TVY4NE1EQlhlRGd3TUVnfDUyZDIzNGFhNGFhNmJlZGM5ZDM0MGNlY2U5MTMwYjY5YWU1NzQ1OTY2YWY1ZmU3OWMxNzAxOWQ0MDkzZDc4MTc,https://api.mybihr.com/medias/1052328-2-800Wx800H?context=bWFzdGVyfHJvb3R8NDM3NjR8aW1hZ2UvanBlZ3xhRFZoTDJoallpODRPVFV6T1RNd09UUXdORFEyTHpFd05USXpNamd0TWw4NE1EQlhlRGd3TUVnfDNlMDNiN2I1NmEzODEyYzIzMDg3MDUyOTZlZmRmMjU5MDhlYWQyNmU2YmQ2ZmVlNDY3MjlmMjcxM2JmMTAwNmE,,https://static.bihr.pro/eBihr/Pictures/ZECA-pictures.zip,https://api.mybihr.com/medias/KFL120.pdf?context=bWFzdGVyfGRvY3VtZW50c3w5NTY1MTR8YXBwbGljYXRpb24vcGRmfGFHUTNMMmd4WkM4NU1EUXpPRFUyT0RFNE1qQTJMMHRHVERFeU1BfGJlN2Q1NzZjMDQ3N2IwYTE5NjBhMmViODJkMjNhOTdjODNlODc5NjI2NTk2OWNlMzMzYzllOTg2Nzk0MzNmYjc,,,Spain Warehouse (Parts)
1052323,893057,KB110,ZECA,ZECA LAMP 26 LED - 750 LUX,Linterna taller led recargable ZECA 750 Lux,87.23,72.09,57.67,8057685928800,1,8513100000,0,1,"<html>	<head>		<meta http-equiv=Content-Type content=text/html charset=utf-8""""""""""""""""><title>		</title>		<style type=text/css>.cs95E872D0{text-align:leftmargin:0pt 0pt 0pt 0pt}.csA7555675{color:#000background-color:transparentfont-weight:normalfont-style:normal}.cs4FC7BF42{text-align:leftmargin:0pt 0pt 0pt 0ptlist-style-type:disccolor:#000""""background-color:transparentfont-weight:normalfont-style:normal}</style>	</head>	<body>		<p>Inspection lamp with 26 LED equipped with swivel handle, magnetic base and hooks.</p><p> </p><ul>			<li>Light intensity: 750lux at 50cm</li><li>Autonomy: 15h (4 LED) & 4h (4 LED)</li><li>Charging time: 2.5h</li><li>Supplied with 2 chargers (240V & 12/24V)</li></ul>	</body></html>""""""""""""""""""","											Inspection lamp with 26 LED equipped with swivel handle, magnetic base and hooks. 			Light intensity: 750lux at 50cmAutonomy: 15h (4 LED) & 4h (4 LED)Charging time: 2.5hSupplied with 2 chargers (240V & 12/24V)	""""""""""""""""""",TOOLING & WS,TOOLING,TOOLING POWER,2460,526,177,278,50,,,,,,,,https://api.mybihr.com/medias/1052323-1-800Wx800H?context=bWFzdGVyfHJvb3R8NTU3MTF8aW1hZ2UvanBlZ3xhRGhoTDJnNVlTODRPVE01TlRjM056QTBORGM0THpFd05USXpNak10TVY4NE1EQlhlRGd3TUVnfDczZTEwYjViMzQ5ZjI3YzUwODM3YmViYWNmYjFjZjdjYWU0N2Q1NWJiY2E1YTNhMGM0NzY2YzkxYjJkNjM2ZTc,,,https://static.bihr.pro/eBihr/Pictures/ZECA-pictures.zip,https://api.mybihr.com/medias/CE-KB110.pdf?context=bWFzdGVyfHJvb3R8NTc5Mzh8YXBwbGljYXRpb24vcGRmfGFHTm1MMmd6T1M4eE5UYzNPVFl3TmpBd016YzBNaTlEUlNBdElFdENNVEV3TG5Ca1pnfDUyMWYzZGMxNjNmN2JkYmRmYTIzMjk4MzExZDFkOWI3MGZlNjcyYzQwM2UyMDc0ZDViMjVmMTNjMWQ5NThhZGQ,https://api.mybihr.com/medias/MSDS-1052323.pdf?context=bWFzdGVyfHJvb3R8OTA5OTkzfGFwcGxpY2F0aW9uL3BkZnxhREl3TDJnek9TOHhOVGMzT1RZd05qQTJPVEkzT0M5TlUwUlRMVEV3TlRJek1qTXVjR1JtfGZjOTI5ZTgyZjA5ODdhM2VlNDA2M2M3ZmEwMjE5Mjc1NzRiNzkwOWUyMzRjMDU5ZWQ3MDE4OGE2NjcwMGY3NTc,https://api.mybihr.com/medias/SDI-MSDS-Li-ion-battery-ICR18650-26J-200101-ver.01.pdf?context=bWFzdGVyfHJvb3R8NjQ3OTQwfGFwcGxpY2F0aW9uL3BkZnxhRGhpTDJnNE5DOHhOVGMzT1RZd05Ua3pPREl3Tmk5VFJFa2dUVk5FVTE5TWFTMXBiMjVmWW1GMGRHVnllVjlKUTFJeE9EWTFNQzB5TmtwZk1qQXdNVEF4WDNabGNpNHdNUzV3WkdZfGY2NzAxOWFkN2Y1YzQ5YTMwZDQyNDQzMmQ5ZWRhMzAxMTZhYjNjNTE3NzE2MzllNDljOWE3NTlhNDkyNjg3NGE,Spain Warehouse (Parts)
1052324,51600004,KB125,ZECA,ZECA LAMP LED 250 LUX,Linterna taller led recargable ZECA LED 250 Lux,127.05,105.00,68.25,8053251193528,0,8513100000,0,1,"<html> <head> <meta http-equiv=""Content-Type"" content=""text/html; charset=utf-8""><title> </title> <style type=""text/css"">.cs4FC7BF42{text-align:left;margin:0pt 0pt 0pt 0pt;list-style-type:disc;color:#000;background-color:transparent;font-weight:normal;font-style:normal;}.csA7555675{color:#000;background-color:transparent;font-weight:normal;font-style:normal;}</style> </head> <body> <ul> <li><a id=""_DX_FRAG_STARTFRAGMENT""></a>2 functions: COB LED 3W and spot SMD LED 1W</li><li>Double charging options: through both base and USB port</li><li>Ultra-thin light body and reclinable at 120° in both directions</li><li>2 incorporated magnets</li><li>Extractable integrated hook<a id=""_DX_FRAG_ENDFRAGMENT""></a></li></ul> </body> </html>","        2 functions: COB LED 3W and spot SMD LED 1WDouble charging options: through both base and USB portUltra-thin light body and reclinable at 120° in both directions2 incorporated magnetsExtractable integrated hook  ",TOOLING & WS,TOOLING,TOOLING POWER,5427,593,342,129,123,,,,,,,,https://api.mybihr.com/medias/1052324-1-800Wx800H?context=bWFzdGVyfHJvb3R8NTA3Njh8aW1hZ2UvanBlZ3xhRFk1TDJnMk15ODRPVEkwT1RVeU5Ua3lOREUwTHpFd05USXpNalF0TVY4NE1EQlhlRGd3TUVnfDgwMjY5ZmZhYWQ3OTk1NWFiOGIzMzM1NzMxMWY5ZTlmMmYxMTBkY2UwN2QwZTRkM2M4ZWEzZjEyYjExZGNlODc,,,https://static.bihr.pro/eBihr/Pictures/ZECA-pictures.zip,https://api.mybihr.com/medias/KB125.pdf?context=bWFzdGVyfGRvY3VtZW50c3w5MjYxMTF8YXBwbGljYXRpb24vcGRmfGFETmtMMmd5TkM4NU1EUXpPRFUyTmpVME16WTJMMHRDTVRJMXw5ZGI0NDljZWIwZGFkMDgxNGM4NDk5MDMzZWI3OWIxM2M4MzczODg4NTg1MmY0MTUwZmVlYWQxOTgwZTJmYTg2,,,Spain Warehouse (Parts)
1052329,89503000,KM005,ZECA,ZECA MULTIMETER DIGITAL,Mini Multímetro digital ZECA,30.50,25.21,20.17,8057685929760,2,9030310010,0,1,"<html>	<head>		<meta http-equiv=Content-Type content=text/html charset=utf-8""""""""""""""""><title>		</title>		<style type=text/css>.csC583D0C8{text-align:leftmargin:12pt 0pt 12pt 0pt}.csA7555675{color:#000background-color:transparentfont-weight:normalfont-style:normal}.cs95E872D0{text-align:leftmargin:0pt 0pt 0pt 0pt}.cs33C45E07{color:#F00background-color:transparentfont-weight:boldfont-style:normal}.csDA02FF29{color:#000background-color:transparentfont-weight:normalfont-style:normaltext-decoration:underline}.cs4FC7BF42{text-align:leftmargin:0pt 0pt 0pt 0ptlist-style-type:disccolor:#000""""background-color:transparentfont-weight:normalfont-style:normal}</style>	</head>	<body>		<p>Mini digital multimeter ideal for all small electrical tests.</p><p>Supplied with a rubber protective sleeve and a measuring lead set (probe tips).</p><p>Battery (A23) not included</p><p>Technical characteristics:</p><ul>			<li>Voltmeter: AC/DC 200mV to 500V</li><li>Ammeter: DC 2000 µA to 200mA</li><li>Ohmmeter: 200? to 2M?</li><li>Continuity and diode tester</li><li>Battery tester: 9A max.</li></ul>	</body></html>""""""""""""""""""","											Mini digital multimeter ideal for all small electrical tests.Supplied with a rubber protective sleeve and a measuring lead set (probe tips).Battery (A23) not includedTechnical characteristics:			Voltmeter: AC/DC 200mV to 500VAmmeter: DC 2000 µA to 200mAOhmmeter: 200? to 2M?Continuity and diode testerBattery tester: 9A max.	""""""""""""""""""",TOOLING & WS,TOOLING,TOOLING POWER,702,173,158,111,40,,,,,,,,https://api.mybihr.com/medias/1052329-1-800Wx800H?context=bWFzdGVyfHJvb3R8MTM0ODEzfGltYWdlL2pwZWd8YUdOakwyZzBZeTg0T1RJM05qWXhPRGd6TkRJeUx6RXdOVEl6TWprdE1WODRNREJYZURnd01FZ3w3N2EwZTlhM2E2NzE3ZmI2NjEyZDg3OTZhNTk4NjM3ODkyMjA0NjcxMTRhZmE0NWFlY2UwYWJiZDUwZjdmOTE1,,,https://static.bihr.pro/eBihr/Pictures/ZECA-pictures.zip,,,,Spain Warehouse (Parts)
1052335,51600003,KTL051/12,ZECA,ZECA LAMP PEN LIGHT,Linterna led tipo Bolígrafo ZECA 280 Lux,20.49,16.93,11.00,8053251191319,10,8536619090,0,1,"<html> <head> <meta http-equiv=""Content-Type"" content=""text/html; charset=utf-8""><title> </title> <style type=""text/css"">.cs4FC7BF42{text-align:left;margin:0pt 0pt 0pt 0pt;list-style-type:disc;color:#000;background-color:transparent;font-weight:normal;font-style:normal;}.csA7555675{color:#000;background-color:transparent;font-weight:normal;font-style:normal;}</style> </head> <body> <ul> <li><a id=""_DX_FRAG_STARTFRAGMENT""></a>2 light sources: COB LED + spot LED </li><li>Rotating rear hook</li><li>Magnet on the hook</li><li>Very light<a id=""_DX_FRAG_ENDFRAGMENT""></a></li></ul> </body> </html>","        2 light sources: COB LED + spot LED Rotating rear hookMagnet on the hookVery light  ",TOOLING & WS,TOOLING,TOOLING POWER,1129,78,256,98,45,,Negro,,,,,LED,https://api.mybihr.com/medias/1052335-1-800Wx800H?context=bWFzdGVyfHJvb3R8MTk0MzJ8aW1hZ2UvanBlZ3xhRFE0TDJnNVlpODRPVEkzTmpZeU1EZ3dNRE13THpFd05USXpNelV0TVY4NE1EQlhlRGd3TUVnfDY5NTAyMmE2M2JiMDExZDc0NGZhNTIzN2I1ZjNhZGI2YTJkY2I0MWNkZTgzNTJlMjI1ODUyM2NlNTMzNGUxMDY,,,https://static.bihr.pro/eBihr/Pictures/ZECA-pictures.zip,https://api.mybihr.com/medias/KTL051-12.pdf?context=bWFzdGVyfGRvY3VtZW50c3w1NTk2OTB8YXBwbGljYXRpb24vcGRmfGFEZGtMMmd3TUM4NU1EVXdPVFV3T0RZd09ETXdMMHRVVERBMU1TMHhNZ3w1Y2Q0ZjAwM2VmOTQxZjg4Mzk4MWZhMTQyMjE1Nzk3YjYwMjI5OTFmYzFhZjJlYTM1NGE5ODBkMDc0MjEwOGMw,,,Spain Warehouse (Parts)
1052322,51600006,KB095,ZECA,ZECA LAMP POCKET HAND LIGHT,Linterna taller led ZECA 250/800 Lux,63.53,52.50,34.13,8053251193498,3,8513100000,0,1,"<html> <head> <meta http-equiv=""Content-Type"" content=""text/html; charset=utf-8""><title> </title> <style type=""text/css"">.cs4FC7BF42{text-align:left;margin:0pt 0pt 0pt 0pt;list-style-type:disc;color:#000;background-color:transparent;font-weight:normal;font-style:normal;}.csA7555675{color:#000;background-color:transparent;font-weight:normal;font-style:normal;}</style> </head> <body> <ul> <li><a id=""_DX_FRAG_STARTFRAGMENT""></a>Light and pocket sized</li><li>2 functions: COB LED 2W and spot LED SMD 1W</li><li>Reclining base at 180 with integrated magnet</li><li>Extractable integrated hook<a id=""_DX_FRAG_ENDFRAGMENT""></a></li></ul> </body> </html>","        Light and pocket sized2 functions: COB LED 2W and spot LED SMD 1WReclining base at 180 with integrated magnetExtractable integrated hook  ",TOOLING & WS,TOOLING,TOOLING POWER,1227,223,221,111,50,,,,,,,,https://api.mybihr.com/medias/1052322-1-800Wx800H?context=bWFzdGVyfHJvb3R8NjgzNjV8aW1hZ2UvanBlZ3xhR1U1TDJnd055ODRPRGMwTkRrd016azJOekF5THpFd05USXpNakl0TVY4NE1EQlhlRGd3TUVnfDhkNWVjNGM4ZTBhYTY4YTZmMWRiZjQ2MTY1NTRkODQ5NjlhMTljMTk5YzliZWE0YzdhNjY5NDY0NDkzMjA2OGU,,,https://static.bihr.pro/eBihr/Pictures/ZECA-pictures.zip,https://api.mybihr.com/medias/KB095.pdf?context=bWFzdGVyfGRvY3VtZW50c3wxMDQ2Mjc0fGFwcGxpY2F0aW9uL3BkZnxhRGc0TDJobU5DODVNRFF6T0RZeU9EZ3dNamcyTDB0Q01EazF8NzU5NjAwMGEyMGNmMDJhN2YwNWRlMjZiNzhhODgyZTI1OGFiMmNiNWZhNTMyODA2YTkxMDA5NzI3OTQzNGY3Ng,,,Spain Warehouse (Parts)
1052325,89150003,KB140,ZECA,ZECA LAMP LED,Linterna taller led recargable ZECA 520 Lux,105.88,87.50,70.00,8053251191128,1,8513100000,0,1,"<html>	<head>		<meta http-equiv=Content-Type content=text/html charset=utf-8""""""""""""""""><title>		</title>		<style type=text/css>.cs95E872D0{text-align:leftmargin:0pt 0pt 0pt 0pt}.csC57700C4{color:#000background-color:transparentfont-weight:boldfont-style:normal}.csA7555675{color:#000background-color:transparentfont-weight:normalfont-style:normal}.cs4FC7BF42{text-align:leftmargin:0pt 0pt 0pt 0ptlist-style-type:disccolor:#000""""background-color:transparentfont-weight:normalfont-style:normal}</style>	</head>	<body>		<p>New led technology lamp</p><p> </p><p>Compact inspection lamp with 2 different light sources : 8 leds or spot light. Beside being foldable, it has a hook and a magnet for a lighting in the desired direction.</p><p>The latest led technology allows a powerful lighting. It is also possible to know the battery level thanks to the charge indicator.</p><p> </p><ul>			<li>Light intensity : 520lux at 50cm</li><li>Battery life : 3h</li><li>Charging time : 3,5h</li><li>Supplied with 2 chargers : 240V and USB</li></ul>	</body></html>""""""""""""""""""","											New led technology lamp Compact inspection lamp with 2 different light sources : 8 leds or spot light. Beside being foldable, it has a hook and a magnet for a lighting in the desired direction.The latest led technology allows a powerful lighting. It is also possible to know the battery level thanks to the charge indicator. 			Light intensity : 520lux at 50cmBattery life : 3hCharging time : 3,5hSupplied with 2 chargers : 240V and USB	""""""""""""""""""",TOOLING & WS,TOOLING,TOOLING POWER,2323,311,321,154,47,,,,,,,,https://api.mybihr.com/medias/1052325-1-800Wx800H?context=bWFzdGVyfHJvb3R8NDU0MzB8aW1hZ2UvanBlZ3xhR1pqTDJoaU5pODRPVFV6T1RNd016VXdOakl5THpFd05USXpNalV0TVY4NE1EQlhlRGd3TUVnfDAwZTZlYzc2N2FjMzY4YWQzNzJlM2I5YjQ1OTQ4YjY4MzYxMjY1NTNhN2MyY2Y1YmVhYzRhMWI2MDFkMmE4ZWQ,https://api.mybihr.com/medias/1052325-2-800Wx800H?context=bWFzdGVyfHJvb3R8OTU2NnxpbWFnZS9qcGVnfGFHSTVMMmhpWkM4NE9UVXpPVE13TlRRM01qTXdMekV3TlRJek1qVXRNbDg0TURCWGVEZ3dNRWd8MGRkMzI3MTViYjIzMWY0ZjVhODdmYjNlYjA1N2E2YjdkZmM3NGFmODE0NzY2ODQyZWQ0MDJkMWQ3ZTdhODAzNg,,https://static.bihr.pro/eBihr/Pictures/ZECA-pictures.zip,https://api.mybihr.com/medias/CE-KB140.pdf?context=bWFzdGVyfHJvb3R8MTQ0MzgxfGFwcGxpY2F0aW9uL3BkZnxhRFJoTDJnNE9DOHhOVGMzT1RZd05UZ3dOekV6TkM5RFJTQXRJRXRDTVRRd0xuQmtaZ3w0Njc0MGM4MmIwZjhjMTZlMmRlNGJhNmIyZWQxOGYzMDc2ODA2ZDhmNGY5MzE4YTM2YjNkZDAzZDE5MzZjZjBi,https://api.mybihr.com/medias/MSDS-1052325.pdf?context=bWFzdGVyfHJvb3R8OTA5OTkzfGFwcGxpY2F0aW9uL3BkZnxhRGc1TDJnNE55OHhOVGMzT1RZd05UZzNNalkzTUM5TlUwUlRMVEV3TlRJek1qVXVjR1JtfDJmNTliNzUwYmM4Y2MzMDc4ZGEwOWY3Y2E0MGU3YTIyZjU1NDUwYzk5ZmJmNjJiODZmNGMwZTk4YjZmZThhZGE,https://api.mybihr.com/medias/SDI-MSDS-Li-ion-battery-ICR18650-26J-200101-ver.01.pdf?context=bWFzdGVyfHJvb3R8NjQ3OTQwfGFwcGxpY2F0aW9uL3BkZnxhRGhpTDJnNE5DOHhOVGMzT1RZd05Ua3pPREl3Tmk5VFJFa2dUVk5FVTE5TWFTMXBiMjVmWW1GMGRHVnllVjlKUTFJeE9EWTFNQzB5TmtwZk1qQXdNVEF4WDNabGNpNHdNUzV3WkdZfGY2NzAxOWFkN2Y1YzQ5YTMwZDQyNDQzMmQ5ZWRhMzAxMTZhYjNjNTE3NzE2MzllNDljOWE3NTlhNDkyNjg3NGE,Spain Warehouse (Parts)
1052326,51600007,KB400,ZECA,ZECA LAMP 11000-1400 LUX,Lámpara 3 en 1 ZECA recargable,177.87,147.00,95.55,8053251192996,0,8513100000,0,1,"<html> <head> <meta http-equiv=""Content-Type"" content=""text/html; charset=utf-8""><title> </title> <style type=""text/css"">.cs4FC7BF42{text-align:left;margin:0pt 0pt 0pt 0pt;list-style-type:disc;color:#000;background-color:transparent;font-weight:normal;font-style:normal;}.csA7555675{color:#000;background-color:transparent;font-weight:normal;font-style:normal;}.cs8C7BE0DE{text-align:left;margin:0pt 0pt 0pt 36pt;}.cs95E872D0{text-align:left;margin:0pt 0pt 0pt 0pt;}.csC57700C4{color:#000;background-color:transparent;font-weight:bold;font-style:normal;}.cs5CD66E5E{text-align:left;margin:0pt 0pt 0pt 0pt;list-style-type:disc;color:#000;background-color:transparent;font-weight:bold;font-style:normal;}</style> </head> <body> <ul> <li><a id=""_DX_FRAG_STARTFRAGMENT""></a>3 heads for different functionalities for both work and leisure</li><li>Easy to change head with quick connector</li><li>Base with magnet</li><li>Briefcase included in standard mode<a id=""_DX_FRAG_ENDFRAGMENT""></a></li></ul> <p> </p><p>COB LED head that reclines at 180°</p><ul> <li>550 lux @50cm</li><li>290 Lm</li></ul> <p> </p><p>Torch head </p><ul> <li>11000-1400 lux @50cm</li><li>250 Lm</li></ul> <p> </p><p>Snake head equipped with zoom</p><ul> <li>3600-650 lux @50cm</li><li>90 Lm</li></ul> </body> </html>","        3 heads for different functionalities for both work and leisureEasy to change head with quick connectorBase with magnetBriefcase included in standard mode  COB LED head that reclines at 180° 550 lux @50cm290 Lm  Torch head  11000-1400 lux @50cm250 Lm  Snake head equipped with zoom 3600-650 lux @50cm90 Lm  ",TOOLING & WS,TOOLING,TOOLING POWER,6545,1185,292,241,93,,,,,,,,https://api.mybihr.com/medias/1052326-1-800Wx800H?context=bWFzdGVyfHJvb3R8MzgzMTR8aW1hZ2UvanBlZ3xhR1ZqTDJobVpTODRPVEV3TkRneE1qa3pNelF5THpFd05USXpNall0TVY4NE1EQlhlRGd3TUVnfDRhYjVkMWQ4MmYxODM2NmQ4NTYyYjkwNGIyMmIzZTYyNzc4YmEyMGExMzFmYmYyMWI5MzM1YTIxN2E2MzU2M2Q,https://api.mybihr.com/medias/1052326-2-800Wx800H?context=bWFzdGVyfHJvb3R8NTkyOTF8aW1hZ2UvanBlZ3xhREptTDJobU9DODRPVEV3TkRneE5EZzVPVFV3THpFd05USXpNall0TWw4NE1EQlhlRGd3TUVnfGVhMjMwOTY4OTIyNTBkNzQ4OTYyNGI5MmFhZjI4N2RiYzI4YmFjY2UzNTY4ZWJjNDY2MzgyYzE0YzBkYWFmZDg,,https://static.bihr.pro/eBihr/Pictures/ZECA-pictures.zip,https://api.mybihr.com/medias/KB400.pdf?context=bWFzdGVyfGRvY3VtZW50c3wxNTU5NDkxfGFwcGxpY2F0aW9uL3BkZnxhRFl3TDJoaU1TODVNRFF6T0RjME9UQTJNVFF5TDB0Q05EQXd8YTc2NmMxNDM3YWU4OWZjMWE4YTFkN2RkNDYyNTllOWI3ZDZhYzVmYzVhNGM3ZmNjMjJhMzA5MWJlZWIxYmY3ZQ,,,Spain Warehouse (Parts)
1052330,51500001,KM035,ZECA,ZECA MULTIMETER MEASURE/DB/LUX/T°,Multímetro digital ZECA,187.17,154.69,100.55,8053251192965,2,9030310010,0,1,"<html> <head> <meta http-equiv=""Content-Type"" content=""text/html; charset=utf-8""><title> </title> <style type=""text/css"">.cs95E872D0{text-align:left;margin:0pt 0pt 0pt 0pt;}.csC235ED31{color:#000;background-color:transparent;font-weight:normal;font-style:normal;}.cs4EA70B48{text-align:left;margin:0pt 0pt 0pt 0pt;list-style-type:disc;color:#000;background-color:transparent;font-weight:normal;font-style:normal;}</style> </head> <body> <p>Professional digital multimeter including all functions for service and motorbikes diagnostic.</p><p> </p><p>LED indicator to indicate the connection to use.</p><p> </p><ul> <li>Automatic calibre</li><li>Voltmeter: AC/DC 400mV, 4V, 40V, 100V, 250V</li><li>Ampmeter: AC/DC 400μA, 4mA, 40mA, 400mA, 10A (2300W at 230V)</li><li>Ohmmeter: 400Ω, 4kΩ, 40kΩ, 400kΩ, 4MΩ, 40MΩ</li><li>Continuity and diode test with buzzer</li><li>Environment temperature and humidity</li><li>Temperature measurement with K thermocouple: -20° to 1300°C</li><li>Sound intensity: 35 to 100dB</li><li>Frequency meter: 5Hz, 50Hz, 500Hz, 5kHz, 50kHz, 500kHz, 10MHz</li><li>Capacitor measurement: 50nF, 500nF, 5μF, 50μF, 100μF</li><li>Cat. III 1000V - Cat. IV 600V</li><li>1x 9V Battery (Not included)</li></ul> <p> </p></body> </html>","       Professional digital multimeter including all functions for service and motorbikes diagnostic. LED indicator to indicate the connection to use.  Automatic calibreVoltmeter: AC/DC 400mV, 4V, 40V, 100V, 250VAmpmeter: AC/DC 400μA, 4mA, 40mA, 400mA, 10A (2300W at 230V)Ohmmeter: 400Ω, 4kΩ, 40kΩ, 400kΩ, 4MΩ, 40MΩContinuity and diode test with buzzerEnvironment temperature and humidityTemperature measurement with K thermocouple: -20° to 1300°CSound intensity: 35 to 100dBFrequency meter: 5Hz, 50Hz, 500Hz, 5kHz, 50kHz, 500kHz, 10MHzCapacitor measurement: 50nF, 500nF, 5μF, 50μF, 100μFCat. III 1000V - Cat. IV 600V1x 9V Battery (Not included)   ",TOOLING & WS,TOOLING,TOOLING POWER,1751,548,209,147,57,,,,,,,,https://api.mybihr.com/medias/800Wx800H-1052330-1.jpg?context=bWFzdGVyfHJvb3R8NTQ5NTN8aW1hZ2UvanBlZ3xhR0ZoTDJoaU5pOHpNekV6TVRjMU16RTBORE0xTUM4NE1EQlhlRGd3TUVoZk1UQTFNak16TUMweExtcHdad3w0ODEwMTRiNTA4NDQ4MjM5ZTgwOGE0YmM4ZjgxODdlMmJlMDg0ZmY4MmE3ODU2NmQzOTg5MjAzODg5Y2JlNzIy,,,https://static.bihr.pro/eBihr/Pictures/ZECA-pictures.zip,https://api.mybihr.com/medias/KM035-Multimeter.pdf?context=bWFzdGVyfGRvY3VtZW50c3wxNjIwNTN8YXBwbGljYXRpb24vcGRmfGFEQmpMMmd4WXk4NU5qUTBORGN6TnpRMU5ETTRMMHROTURNMUlFMTFiSFJwYldWMFpYSXwyMTRjYWQ3ZGIyZTg0NmQ3Nzg4MWMwYTkwY2VjMjhkOWFlYjk1MWFlNGJhNzUzODYzM2NjN2U2ZDUzZjAyMTc2,,,Spain Warehouse (Parts)
1052331,893051,KM040,ZECA,ZECA CLAMP METER AND MULTIMETER,Multímetro/amperímetro con pinza ZECA,240.50,198.76,159.01,8057685920514,0,9030310010,0,1,<p>Versatile plier with multimeter and ammeter for contact-free measures.</p><p><u>Technical features :</u></p><ul><li>Voltmeter : AC/DC 4 à 700V</li><li>Ammeter : AC/DC 400 à 1000A</li><li>Ohmmeter: 400 à 40M d'ohm</li><li>Cyclic ratio : 0.1% à 99%</li><li>Continuity and diode test with buzzer</li><li>Frequency meter : 40 Hz à 100 KHz</li><li>Tests RMS / 600V Cat. 3</li></ul>,"
Versatile plier with multimeter and ammeter for contact-free measures.
Technical features :Voltmeter : AC/DC 4 à 700VAmmeter : AC/DC 400 à 1000AOhmmeter: 400 à 40M d'ohmCyclic ratio : 0.1% à 99%Continuity and diode test with buzzerFrequency meter : 40 Hz à 100 KHzTests RMS / 600V Cat. 3",TOOLING & WS,TOOLING,TOOLING POWER,2040,606,250,136,60,,,,,,,,https://api.mybihr.com/medias/1052331-1-800Wx800H?context=bWFzdGVyfHJvb3R8Mzk2Mjd8aW1hZ2UvanBlZ3xhREF6TDJoaE5pODRPVFEyTURneE5UazFOREl5THpFd05USXpNekV0TVY4NE1EQlhlRGd3TUVnfGUwYTRiM2UyZmMzMjBhYWZlNDgzODljZTBlNzUzNjFmYjZlY2Y4MjljMDdmMDAyM2E0NjJhYzZiMTVmNjczODM,https://api.mybihr.com/medias/1052331-2-800Wx800H?context=bWFzdGVyfHJvb3R8OTA2NTJ8aW1hZ2UvanBlZ3xhRE15TDJnNVppODRPVFEyTURneE56a3lNRE13THpFd05USXpNekV0TWw4NE1EQlhlRGd3TUVnfDgwZGJjNzBhYWYxZGU5Y2UzNjcyMTZkYjNmYWRhMGFkMzkxZmVkZGJjNDUwY2IzODg5Y2E2ZjA1Y2ZlMzA2YTU,,https://static.bihr.pro/eBihr/Pictures/ZECA-pictures.zip,,,,Spain Warehouse (Parts)
1052333,89150005,KM061,ZECA,ZECA THERMOMETER INFRARED -50°C / +500°C,Termómetro IR laser ZECA,72.50,59.92,47.94,8053251193535,3,9025190090,0,1,<p>Termómetro infrarrojo con láser y pantalla digital.</p><p>&nbsp;</p><p>Capacidad: -50°C a 500°C</p>,"
Termómetro infrarrojo con láser y pantalla digital.
 
Capacidad: -50°C a 500°C",TOOLING & WS,TOOLING,TOOLING POWER,813,207,171,99,48,,,,,,,,https://api.mybihr.com/medias/1052333-1-800Wx800H?context=bWFzdGVyfHJvb3R8NDAzNTh8aW1hZ2UvanBlZ3xhR05qTDJnd015ODRPVEF5TXpNd01UZzNPREEyTHpFd05USXpNek10TVY4NE1EQlhlRGd3TUVnfDdhNmYzZjdhMGVjOGJiZmEzNTQ0NzljMGZjNGRiZWEwMGUzMDRkNjczZDhiOGFmZjI4YzMzNTMzNTczOGVlYTI,,,https://static.bihr.pro/eBihr/Pictures/ZECA-pictures.zip,https://api.mybihr.com/medias/KM061.pdf?context=bWFzdGVyfGRvY3VtZW50c3w1NDUxODh8YXBwbGljYXRpb24vcGRmfGFERTNMMmd4WVM4NU1EUXpPRFUyT1RRNU1qYzRMMHROTURZeHxhZTYwNmRmZGQzODhjYjc3MjljZGEwM2EwOGZhZjlkYmU3MTA3NzUyZWZkOGUzMGE5MjU4ZGJmNTMxZjNhZTY0,,,Spain Warehouse (Parts)
1114551,,KB028,ZECA,ZECA STYLE LAMP,Linterna bolígrafo recargable ZECA tecnología LED,37.46,30.96,24.77,8053251196314,0,8513100000,0,1,"<ul>
	<li>Compacta&nbsp;y manejable</li>
	<li>1 interruptor, 2 funciones: LED SMD y spot</li>
	<li>Clip</li>
	<li>1 im&aacute;n</li>
	<li>Cuerpo de aluminio</li>
	<li>Tama&ntilde;o: 18 x 15 x 160 mm</li>
	<li>Peso : 43 gr</li>
	<li>Tiempo de funcionamiento: 2 h</li>
	<li>Tiempo de carga: 1,5 h</li>
</ul>
","
	Compacta y manejable
	1 interruptor, 2 funciones: LED SMD y spot
	Clip
	1 imán
	Cuerpo de aluminio
	Tamaño: 18 x 15 x 160 mm
	Peso : 43 gr
	Tiempo de funcionamiento: 2 h
	Tiempo de carga: 1,5 h

",TOOLING & WS,TOOLING,TOOLING POWER,388,110,200,51,38,,,,,,,LED,https://api.mybihr.com/medias/1114551-1-800Wx800H?context=bWFzdGVyfHJvb3R8ODE4MnxpbWFnZS9qcGVnfGFEUTJMMmhoTkM4eE5EazRNemMzTXpFMU9UUTFOQzh4TVRFME5UVXhMVEZmT0RBd1YzZzRNREJJfDQ3MTIzYzJlZGVlOTc1MjEzY2FjZDhiZTY0Yzg3MDNmMTViNGE5NmQwYTUyNWMwMTljZTVjNTQzZDJhMGNmODQ,,,https://static.bihr.pro/eBihr/Pictures/ZECA-pictures.zip,https://api.mybihr.com/medias/Technical-details-KB028.pdf?context=bWFzdGVyfHJvb3R8NzIzODY4fGFwcGxpY2F0aW9uL3BkZnxhREEzTDJnMFl5OHhORGc0T1RBME9ETXdPVGM1TUM5VVpXTm9ibWxqWVd4ZlpHVjBZV2xzYzE5TFFqQXlPQzV3WkdZfDgxOTNkYzQwYjMzODhlZDhjYmQzMzhkZTQ5NTI3MmQ2M2Q3YzYxNTdhMjYzOWJmOTY1MTExMjI0MGFjNzIxOGE,,,Spain Warehouse (Parts)
