PartNumber,OldPartNumber,SupplierProductCode,Brand,ProductName,Designation,RetailPriceIncludingTax,RetailPriceExcludingTax,BaseDealerPriceExcludingTax,BarCode,StockValue,CommodityCode,OnDemand,DropShipping,HtmlDescription,Description,Category1,Category2,Category3,Volume (cm³),Weight (g),Length (mm),Width (mm),Height (mm),Anchura del neumático,Aro,Carcasa,Color,Diámetro de la llanta,Familia de neumáticos,Montaje,Peso (g),Uso,Picture1,Picture2,AllPicturesZIP,DeliveryPlant
9006238,9006238,W010-0854,WTB,WTB JUDGE 27.5X2.4 TCS TOUGH TRITEC E25,Neumático de bicicleta WTB Judge 27.5X2.4 TCS Tough/TriTec,68.50,56.61,27.37,714401108547,3,4011500000,0,1,"<p>Judge es un neum&aacute;tico centrado en la parte trasera. Los tacos de la l&iacute;nea central se alternan entre largos y anchos para proporcionar la tracci&oacute;n y la eficiencia en la frenada dura que requiere un neum&aacute;tico trasero.</p>
<p>Los robustos tacos exteriores proporcionan apoyo y se hunden para mantenerte pegado en las curvas sin inclinaci&oacute;n. El Judge presenta un perfil de neum&aacute;tico m&aacute;s plano que la mayor&iacute;a de los otros neum&aacute;ticos, lo que hace m&aacute;s f&aacute;cil alcanzar los tacos exteriores en las curvas.</p>
<ul>
<li>Compuesto TriTec resistente</li>
<li>Uso: Enduro - Gravity</li>
<li>Condiciones: Suciedad - Suelto - Rocoso - H&uacute;medo</li>
</ul>","
Judge es un neumático centrado en la parte trasera. Los tacos de la línea central se alternan entre largos y anchos para proporcionar la tracción y la eficiencia en la frenada dura que requiere un neumático trasero.

Los robustos tacos exteriores proporcionan apoyo y se hunden para mantenerte pegado en las curvas sin inclinación. El Judge presenta un perfil de neumático más plano que la mayoría de los otros neumáticos, lo que hace más fácil alcanzar los tacos exteriores en las curvas.

Compuesto TriTec resistente
Uso: Enduro - Gravity
Condiciones: Suciedad - Suelto - Rocoso - Húmedo
",TIRES & ACCESSORIES,BICYCLE,BICYCLE TIRE&TUBE,8469,1236,327,185,140,2.4,Plegable,Cubierta,,27.5,Neumáticos de bicicleta,Tubeless,,MTB,https://api.mybihr.com/medias/9006238-1-800Wx800H?context=bWFzdGVyfHJvb3R8NjQ5MTR8aW1hZ2UvanBlZ3xhRFE1TDJoaE9TOHhOVE0yTlRJek5qazRNVGM1TUM4NU1EQTJNak00TFRGZk9EQXdWM2c0TURCSXwxZDRhMjI2MTM3OGVmMDg2MzYzNjIzZTQyOTNkZWYzOTdhYTliY2IyOTRjZGM0NWE2NThiNGJlMjFiNWYyNWFi,,https://static.bihr.pro/eBihr/Pictures/WTB-pictures.zip,Spain Warehouse (Tires)
9006221,9006221,W010-0822,WTB,WTB BYWAY 700x34 TCS LIGHT DUAL (TAN),Neumático de bicicleta WTB ByWay 700cx34 TCS Light/TAN,52.50,43.39,20.00,714401108226,20,4011500000,0,1,"<p>Byway es el neum&aacute;tico de grava de elecci&oacute;n para los largos d&iacute;as de exploraci&oacute;n interminable en el pavimento, el terreno duro y la grava.</p>
<p>Manteni&eacute;ndose fiel a su uso en la carretera de aventura, una l&iacute;nea central lisa y ranuras angulares fomentan la rapidez en cualquier pavimento necesario para llegar a lo bueno.</p>
<p>Los tacos intermedios en forma de diamante proporcionan una tracci&oacute;n firme con potencia, mientras que los tacos laterales consistentes y m&aacute;s sustanciales se extienden por el flanco para proporcionar confianza en las curvas y protecci&oacute;n contra los pinchazos.</p>
<ul>
<li>Compuesto ligero Dual DNA</li>
<li>Uso: Carretera de aventura - Grava</li>
<li>Condiciones: Asfalto - Tierra dura - Suciedad - Grava</li>
</ul>","
Byway es el neumático de grava de elección para los largos días de exploración interminable en el pavimento, el terreno duro y la grava.

Manteniéndose fiel a su uso en la carretera de aventura, una línea central lisa y ranuras angulares fomentan la rapidez en cualquier pavimento necesario para llegar a lo bueno.

Los tacos intermedios en forma de diamante proporcionan una tracción firme con potencia, mientras que los tacos laterales consistentes y más sustanciales se extienden por el flanco para proporcionar confianza en las curvas y protección contra los pinchazos.

Compuesto ligero Dual DNA
Uso: Carretera de aventura - Grava
Condiciones: Asfalto - Tierra dura - Suciedad - Grava
",TIRES & ACCESSORIES,BICYCLE,BICYCLE TIRE&TUBE,6154,475,352,188,93,34,Plegable,Cubierta,Beige,700,Neumáticos de bicicleta,Tubeless,,Gravel,https://api.mybihr.com/medias/9006221-1-800Wx800H?context=bWFzdGVyfHJvb3R8NTQ2NDF8aW1hZ2UvanBlZ3xhREEwTDJobFpDOHhOVE0yTlRJeU9UZ3pPRE0yTmk4NU1EQTJNakl4TFRGZk9EQXdWM2c0TURCSXxlMTVjNWFlOTM0NmYwYWEwYjgwOTU0NjA2MDM1MzU5YTVkOWVmNmRmODc3ZjhmZGNkNDBjMjExZWMxOGI2NGUy,https://api.mybihr.com/medias/9006221-2-800Wx800H?context=bWFzdGVyfHJvb3R8OTMxNjN8aW1hZ2UvanBlZ3xhREExTDJnell5OHhOVE0yTlRJek5EUXlOVGc0Tmk4NU1EQTJNakl4TFRKZk9EQXdWM2c0TURCSXw4ZDNmYmQ5NzkwOTdhYjBjOTk1OGIwNWQxZDcwMzQ3YWM5Y2JhODAyYjJkYmY1ZGFlMDFlODIzYzBiMTU2ZmJm,https://static.bihr.pro/eBihr/Pictures/WTB-pictures.zip,Spain Warehouse (Tires)
9006233,9006233,W010-0847,WTB,WTB NANO 700x40 TCS LIGHT DUAL DNA SG2,Neumático de bicicleta WTB Nano 700cX40 TCS Light/SG2,59.99,49.58,31.50,714401108479,8,4011500000,0,1,"<p>La Nano est&aacute; hecha para la velocidad.</p>
<p>La l&iacute;nea central casi ininterrumpida proporciona una r&aacute;pida eficiencia en terrenos de tierra dura, mientras que los tacos exteriores escalonados te permiten mantener el gas mientras subes a marchas forzadas por las subidas gruesas o te aferras a las curvas de grava suelta.</p>
<p>La carcasa de alto volumen de 40 mm suaviza la grava que se mueve, al tiempo que reduce la resistencia al avance y a la rodadura.</p>
<ul>
<li>ADN Dual Ligero</li>
<li>Uso: Grava - Ciclocross</li>
<li>Condiciones: Tierra dura - Dirt - Grava</li>
</ul>","
La Nano está hecha para la velocidad.

La línea central casi ininterrumpida proporciona una rápida eficiencia en terrenos de tierra dura, mientras que los tacos exteriores escalonados te permiten mantener el gas mientras subes a marchas forzadas por las subidas gruesas o te aferras a las curvas de grava suelta.

La carcasa de alto volumen de 40 mm suaviza la grava que se mueve, al tiempo que reduce la resistencia al avance y a la rodadura.

ADN Dual Ligero
Uso: Grava - Ciclocross
Condiciones: Tierra dura - Dirt - Grava
",TIRES & ACCESSORIES,BICYCLE,BICYCLE TIRE&TUBE,6677,579,359,186,100,40,Plegable,Cubierta,,700,Neumáticos de bicicleta,Tubeless,,Ciclocross & Gravel,https://api.mybihr.com/medias/9006233-1-800Wx800H?context=bWFzdGVyfHJvb3R8NDU4NTV8aW1hZ2UvanBlZ3xhREZtTDJobFpDOHhOVE0yTlRJek56azJORGd6TUM4NU1EQTJNak16TFRGZk9EQXdWM2c0TURCSXxmMjYzOGFhMmVlMTIwYmFjOGM5OTVkOTg3MzFiNDY5YzdhNDBlMzdmYjU5ZWUyOTFlMGIxZWE4ODA2MjU2MzJi,,https://static.bihr.pro/eBihr/Pictures/WTB-pictures.zip,Spain Warehouse (Tires)
9006229,9006229,W010-0641,WTB,WTB RIDDLER 700x37 TCS LIGHT DUAL DNA,Neumático de bicicleta WTB Riddler 700cX37 TCS Light,52.50,43.39,21.00,714401106413,6,4011500000,0,1,"<p>Construida para una velocidad constante en una amplia gama de condiciones, la Riddler ofrece una r&aacute;pida eficiencia para los ciclistas que valoran la tracci&oacute;n.</p>
<p>a Riddler se encuentra igualmente c&oacute;moda en el circuito local de ciclocross o en la carretera de grava.</p>
<ul>
<li>oble ADN</li>
<li>Uso: Grava - Ciclocross</li>
<li>Condiciones: Asfalto - Tierra dura - Dirt - Grava</li>
</ul>","
Construida para una velocidad constante en una amplia gama de condiciones, la Riddler ofrece una rápida eficiencia para los ciclistas que valoran la tracción.

a Riddler se encuentra igualmente cómoda en el circuito local de ciclocross o en la carretera de grava.

oble ADN
Uso: Grava - Ciclocross
Condiciones: Asfalto - Tierra dura - Dirt - Grava
",TIRES & ACCESSORIES,BICYCLE,BICYCLE TIRE&TUBE,8248,583,323,192,133,37,Plegable,Cubierta,Beige,700,Neumáticos de bicicleta,Tubeless,,Ciclocross & Gravel,https://api.mybihr.com/medias/9006229-1-800Wx800H?context=bWFzdGVyfHJvb3R8NjAxNDh8aW1hZ2UvanBlZ3xhREJsTDJobE5pOHhOVE0yTlRJME1ESTFPRFU1TUM4NU1EQTJNakk1TFRGZk9EQXdWM2c0TURCSXxmYmJkNTFiNDZiZmZlYWNmODgxZjhkNTQ3N2FhMDgzMGJhOWIxMDZjYTgxMDIwZTNiOTBiYzMxMzU4ZjY1ZDg0,,https://static.bihr.pro/eBihr/Pictures/WTB-pictures.zip,Spain Warehouse (Tires)
9006230,9006230,W010-0694,WTB,WTB RIDDLER 700x37 TCS LIGHT DUAL (TAN),Neumático de bicicleta WTB Riddler 700cX37 TCS Light/TAN,54.99,45.45,27.50,714401106949,11,4011500000,0,1,"<p>Construida para una velocidad constante en una amplia gama de condiciones, la Riddler ofrece una r&aacute;pida eficiencia para los ciclistas que valoran la tracci&oacute;n.</p>
<p>a Riddler se encuentra igualmente c&oacute;moda en el circuito local de ciclocross o en la carretera de grava.</p>
<ul>
<li>oble ADN</li>
<li>Uso: Grava - Ciclocross</li>
<li>Condiciones: Asfalto - Tierra dura - Dirt - Grava</li>
</ul>","
Construida para una velocidad constante en una amplia gama de condiciones, la Riddler ofrece una rápida eficiencia para los ciclistas que valoran la tracción.

a Riddler se encuentra igualmente cómoda en el circuito local de ciclocross o en la carretera de grava.

oble ADN
Uso: Grava - Ciclocross
Condiciones: Asfalto - Tierra dura - Dirt - Grava
",TIRES & ACCESSORIES,BICYCLE,BICYCLE TIRE&TUBE,3642,469,219,154,108,37,Plegable,Cubierta,Beige,700,Neumáticos de bicicleta,Tubeless,,Ciclocross & Gravel,https://api.mybihr.com/medias/9006230-1-800Wx800H?context=bWFzdGVyfHJvb3R8NjAxNDh8aW1hZ2UvanBlZ3xhR0ZtTDJobU15OHhOVE0yTlRJME1EWTFNVGd3Tmk4NU1EQTJNak13TFRGZk9EQXdWM2c0TURCSXw4MGQ3NGUxN2E5ZDhiOWNmM2RlNmM1MDU2MDgzNDI3MzMyYjkxMTY2ODM4OTJiN2VjMWNjMWZmZjMwYmYyZThm,,https://static.bihr.pro/eBihr/Pictures/WTB-pictures.zip,Spain Warehouse (Tires)
9006227,9006227,W010-0942,WTB,WTB VULPINE 700x36 TCS LIGHT DUAL DNA,Neumático de bicicleta WTB Vulpine 700cX36 TCS Light,52.50,43.39,28.00,714401109421,17,4011500000,0,1,"<p>Vulpine es la &uacute;ltima incorporaci&oacute;n a la l&iacute;nea de neum&aacute;ticos de grava de WTB, enfocada a la competici&oacute;n.</p>
<p>Los tacos centrales muy espaciados forman una l&iacute;nea central casi ininterrumpida para disminuir la resistencia a la rodadura, mientras que el resto de la banda de rodadura est&aacute; repleta de tacos cortos para promover a&uacute;n m&aacute;s la eficiencia, minimizar la posibilidad de pinchazos y ofrecer una tracci&oacute;n predecible en las curvas.</p>
<p>Vulpine prioriza la eficiencia sin sacrificar la tracci&oacute;n en las subidas o en las frenadas y es el neum&aacute;tico perfecto para los corredores de grava que buscan liderar el pelot&oacute;n, as&iacute; como para los corredores diarios que buscan un neum&aacute;tico eficiente que sobresalga en muchas superficies, incluyendo el pavimento, la tierra dura y la grava.</p>
<ul>
<li>Doble ADN</li>
<li>Uso: Grava</li>
<li>Condiciones: Asfalto - Tierra dura - Tierra - Grava</li>
</ul>","
Vulpine es la última incorporación a la línea de neumáticos de grava de WTB, enfocada a la competición.

Los tacos centrales muy espaciados forman una línea central casi ininterrumpida para disminuir la resistencia a la rodadura, mientras que el resto de la banda de rodadura está repleta de tacos cortos para promover aún más la eficiencia, minimizar la posibilidad de pinchazos y ofrecer una tracción predecible en las curvas.

Vulpine prioriza la eficiencia sin sacrificar la tracción en las subidas o en las frenadas y es el neumático perfecto para los corredores de grava que buscan liderar el pelotón, así como para los corredores diarios que buscan un neumático eficiente que sobresalga en muchas superficies, incluyendo el pavimento, la tierra dura y la grava.

Doble ADN
Uso: Grava
Condiciones: Asfalto - Tierra dura - Tierra - Grava
",TIRES & ACCESSORIES,BICYCLE,BICYCLE TIRE&TUBE,6279,588,334,188,100,36,Plegable,Cubierta,,700,Neumáticos de bicicleta,Tubeless,,Gravel,https://api.mybihr.com/medias/9006227-1-800Wx800H?context=bWFzdGVyfHJvb3R8NDg0Mzl8aW1hZ2UvanBlZ3xhR1kwTDJnek5DOHhOVE0yTlRJME16YzVOelV6TkM4NU1EQTJNakkzTFRGZk9EQXdWM2c0TURCSXw3MWIwZjlkYzBhZmRmNDJlMDA4MzE4NWVlMDVhOTYzNmNkMzk0NjJiODM4NjFhOGRmYTIzZTE2MGJiZDM3ZTVh,,https://static.bihr.pro/eBihr/Pictures/WTB-pictures.zip,Spain Warehouse (Tires)
9006220,9006220,W010-0821,WTB,WTB BYWAY 700x34 TCS LIGHT DUAL DNA,Neumático de bicicleta WTB ByWay 700cx34 TCS Light,52.50,43.39,15.00,714401108219,15,4011500000,0,1,"<p>Byway es el neum&aacute;tico de grava de elecci&oacute;n para los largos d&iacute;as de exploraci&oacute;n interminable en el pavimento, el terreno duro y la grava.</p>
<p>Manteni&eacute;ndose fiel a su uso en la carretera de aventura, una l&iacute;nea central lisa y ranuras angulares fomentan la rapidez en cualquier pavimento necesario para llegar a lo bueno.</p>
<p>Los tacos intermedios en forma de diamante proporcionan una tracci&oacute;n firme con potencia, mientras que los tacos laterales consistentes y m&aacute;s sustanciales se extienden por el flanco para proporcionar confianza en las curvas y protecci&oacute;n contra los pinchazos.</p>
<ul>
<li>Compuesto ligero Dual DNA</li>
<li>Uso: Carretera de aventura - Grava</li>
<li>Condiciones: Asfalto - Tierra dura - Suciedad - Grava</li>
</ul>","
Byway es el neumático de grava de elección para los largos días de exploración interminable en el pavimento, el terreno duro y la grava.

Manteniéndose fiel a su uso en la carretera de aventura, una línea central lisa y ranuras angulares fomentan la rapidez en cualquier pavimento necesario para llegar a lo bueno.

Los tacos intermedios en forma de diamante proporcionan una tracción firme con potencia, mientras que los tacos laterales consistentes y más sustanciales se extienden por el flanco para proporcionar confianza en las curvas y protección contra los pinchazos.

Compuesto ligero Dual DNA
Uso: Carretera de aventura - Grava
Condiciones: Asfalto - Tierra dura - Suciedad - Grava
",TIRES & ACCESSORIES,BICYCLE,BICYCLE TIRE&TUBE,6699,496,343,186,105,34,Plegable,Cubierta,,700,Neumáticos de bicicleta,Tubeless,,Gravel,https://api.mybihr.com/medias/9006220-1-800Wx800H?context=bWFzdGVyfHJvb3R8NTQ2NDF8aW1hZ2UvanBlZ3xhREJrTDJneE5pOHhOVE0yTlRJek1ESXpNVFU0TWk4NU1EQTJNakl3TFRGZk9EQXdWM2c0TURCSXxjN2U1ZWIwY2YxN2FjNTE3ZjY4OGYyZmI0YTA5ZWI5NTY3Y2M3MDExOTJmZDBmYjAyNmFmYzFjZDhkMzUyN2E3,https://api.mybihr.com/medias/9006220-2-800Wx800H?context=bWFzdGVyfHJvb3R8OTMxNjN8aW1hZ2UvanBlZ3xhRGd5TDJneU55OHhOVE0yTlRJek5USTNOemcxTkM4NU1EQTJNakl3TFRKZk9EQXdWM2c0TURCSXw4NmViNzM0MGMwYTcyZjc4NzcwOTlhZjY4ZWY5OWE1ZWZiYjRlMTYwZjdmY2YyZWQ3OTFkN2VjNDcwNThkNzJl,https://static.bihr.pro/eBihr/Pictures/WTB-pictures.zip,Spain Warehouse (Tires)
9006222,9006222,W010-0823,WTB,WTB BYWAY 700x40 TCS LIGHT DUAL DNA,Neumático de bicicleta WTB ByWay 700cx40 TCS Light,54.99,45.45,21.00,714401108233,16,4011500000,0,1,"<p>Byway es el neum&aacute;tico de grava de elecci&oacute;n para los largos d&iacute;as de exploraci&oacute;n interminable en el pavimento, el terreno duro y la grava.</p>
<p>Manteni&eacute;ndose fiel a su uso en la carretera de aventura, una l&iacute;nea central lisa y ranuras angulares fomentan la rapidez en cualquier pavimento necesario para llegar a lo bueno.</p>
<p>Los tacos intermedios en forma de diamante proporcionan una tracci&oacute;n firme con potencia, mientras que los tacos laterales consistentes y m&aacute;s sustanciales se extienden por el flanco para proporcionar confianza en las curvas y protecci&oacute;n contra los pinchazos.</p>
<ul>
<li>Compuesto ligero Dual DNA</li>
<li>Uso: Carretera de aventura - Grava</li>
<li>Condiciones: Asfalto - Tierra dura - Suciedad - Grava</li>
</ul>","
Byway es el neumático de grava de elección para los largos días de exploración interminable en el pavimento, el terreno duro y la grava.

Manteniéndose fiel a su uso en la carretera de aventura, una línea central lisa y ranuras angulares fomentan la rapidez en cualquier pavimento necesario para llegar a lo bueno.

Los tacos intermedios en forma de diamante proporcionan una tracción firme con potencia, mientras que los tacos laterales consistentes y más sustanciales se extienden por el flanco para proporcionar confianza en las curvas y protección contra los pinchazos.

Compuesto ligero Dual DNA
Uso: Carretera de aventura - Grava
Condiciones: Asfalto - Tierra dura - Suciedad - Grava
",TIRES & ACCESSORIES,BICYCLE,BICYCLE TIRE&TUBE,6580,529,338,189,103,40,Plegable,Cubierta,,700,Neumáticos de bicicleta,Tubeless,,Gravel,https://api.mybihr.com/medias/9006222-1-800Wx800H?context=bWFzdGVyfHJvb3R8NTQ2NDF8aW1hZ2UvanBlZ3xhR1EwTDJnM09DOHhOVE0yTlRJek1UQXhPREF4TkM4NU1EQTJNakl5TFRGZk9EQXdWM2c0TURCSXw3M2QzMzU2YmU2YjU0ZjlmNWJlMWVjOGNlYzJjNjBiMTM5YjQwYzQ5NzUyNTQyZjY4ODAwYjRkM2NmODZjYWEx,https://api.mybihr.com/medias/9006222-2-800Wx800H?context=bWFzdGVyfHJvb3R8OTMxNjN8aW1hZ2UvanBlZ3xhRFZqTDJnNFlTOHhOVE0yTlRJek5qQTJOREk0Tmk4NU1EQTJNakl5TFRKZk9EQXdWM2c0TURCSXw1ZDdlMTE1MzFlNzhiMTRlYjc5NTcxYTczYTZiNTE0MTY2ODRhZmE3ZDEyOGNkMWI1ZjJjYzAzZDg3Yjc4MzRm,https://static.bihr.pro/eBihr/Pictures/WTB-pictures.zip,Spain Warehouse (Tires)
9006224,9006224,W010-0803,WTB,WTB VENTURE 700x40 TCS LIGHT DUAL DNA,Neumático de bicicleta WTB Venture 700cx40 TCS Light,67.51,55.79,28.00,714401108035,8,4011500000,0,1,"<p>El Venture es un neum&aacute;tico de grava para todas las estaciones para los pilotos que exigen una tracci&oacute;n firme en una amplia gama de superficies.</p>
<p>Las elevadas crestas de la l&iacute;nea central y los densos picos intermedios se adaptan a cualquier terreno durante los esfuerzos fuera del sill&oacute;n, mientras que las dos filas de tacos exteriores proporcionan tanto el apoyo como la protecci&oacute;n de los flancos que necesitas para realmente empujar en las curvas.</p>
<p>La Venture es una excelente opci&oacute;n cuando tanto el terreno como el destino son desconocidos.</p>
<ul>
<li>Doble ADN</li>
<li>Uso: Carretera de aventura - Grava</li>
<li>Condiciones: Asfalto - Tierra dura - Dirt - Grava</li>
</ul>","
El Venture es un neumático de grava para todas las estaciones para los pilotos que exigen una tracción firme en una amplia gama de superficies.

Las elevadas crestas de la línea central y los densos picos intermedios se adaptan a cualquier terreno durante los esfuerzos fuera del sillón, mientras que las dos filas de tacos exteriores proporcionan tanto el apoyo como la protección de los flancos que necesitas para realmente empujar en las curvas.

La Venture es una excelente opción cuando tanto el terreno como el destino son desconocidos.

Doble ADN
Uso: Carretera de aventura - Grava
Condiciones: Asfalto - Tierra dura - Dirt - Grava
",TIRES & ACCESSORIES,BICYCLE,BICYCLE TIRE&TUBE,5040,561,261,157,123,40,Plegable,Cubierta,Negro,700,Neumáticos de bicicleta,Tubeless,,Gravel,https://api.mybihr.com/medias/9006224-1-800Wx800H?context=bWFzdGVyfHJvb3R8NzA1MzR8aW1hZ2UvanBlZ3xhREl6TDJnek9TOHhOVE0yTlRJME1qWXhOemc0Tmk4NU1EQTJNakkwTFRGZk9EQXdWM2c0TURCSXxhYzI0ODdmZDYzMDZmOTBkNTEyNjc3OTc4OGM1Zjg1ODdkZmUzNWQ3MDI0MTQwYTYxYWZiN2Q0MmMwYWQ4ZGQy,,https://static.bihr.pro/eBihr/Pictures/WTB-pictures.zip,Spain Warehouse (Tires)
