PartNumber,OldPartNumber,SupplierProductCode,Brand,ProductName,Designation,RetailPriceIncludingTax,RetailPriceExcludingTax,BaseDealerPriceExcludingTax,BarCode,StockValue,CommodityCode,OnDemand,DropShipping,HtmlDescription,Description,Category1,Category2,Category3,Volume (cm³),Weight (g),Length (mm),Width (mm),Height (mm),Anchura (mm),Diámetro exterior (mm),Diámetro int/ext (mm/mm),Diámetro interior (mm),Picture1,AllPicturesZIP,DeliveryPlant
1016810,,KV21X25X23.8S,NEEDLE ROLLER BEARING,NEEDL BEARING NEEDLE ROLLER,Jaula de agujas NEEDLE ROLLER BEARING - 21x25x24,17.18,14.20,8.52,400417,0,8482400000,0,1,FOR CONNECTING ROD,FOR CONNECTING ROD,VEHICLE PARTS & ACCESSORIES,ENGINE PARTS,ENG. BEARING&GASKET,89,32,87,41,25,,,,,https://api.mybihr.com/medias/1016810-1-800Wx800H?context=bWFzdGVyfHJvb3R8MjE3MzV8aW1hZ2UvanBlZ3xhRFJpTDJoak9DODRPVE00TmpFeE1URTBNREUwTHpFd01UWTRNVEF0TVY4NE1EQlhlRGd3TUVnfDQyMzVhYmZmYjBiY2JkOGE0YWQwZTg0NDgyM2YyY2M0MzM2YjQzN2NkZDg0NDBmZWU2ZDgxOGExMjY4ZWM2ZjM,https://static.bihr.pro/eBihr/Pictures/NEEDLE_ROLLER_BEARING-pictures.zip,Spain Warehouse (Parts)
1016804,,KV20X24X23.8S,NEEDLE ROLLER BEARING,NEEDL BEARING NEEDLE ROLLER,Jaula de agujas NEEDLE ROLLER BEARING - 20x24x24,17.21,14.22,8.53,400471,3,8482400000,0,1,FOR CONNECTING ROD,FOR CONNECTING ROD,VEHICLE PARTS & ACCESSORIES,ENGINE PARTS,ENG. BEARING&GASKET,87,32,92,38,25,,,,,https://api.mybihr.com/medias/1016804-1-800Wx800H?context=bWFzdGVyfHJvb3R8MjE3MzV8aW1hZ2UvanBlZ3xhRFUwTDJneVlpODRPVE0wTnpnMU9ERXdORFl5THpFd01UWTRNRFF0TVY4NE1EQlhlRGd3TUVnfGViMDQxMDI1NjgzNzUyYjg5NzMyYWVmZGJlZTc2NjdkOTkxODUwOWE4MzYxN2JiYWIxNjg0NjIwZmQ0MGEyYjg,https://static.bihr.pro/eBihr/Pictures/NEEDLE_ROLLER_BEARING-pictures.zip,Spain Warehouse (Parts)
1016789,,KV12X15X14.5,NEEDLE ROLLER BEARING,NEEDL BEARING NEEDLE ROLLER,"Jaula de agujas NEEDLE ROLLER BEARING - 12x15x14,5",12.10,10.00,6.00,400441,2,8482400000,0,1,"<html> <head> <meta http-equiv=""Content-Type"" content=""text/html; charset=utf-8""><title> </title> <style type=""text/css"">.cs95E872D0{text-align:left;margin:0pt 0pt 0pt 0pt;}.csA7555675{color:#000;background-color:transparent;font-weight:normal;font-style:normal;}</style> </head> <body> <p> </p></body> </html>","         ",VEHICLE PARTS & ACCESSORIES,ENGINE PARTS,ENG. BEARING&GASKET,95,6,93,51,20,,,,,https://api.mybihr.com/medias/1016789-1-800Wx800H?context=bWFzdGVyfHJvb3R8MjE3MzV8aW1hZ2UvanBlZ3xhRGhpTDJnelpDODRPVFV5TnprM01qazROekU0THpFd01UWTNPRGt0TVY4NE1EQlhlRGd3TUVnfDhiMDIzMzE2ZWQzOTgzZmFhMTVmZmMwYjA5ZWFiYTg0Zjc1Yzc2YmY1YzM1MDBjNDJiNTk5Y2I1ZDM4YzEyYjI,https://static.bihr.pro/eBihr/Pictures/NEEDLE_ROLLER_BEARING-pictures.zip,Spain Warehouse (Parts)
1016790,,KV12X15X16.3S,NEEDLE ROLLER BEARING,NEEDL BEARING NEEDLE ROLLER,"Jaula de agujas NEEDLE ROLLER BEARING - 12x15x16,3",12.10,10.00,6.00,400442,4,8482400000,0,1,"<html> <head> <meta http-equiv=""Content-Type"" content=""text/html; charset=utf-8""><title> </title> <style type=""text/css"">.cs95E872D0{text-align:left;margin:0pt 0pt 0pt 0pt;}.csA7555675{color:#000;background-color:transparent;font-weight:normal;font-style:normal;}</style> </head> <body> <p> </p></body> </html>","         ",VEHICLE PARTS & ACCESSORIES,ENGINE PARTS,ENG. BEARING&GASKET,97,8,83,65,18,,,,,https://api.mybihr.com/medias/1016790-1-800Wx800H?context=bWFzdGVyfHJvb3R8MjE3MzV8aW1hZ2UvanBlZ3xhREEyTDJnMU1DODRPVEF4TnpFMk9ETTJNemd5THpFd01UWTNPVEF0TVY4NE1EQlhlRGd3TUVnfGU5NTA2MzZmMTg5OWVhNTcyMzVjNjc0MWY1ZGFkZTM3N2UyYWFiOGVlZjIzYzhiNGZiZjkyNDQ0OGY3MzU0Yjc,https://static.bihr.pro/eBihr/Pictures/NEEDLE_ROLLER_BEARING-pictures.zip,Spain Warehouse (Parts)
1016797,,KV16X21X17.5S,NEEDLE ROLLER BEARING,NEEDL BEARING NEEDLE ROLLER,Jaula de agujas NEEDLE ROLLER BEARING - 16x21x17.5,15.23,12.59,7.55,400446,1,8482400000,0,1,FOR CONNECTING ROD,FOR CONNECTING ROD,VEHICLE PARTS & ACCESSORIES,ENGINE PARTS,ENG. BEARING&GASKET,104,20,93,51,22,,,,,https://api.mybihr.com/medias/1016797-1-800Wx800H?context=bWFzdGVyfHJvb3R8MjE3MzV8aW1hZ2UvanBlZ3xhRFJtTDJoa055ODRPVFV6TWpnMk5Ea3lNVGt3THpFd01UWTNPVGN0TVY4NE1EQlhlRGd3TUVnfDE3OTg5MmRhOTEwNDU0MmUyNjY5YmU3NTdhZTY3NWNkMDg5ZWJhY2YxMjgwNTgxMjI4YzA5YmQ3YmVmOGNjMGQ,https://static.bihr.pro/eBihr/Pictures/NEEDLE_ROLLER_BEARING-pictures.zip,Spain Warehouse (Parts)
1016800,,KV18X23X21.8S,NEEDLE ROLLER BEARING,NEEDL BEARING NEEDLE ROLLER,Jaula de agujas NEEDLE ROLLER BEARING - 18x23x22,15.08,12.46,7.48,400414,2,8482400000,0,1,FOR CONNECTING ROD,FOR CONNECTING ROD,VEHICLE PARTS & ACCESSORIES,ENGINE PARTS,ENG. BEARING&GASKET,115,20,90,51,25,,,,,https://api.mybihr.com/medias/1016800-1-800Wx800H?context=bWFzdGVyfHJvb3R8MjE3MzV8aW1hZ2UvanBlZ3xhR1JpTDJoa05DODRPVE0wTnpNM01ERTRPVEV3THpFd01UWTRNREF0TVY4NE1EQlhlRGd3TUVnfDhhMjhlNzNjZjkxMWRhOWQ3ZTU1Njc1YWYyOWVmZGQ5ODE5ZDFkMTA2ZDYzOTkyNTgzZmU0MjU5MTIxNmRhNzU,https://static.bihr.pro/eBihr/Pictures/NEEDLE_ROLLER_BEARING-pictures.zip,Spain Warehouse (Parts)
1016801,,KV18X23X23.8S,NEEDLE ROLLER BEARING,NEEDL BEARING NEEDLE ROLLER,Jaula de agujas NEEDLE ROLLER BEARING - 18x23x24,15.08,12.46,7.48,400402,2,8482400000,0,1,FOR CONNECTING ROD,FOR CONNECTING ROD,VEHICLE PARTS & ACCESSORIES,ENGINE PARTS,ENG. BEARING&GASKET,75,33,86,35,25,,,,,https://api.mybihr.com/medias/1016801-1-800Wx800H?context=bWFzdGVyfHJvb3R8MjE3MzV8aW1hZ2UvanBlZ3xhR0kyTDJoa1ppODRPVEkyTkRVMU5USTVOVEF5THpFd01UWTRNREV0TVY4NE1EQlhlRGd3TUVnfDU1ZGM1MDk3YjBiMWYyYTc1ZTc2OWYzNDdjMzE2Y2FhNTQ1Yjg5MTgxYzg3OTRiODIzOTI1MjM0NGIzN2ZhNDk,https://static.bihr.pro/eBihr/Pictures/NEEDLE_ROLLER_BEARING-pictures.zip,Spain Warehouse (Parts)
1016802,,KV19X24X24.8Z,NEEDLE ROLLER BEARING,NEEDL BEARING NEEDLE ROLLER,Jaula de agujas NEEDLE ROLLER BEARING - 19x24x24.8,17.10,14.13,8.48,400436,0,8482400000,0,1,FOR CONNECTING ROD,FOR CONNECTING ROD,VEHICLE PARTS & ACCESSORIES,ENGINE PARTS,ENG. BEARING&GASKET,86,37,91,38,25,,,,,https://api.mybihr.com/medias/1016802-1-800Wx800H?context=bWFzdGVyfHJvb3R8MjE3MzV8aW1hZ2UvanBlZ3xhR1JrTDJobVpDODRPVFV5TmpjeE16Y3hNamswTHpFd01UWTRNREl0TVY4NE1EQlhlRGd3TUVnfDMyNWMzZTFjYjdhZmZjNmE4OTI3NjcwNmM5MTFhNTRhYzhiZGZhYjg0NDc1YmZlMjI4NjRjNzc4YTE2ODVlY2I,https://static.bihr.pro/eBihr/Pictures/NEEDLE_ROLLER_BEARING-pictures.zip,Spain Warehouse (Parts)
1016806,,KV20X25X22.8S,NEEDLE ROLLER BEARING,NEEDL BEARING NEEDLE ROLLER,Jaula de agujas NEEDLE ROLLER BEARING - 20x25x23,17.10,14.13,8.48,400431,0,8482400000,0,1,FOR CONNECTING ROD,FOR CONNECTING ROD,VEHICLE PARTS & ACCESSORIES,ENGINE PARTS,ENG. BEARING&GASKET,100,25,93,43,25,,,,,https://api.mybihr.com/medias/1016806-1-800Wx800H?context=bWFzdGVyfHJvb3R8MjE3MzV8aW1hZ2UvanBlZ3xhRFkyTDJneE15ODRPVEE0TXpBeU5qZ3dNRGswTHpFd01UWTRNRFl0TVY4NE1EQlhlRGd3TUVnfDk5ODc5MzM4MjZmYjk5MWJmNmE1YTA2NTE5ZGU5N2E4ZGM3OTMzYjIzYWQzYjkzMDE2ZjU4ZGM1YjQ4ZDk3MGE,https://static.bihr.pro/eBihr/Pictures/NEEDLE_ROLLER_BEARING-pictures.zip,Spain Warehouse (Parts)
1016811,,KV22X27X22.8S,NEEDLE ROLLER BEARING,NEEDL BEARING NEEDLE ROLLER,Jaula de agujas NEEDLE ROLLER BEARING - 22x27x23,17.28,14.28,8.57,400476,0,8482400000,0,1,FOR CONNECTING ROD,FOR CONNECTING ROD,VEHICLE PARTS & ACCESSORIES,ENGINE PARTS,ENG. BEARING&GASKET,99,55,94,35,30,,,,,https://api.mybihr.com/medias/1016811-1-800Wx800H?context=bWFzdGVyfHJvb3R8MjE3MzV8aW1hZ2UvanBlZ3xhR1k1TDJnMVlTODRPVEE0TlRJNE56UTJOVEkyTHpFd01UWTRNVEV0TVY4NE1EQlhlRGd3TUVnfGQyMGYwYzFjNjVhNDA4YWIyNzkxNzMzNTAzZjA3ZmY3NDc3ODk0MGM2YmJmZWJiODUyMTE1MWUxNjMyMjMzMWY,https://static.bihr.pro/eBihr/Pictures/NEEDLE_ROLLER_BEARING-pictures.zip,Spain Warehouse (Parts)
1016808,,KV20X25X27.8Z,NEEDLE ROLLER BEARING,NEEDL BEARING NEEDLE ROLLER,Jaula de agujas NEEDLE ROLLER BEARING - 20x25x27.8,17.28,14.28,8.57,400404,1,8482400000,0,1,FOR CONNECTING ROD,FOR CONNECTING ROD,VEHICLE PARTS & ACCESSORIES,ENGINE PARTS,ENG. BEARING&GASKET,81,40,88,46,20,,,,,https://api.mybihr.com/medias/1016808-1-800Wx800H?context=bWFzdGVyfHJvb3R8MjE3MzV8aW1hZ2UvanBlZ3xhRFUxTDJnd1lpODRPRFU0TlRFd05Ea3hOamM0THpFd01UWTRNRGd0TVY4NE1EQlhlRGd3TUVnfGU1ZmMwOWRlYWQzNTFmM2QxZTZlOTM5Y2U2ODI0MmE4Yzc4NDMwMTZjODExZTYyNmVlMzlkYjRmMmNhNDBmZjU,https://static.bihr.pro/eBihr/Pictures/NEEDLE_ROLLER_BEARING-pictures.zip,Spain Warehouse (Parts)
1016796,,KV16X20X22.5SAG,NEEDLE ROLLER BEARING,NEEDL BEARING NEEDLE ROLLER,Jaula de agujas NEEDLE ROLLER BEARING - 16x20x22.5,15.08,12.46,7.48,400421,1,8482400000,0,1,FOR CONNECTING ROD,FOR CONNECTING ROD,VEHICLE PARTS & ACCESSORIES,ENGINE PARTS,ENG. BEARING&GASKET,56,15,93,30,20,,,,,https://api.mybihr.com/medias/1016796-1-800Wx800H?context=bWFzdGVyfHJvb3R8MjE3MzV8aW1hZ2UvanBlZ3xhR0ZoTDJnNU1pODRPVFk1TURJNE5UazVPRE00THpFd01UWTNPVFl0TVY4NE1EQlhlRGd3TUVnfGQxZmJlOTQwMTNhMDk5YzJhNTNkYTcwMTYxOGU5Yzc1YTE4NTdjNzc3MWUyN2E0NzM4ODZiNWIyNTJiYjY1YjE,https://static.bihr.pro/eBihr/Pictures/NEEDLE_ROLLER_BEARING-pictures.zip,Spain Warehouse (Parts)
1016798,,KV16X21X22.5S,NEEDLE ROLLER BEARING,NEEDL BEARING NEEDLE ROLLER,Jaula de agujas NEEDLE ROLLER BEARING - 16x21x23,15.23,12.59,7.55,400405,1,8482400000,0,1,FOR CONNECTING ROD,FOR CONNECTING ROD,VEHICLE PARTS & ACCESSORIES,ENGINE PARTS,ENG. BEARING&GASKET,48,20,77,25,25,,,,,https://api.mybihr.com/medias/1016798-1-800Wx800H?context=bWFzdGVyfHJvb3R8MjE3MzV8aW1hZ2UvanBlZ3xhRFppTDJobFlTODRPVEkwTURjM09EZ3pOREl5THpFd01UWTNPVGd0TVY4NE1EQlhlRGd3TUVnfDFkMTdlMzBkZjY1MzZlOTQ4MmI0ZmQ0N2ZhNjgwZTUyNzU0MWFhYzFkOGVhNDIyYjBmM2I2ZTUwMWE0MThhYjg,https://static.bihr.pro/eBihr/Pictures/NEEDLE_ROLLER_BEARING-pictures.zip,Spain Warehouse (Parts)
1016799,,KV18DX22X19.8S,NEEDLE ROLLER BEARING,NEEDL BEARING NEEDLE ROLLER,Jaula de agujas NEEDLE ROLLER BEARING - 18x22x19.65,15.08,12.46,7.48,400437,2,8482400000,0,1,FOR CONNECTING ROD,FOR CONNECTING ROD,VEHICLE PARTS & ACCESSORIES,ENGINE PARTS,ENG. BEARING&GASKET,46,15,91,25,20,,,,,https://api.mybihr.com/medias/1016799-1-800Wx800H?context=bWFzdGVyfHJvb3R8MjE3MzV8aW1hZ2UvanBlZ3xhREl6TDJobU5TODRPVFV6TWpFd01UYzFOVEU0THpFd01UWTNPVGt0TVY4NE1EQlhlRGd3TUVnfGE2OWJhNTg0OGY1NjA2YTEzMDllNmMyYjk3NTgxMmFmY2Q5MTQwMGJjMWZiODFkOTkzYzZkYjM5NjcxMmQzYTg,https://static.bihr.pro/eBihr/Pictures/NEEDLE_ROLLER_BEARING-pictures.zip,Spain Warehouse (Parts)
1016791,,KV12X16X14.8S,NEEDLE ROLLER BEARING,NEEDL BEARING NEEDLE ROLLER,"Jaula de agujas NEEDLE ROLLER BEARING - 12x16x14,8",12.17,10.06,6.04,400443,0,8482400000,0,1,"<html> <head> <meta http-equiv=""Content-Type"" content=""text/html; charset=utf-8""><title> </title> <style type=""text/css"">.cs95E872D0{text-align:left;margin:0pt 0pt 0pt 0pt;}.csA7555675{color:#000;background-color:transparent;font-weight:normal;font-style:normal;}</style> </head> <body> <p> </p></body> </html>","         ",VEHICLE PARTS & ACCESSORIES,ENGINE PARTS,ENG. BEARING&GASKET,84,22,91,46,20,,,,,https://api.mybihr.com/medias/1016791-1-800Wx800H?context=bWFzdGVyfHJvb3R8MjE3MzV8aW1hZ2UvanBlZ3xhRE0wTDJnM1pTODRPVFV6TWpZMk1qUXhOVFkyTHpFd01UWTNPVEV0TVY4NE1EQlhlRGd3TUVnfDg4NjBhN2ZmMjIxNDA5ZWNhN2VjOGEwMGZmNWNjOWU2MGM5OGEyNGI3MGM0NWE4Zjg4MGEyZDc2MjljNjIyYjU,https://static.bihr.pro/eBihr/Pictures/NEEDLE_ROLLER_BEARING-pictures.zip,Spain Warehouse (Parts)
1016792,,KV12X17X14.2S,NEEDLE ROLLER BEARING,NEEDL BEARING NEEDLE ROLLER,"Jaula de agujas NEEDLE ROLLER BEARING - 12x17x14,2",12.10,10.00,6.00,400415,2,8482400000,0,1,"<html> <head> <meta http-equiv=""Content-Type"" content=""text/html; charset=utf-8""><title> </title> <style type=""text/css"">.cs95E872D0{text-align:left;margin:0pt 0pt 0pt 0pt;}.csA7555675{color:#000;background-color:transparent;font-weight:normal;font-style:normal;}</style> </head> <body> <p> </p></body> </html>","         ",VEHICLE PARTS & ACCESSORIES,ENGINE PARTS,ENG. BEARING&GASKET,8,20,20,20,20,,,,,https://api.mybihr.com/medias/1016792-1-800Wx800H?context=bWFzdGVyfHJvb3R8MjE3MzV8aW1hZ2UvanBlZ3xhREl4TDJobU15ODRPVFk1TURJM09ERXpOREEyTHpFd01UWTNPVEl0TVY4NE1EQlhlRGd3TUVnfDU4NTJhOGNhYzBjNDYxNzRhZWEzMDczMDE2OTZhNGFmNTM3ZTc2MGUxOGY4YmFlYzZmMjhlNTMzNzkxOWJjYTE,https://static.bihr.pro/eBihr/Pictures/NEEDLE_ROLLER_BEARING-pictures.zip,Spain Warehouse (Parts)
1016793,,KV15X19X16.8S,NEEDLE ROLLER BEARING,NEEDL BEARING NEEDLE ROLLER,Jaula de agujas NEEDLE ROLLER BEARING - 15x19x17,15.14,12.51,7.51,400401,3,8482400000,0,1,"<html> <head> <meta http-equiv=""Content-Type"" content=""text/html; charset=utf-8""><title> </title> <style type=""text/css"">.cs95E872D0{text-align:left;margin:0pt 0pt 0pt 0pt;}.csA7555675{color:#000;background-color:transparent;font-weight:normal;font-style:normal;}</style> </head> <body> <p> </p></body> </html>","         ",VEHICLE PARTS & ACCESSORIES,ENGINE PARTS,ENG. BEARING&GASKET,6,12,18,17,18,,,,,https://api.mybihr.com/medias/1016793-1-800Wx800H?context=bWFzdGVyfHJvb3R8MjE3MzV8aW1hZ2UvanBlZ3xhR0UxTDJoaE5DODRPVFk1TURJNE1ERXdNREUwTHpFd01UWTNPVE10TVY4NE1EQlhlRGd3TUVnfDFkZmFlMjcxMDYwM2YzNTZiYTQ3MDgzY2FhMzNlNTA2MjJiNTc1ODMzNTIxZDRlNmQwYzNlZWE2MmMwZTUxMmU,https://static.bihr.pro/eBihr/Pictures/NEEDLE_ROLLER_BEARING-pictures.zip,Spain Warehouse (Parts)
1016794,,KV15X20X17.8S,NEEDLE ROLLER BEARING,NEEDL BEARING NEEDLE ROLLER,"Jaula de agujas NEEDLE ROLLER BEARING - 15x20x17,8",15.27,12.62,7.57,400438,3,8482400000,0,1,"<html> <head> <meta http-equiv=""Content-Type"" content=""text/html; charset=utf-8""><title> </title> <style type=""text/css"">.cs95E872D0{text-align:left;margin:0pt 0pt 0pt 0pt;}.csA7555675{color:#000;background-color:transparent;font-weight:normal;font-style:normal;}</style> </head> <body> <p> </p></body> </html>","         ",VEHICLE PARTS & ACCESSORIES,ENGINE PARTS,ENG. BEARING&GASKET,78,15,95,41,20,,,,,https://api.mybihr.com/medias/1016794-1-800Wx800H?context=bWFzdGVyfHJvb3R8MjE3MzV8aW1hZ2UvanBlZ3xhR1U0TDJnNVpDODRPVFk1TURJNE1qQTJOakl5THpFd01UWTNPVFF0TVY4NE1EQlhlRGd3TUVnfDcxY2YzNWIzMzYwNjNiZmJhMjA5ZDAyNDZhYmZiMjQ0ZTJkMzY1MzgzNmM2YjA2MGNhYTAyYWU4N2QwMTYwZjg,https://static.bihr.pro/eBihr/Pictures/NEEDLE_ROLLER_BEARING-pictures.zip,Spain Warehouse (Parts)
1016795,,KV16X20X17.3,NEEDLE ROLLER BEARING,NEEDL BEARING NEEDLE ROLLER,Jaula de agujas NEEDLE ROLLER BEARING - 16x20x18,15.08,12.46,7.48,400445,7,8482400000,0,1,FOR CONNECTING ROD,FOR CONNECTING ROD,VEHICLE PARTS & ACCESSORIES,ENGINE PARTS,ENG. BEARING&GASKET,90,12,89,46,22,,,,,https://api.mybihr.com/medias/1016795-1-800Wx800H?context=bWFzdGVyfHJvb3R8MjE3MzV8aW1hZ2UvanBlZ3xhREUzTDJnNU55ODRPVFk1TURJNE5EQXpNak13THpFd01UWTNPVFV0TVY4NE1EQlhlRGd3TUVnfDAxMDk4OGZiOWRhZTBkODE0NzBlMWEwNmFmMzJkOTMxNjViNTRjOTQ3YzI0ZTlhNTNiMzY0MWZjOTQ2YmFhYmY,https://static.bihr.pro/eBihr/Pictures/NEEDLE_ROLLER_BEARING-pictures.zip,Spain Warehouse (Parts)
1016788,,KV10X14X12.5ZR,NEEDLE ROLLER BEARING,NEEDL BEARING NEEDLE ROLLER,"Jaula de agujas NEEDLE ROLLER BEARING - 10x14x12,5",12.04,9.95,5.97,400407,6,8482400000,0,1,"<html> <head> <meta http-equiv=""Content-Type"" content=""text/html; charset=utf-8""><title> </title> <style type=""text/css"">.cs95E872D0{text-align:left;margin:0pt 0pt 0pt 0pt;}.csA7555675{color:#000;background-color:transparent;font-weight:normal;font-style:normal;}</style> </head> <body> <p> </p></body> </html>","         ",VEHICLE PARTS & ACCESSORIES,ENGINE PARTS,ENG. BEARING&GASKET,1,100,10,12,12,,,,,https://api.mybihr.com/medias/800Wx800H-1016788-1.jpg?context=bWFzdGVyfHJvb3R8NTE2MjJ8aW1hZ2UvanBlZ3xhREJqTDJneU9TODRNakl4T1RRME5UVXhPRE0yTmk4NE1EQlhlRGd3TUVoZk1UQXhOamM0T0MweExtcHdad3w5OWVmNThjNzAwOWYxYTU3MGYyZDNiMzdhYTRkNmMzNTRkZmIyMjJmM2QzOWRhYjllMzU1YTE2Yjg4MzlkZDAx,https://static.bihr.pro/eBihr/Pictures/NEEDLE_ROLLER_BEARING-pictures.zip,Spain Warehouse (Parts)
1125282,,KV20X24X22.8S,NEEDLE ROLLER BEARING,NEEDL BEARING NEEDLE ROLLER,Jaula de agujas NEEDLE ROLLER BEARING - 20x24x22.8,19.35,15.99,10.39,KV20X24X22.8S,0,8482400000,0,1,,,VEHICLE PARTS & ACCESSORIES,ENGINE PARTS,ENG. BEARING&GASKET,8,19,24,23,15,,,,,https://api.mybihr.com/medias/800Wx800H-1125282-1.jpg?context=bWFzdGVyfHJvb3R8NTE2MjJ8aW1hZ2UvanBlZ3xhRE5qTDJneU1pODRNakl4T1RRME5UY3hORGszTkM4NE1EQlhlRGd3TUVoZk1URXlOVEk0TWkweExtcHdad3wwYzYxMmYxOGM0MWI0YzhkNDYxYzZiNjg2YzBiNjBlZmQ5YzFlMzA1YjkwYTliMThiMmM1ZjhjYzdiNTJkNjkx,https://static.bihr.pro/eBihr/Pictures/NEEDLE_ROLLER_BEARING-pictures.zip,Spain Warehouse (Parts)
