PartNumber,OldPartNumber,SupplierProductCode,Brand,ProductName,Designation,RetailPriceIncludingTax,RetailPriceExcludingTax,BaseDealerPriceExcludingTax,BarCode,StockValue,CommodityCode,OnDemand,DropShipping,HtmlDescription,Description,Category1,Category2,Category3,Volume (cm³),Weight (g),Length (mm),Width (mm),Height (mm),Altura (mm),Anchura (mm),Ángulo ( ° ),Color,Composición,Diámetro dirección Ø (mm),Diámetro Ø (mm),Elevación de manillar (mm),Longitud (mm),Peso (g),Uso recomendado,Picture1,Picture2,Picture3,Picture4,AllPicturesZIP,DeliveryPlant
1120539,,M159-01-006-01,RENTHAL CYCLE,RENTB FATBAR 35 40MM BLACK,Manillar RENTHAL CYCLE Fatbar Ø35 H40mm Aluminio Negro,99.99,82.64,49.58,5026190154533,7,8714961090,0,1,"<p>El Renthal Fatbar se ha ganado el status de culto y es el manillar elegido por los equipos y atletas de descenso de la Copa del Mundo. Se han ganado 8 medallas de oro en el Campeonato Mundial con el Fatbar, lo que lo consolida como uno de los productos de competici&oacute;n m&aacute;s exitosos de todos los tiempos.</p>
<p>Dise&ntilde;amos el Fatbar para que sea la mejor combinaci&oacute;n entre ligereza, resistencia y durabilidad. El Fatbar tambi&eacute;n ofrece al ciclista la opci&oacute;n m&aacute;s amplia, con cuatro opciones de elevaci&oacute;n diferentes, para adaptarse a cada bicicleta y ciclista.</p>
<p>Los manillares Renthal&reg; Fatbar&reg; est&aacute;n dise&ntilde;ados para rodar m&aacute;s r&aacute;pido, saltar m&aacute;s lejos y durar m&aacute;s.</p>
<p><strong>Caracter&iacute;sticas:</strong></p>
<ul>
<li>Aleaci&oacute;n de aluminio serie 7 de alta resistencia.</li>
<li>Granallado para aumentar la vida &uacute;til a la fatiga.</li>
<li>Acabado anodizado duro resistente a la corrosi&oacute;n y la abrasi&oacute;n.</li>
<li>Marcaje de posicionamiento grabado a l&aacute;ser para una configuraci&oacute;n f&aacute;cil y r&aacute;pida.</li>
<li>Marcaje de anchura para permitir un ajuste m&aacute;s personalizado.</li>
<li>Gr&aacute;ficos permanentes.</li>
</ul>
<p><strong>Especificaciones del manillar:</strong></p>
<ul>
<li>Anchura: 800 mm</li>
<li>Inclinaci&oacute;n hacia atr&aacute;s: 7&deg;</li>
<li>Inclinaci&oacute;n: 5&deg;</li>
<li>Elevaci&oacute;n: 40 mm</li>
<li>Di&aacute;metro de la abrazadera: 35mm</li>
<li>Peso: 305 g</li>
</ul>","
El Renthal Fatbar se ha ganado el status de culto y es el manillar elegido por los equipos y atletas de descenso de la Copa del Mundo. Se han ganado 8 medallas de oro en el Campeonato Mundial con el Fatbar, lo que lo consolida como uno de los productos de competición más exitosos de todos los tiempos.

Diseñamos el Fatbar para que sea la mejor combinación entre ligereza, resistencia y durabilidad. El Fatbar también ofrece al ciclista la opción más amplia, con cuatro opciones de elevación diferentes, para adaptarse a cada bicicleta y ciclista.

Los manillares Renthal® Fatbar® están diseñados para rodar más rápido, saltar más lejos y durar más.

Características:

Aleación de aluminio serie 7 de alta resistencia.
Granallado para aumentar la vida útil a la fatiga.
Acabado anodizado duro resistente a la corrosión y la abrasión.
Marcaje de posicionamiento grabado a láser para una configuración fácil y rápida.
Marcaje de anchura para permitir un ajuste más personalizado.
Gráficos permanentes.


Especificaciones del manillar:

Anchura: 800 mm
Inclinación hacia atrás: 7°
Inclinación: 5°
Elevación: 40 mm
Diámetro de la abrazadera: 35mm
Peso: 305 g
",VEHICLE PARTS & ACCESSORIES,BICYCLE PARTS & ACCESSORIES,BICYCLE PARTS,6012,391,824,152,48,,,,Negro,"Aluminio & ",,,,,,,https://api.mybihr.com/medias/800Wx800H-1120539-1.jpg?context=bWFzdGVyfHJvb3R8MzYxNTN8aW1hZ2UvanBlZ3xhRFJsTDJoa05pODBORFUxT0RreE1UY3dNVEF5TWk4NE1EQlhlRGd3TUVoZk1URXlNRFV6T1MweExtcHdad3w4OWQ5ODg4NzBiMDM3Mjc5M2EzYmM1YmYyZWM0MDRhMzcxN2M3ZTMxNzcyMTMxMGQwYWY5ZjRjOTczYmU0N2Ex,,,,https://static.bihr.pro/eBihr/Pictures/RENTHAL_CYCLE-pictures.zip,Spain Warehouse (Parts)
1120535,,M157-01-006-01,RENTHAL CYCLE,RENTB FATBAR 35 20MM BLACK,Manillar RENTHAL CYCLE Fatbar Ø35 H20mm Aluminio Negro,97.99,80.98,48.59,5026190154519,0,8714961090,0,1,"<p>El Renthal Fatbar se ha ganado el status de culto y es el manillar elegido por los equipos y atletas de descenso de la Copa del Mundo. Se han ganado 8 medallas de oro en el Campeonato Mundial con el Fatbar, lo que lo consolida como uno de los productos de competici&oacute;n m&aacute;s exitosos de todos los tiempos.</p>
<p>Dise&ntilde;amos el Fatbar para que sea la mejor combinaci&oacute;n entre ligereza, resistencia y durabilidad. El Fatbar tambi&eacute;n ofrece al ciclista la opci&oacute;n m&aacute;s amplia, con cuatro opciones de elevaci&oacute;n diferentes, para adaptarse a cada bicicleta y ciclista.</p>
<p>Los manillares Renthal&reg; Fatbar&reg; est&aacute;n dise&ntilde;ados para rodar m&aacute;s r&aacute;pido, saltar m&aacute;s lejos y durar m&aacute;s.</p>
<p><strong>Caracter&iacute;sticas:</strong></p>
<ul>
<li>Aleaci&oacute;n de aluminio serie 7 de alta resistencia.</li>
<li>Granallado para aumentar la vida &uacute;til a la fatiga.</li>
<li>Acabado anodizado duro resistente a la corrosi&oacute;n y la abrasi&oacute;n.</li>
<li>Marcaje de posicionamiento grabado a l&aacute;ser para una configuraci&oacute;n f&aacute;cil y r&aacute;pida.</li>
<li>Marcaje de anchura para permitir un ajuste m&aacute;s personalizado.</li>
<li>Gr&aacute;ficos permanentes.</li>
</ul>
<p><strong>Especificaciones del manillar:</strong></p>
<ul>
<li>Anchura: 800 mm</li>
<li>Inclinaci&oacute;n hacia atr&aacute;s: 7&deg;</li>
<li>Inclinaci&oacute;n: 5&deg;</li>
<li>Elevaci&oacute;n: 20 mm</li>
<li>Di&aacute;metro de la abrazadera: 35mm</li>
<li>Peso: 305 g</li>
</ul>","
El Renthal Fatbar se ha ganado el status de culto y es el manillar elegido por los equipos y atletas de descenso de la Copa del Mundo. Se han ganado 8 medallas de oro en el Campeonato Mundial con el Fatbar, lo que lo consolida como uno de los productos de competición más exitosos de todos los tiempos.

Diseñamos el Fatbar para que sea la mejor combinación entre ligereza, resistencia y durabilidad. El Fatbar también ofrece al ciclista la opción más amplia, con cuatro opciones de elevación diferentes, para adaptarse a cada bicicleta y ciclista.

Los manillares Renthal® Fatbar® están diseñados para rodar más rápido, saltar más lejos y durar más.

Características:

Aleación de aluminio serie 7 de alta resistencia.
Granallado para aumentar la vida útil a la fatiga.
Acabado anodizado duro resistente a la corrosión y la abrasión.
Marcaje de posicionamiento grabado a láser para una configuración fácil y rápida.
Marcaje de anchura para permitir un ajuste más personalizado.
Gráficos permanentes.


Especificaciones del manillar:

Anchura: 800 mm
Inclinación hacia atrás: 7°
Inclinación: 5°
Elevación: 20 mm
Diámetro de la abrazadera: 35mm
Peso: 305 g
",VEHICLE PARTS & ACCESSORIES,BICYCLE PARTS & ACCESSORIES,BICYCLE PARTS,6080,375,809,167,45,,,,"Negro & ","Aluminio & ",,,,,,,https://api.mybihr.com/medias/800Wx800H-1120535-1.jpg?context=bWFzdGVyfHJvb3R8MzU1NjB8aW1hZ2UvanBlZ3xhRFUxTDJnMU55ODBORFUxT0Rrd09UY3pORGswTWk4NE1EQlhlRGd3TUVoZk1URXlNRFV6TlMweExtcHdad3xlNGZjOGM1M2U1MzhmYTNjODIwYjJiNDBmNWEyY2JlNWU4ZGFmZDEyZjVlMzQyODBmZTQ3NDBmOThiYTc2OTRj,,,,https://static.bihr.pro/eBihr/Pictures/RENTHAL_CYCLE-pictures.zip,Spain Warehouse (Parts)
1120533,,M156-01-006-01,RENTHAL CYCLE,RENTB FATBAR 35 10MM BLACK,Manillar RENTHAL CYCLE Fatbar Ø35 H10mm Aluminio Negro,95.00,78.51,31.40,5026190154502,2,8714961090,0,1,"<p>El Renthal Fatbar se ha ganado el status de culto y es el manillar elegido por los equipos y atletas de descenso de la Copa del Mundo. Se han ganado 8 medallas de oro en el Campeonato Mundial con el Fatbar, lo que lo consolida como uno de los productos de competici&oacute;n m&aacute;s exitosos de todos los tiempos.</p>
<p>Dise&ntilde;amos el Fatbar para que sea la mejor combinaci&oacute;n entre ligereza, resistencia y durabilidad. El Fatbar tambi&eacute;n ofrece al ciclista la opci&oacute;n m&aacute;s amplia, con cuatro opciones de elevaci&oacute;n diferentes, para adaptarse a cada bicicleta y ciclista.</p>
<p>Los manillares Renthal&reg; Fatbar&reg; est&aacute;n dise&ntilde;ados para rodar m&aacute;s r&aacute;pido, saltar m&aacute;s lejos y durar m&aacute;s.</p>
<p><strong>Caracter&iacute;sticas:</strong></p>
<ul>
<li>Aleaci&oacute;n de aluminio serie 7 de alta resistencia.</li>
<li>Granallado para aumentar la vida &uacute;til a la fatiga.</li>
<li>Acabado anodizado duro resistente a la corrosi&oacute;n y la abrasi&oacute;n.</li>
<li>Marcaje de posicionamiento grabado a l&aacute;ser para una configuraci&oacute;n f&aacute;cil y r&aacute;pida.</li>
<li>Marcaje de anchura para permitir un ajuste m&aacute;s personalizado.</li>
<li>Gr&aacute;ficos permanentes.</li>
</ul>
<p><strong>Especificaciones del manillar:</strong></p>
<ul>
<li>Anchura: 800 mm</li>
<li>Inclinaci&oacute;n hacia atr&aacute;s: 7&deg;</li>
<li>Inclinaci&oacute;n: 5&deg;</li>
<li>Elevaci&oacute;n: 10 mm</li>
<li>Di&aacute;metro de la abrazadera: 35mm</li>
<li>Peso: 305 g</li>
</ul>","
El Renthal Fatbar se ha ganado el status de culto y es el manillar elegido por los equipos y atletas de descenso de la Copa del Mundo. Se han ganado 8 medallas de oro en el Campeonato Mundial con el Fatbar, lo que lo consolida como uno de los productos de competición más exitosos de todos los tiempos.

Diseñamos el Fatbar para que sea la mejor combinación entre ligereza, resistencia y durabilidad. El Fatbar también ofrece al ciclista la opción más amplia, con cuatro opciones de elevación diferentes, para adaptarse a cada bicicleta y ciclista.

Los manillares Renthal® Fatbar® están diseñados para rodar más rápido, saltar más lejos y durar más.

Características:

Aleación de aluminio serie 7 de alta resistencia.
Granallado para aumentar la vida útil a la fatiga.
Acabado anodizado duro resistente a la corrosión y la abrasión.
Marcaje de posicionamiento grabado a láser para una configuración fácil y rápida.
Marcaje de anchura para permitir un ajuste más personalizado.
Gráficos permanentes.


Especificaciones del manillar:

Anchura: 800 mm
Inclinación hacia atrás: 7°
Inclinación: 5°
Elevación: 10 mm
Diámetro de la abrazadera: 35mm
Peso: 305 g
",VEHICLE PARTS & ACCESSORIES,BICYCLE PARTS & ACCESSORIES,BICYCLE PARTS,4444,369,823,135,40,,,,,"Aluminio & ",,,,,,,https://api.mybihr.com/medias/800Wx800H-1120533-1.jpg?context=bWFzdGVyfHJvb3R8MzQ3NjB8aW1hZ2UvanBlZ3xhREpsTDJoaVlTODBORFUxT0Rrd09EazBPRFV4TUM4NE1EQlhlRGd3TUVoZk1URXlNRFV6TXkweExtcHdad3w5M2QzZWFmNTQwODRmODkwNDM1MmNhYjY3M2ZkNDA1NjgyMzg3ZTAxZWM0M2ZmNDNiMzk4YWRjZmQ0ZDViNjYz,,,,https://static.bihr.pro/eBihr/Pictures/RENTHAL_CYCLE-pictures.zip,Spain Warehouse (Parts)
1120538,,M159-02-007-01,RENTHAL CYCLE,RENTB FATBAR 35 40MM ALUGOLD,Manillar RENTHAL CYCLE Fatbar Ø35 H40mm Aluminio Oro,99.99,82.64,49.58,5026190154106,0,8714961090,0,1,"<p>El Renthal Fatbar se ha ganado el status de culto y es el manillar elegido por los equipos y atletas de descenso de la Copa del Mundo. Se han ganado 8 medallas de oro en el Campeonato Mundial con el Fatbar, lo que lo consolida como uno de los productos de competici&oacute;n m&aacute;s exitosos de todos los tiempos.</p>
<p>Dise&ntilde;amos el Fatbar para que sea la mejor combinaci&oacute;n entre ligereza, resistencia y durabilidad. El Fatbar tambi&eacute;n ofrece al ciclista la opci&oacute;n m&aacute;s amplia, con cuatro opciones de elevaci&oacute;n diferentes, para adaptarse a cada bicicleta y ciclista.</p>
<p>Los manillares Renthal&reg; Fatbar&reg; est&aacute;n dise&ntilde;ados para rodar m&aacute;s r&aacute;pido, saltar m&aacute;s lejos y durar m&aacute;s.</p>
<p><strong>Caracter&iacute;sticas:</strong></p>
<ul>
<li>Aleaci&oacute;n de aluminio serie 7 de alta resistencia.</li>
<li>Granallado para aumentar la vida &uacute;til a la fatiga.</li>
<li>Acabado anodizado duro resistente a la corrosi&oacute;n y la abrasi&oacute;n.</li>
<li>Marcaje de posicionamiento grabado a l&aacute;ser para una configuraci&oacute;n f&aacute;cil y r&aacute;pida.</li>
<li>Marcaje de anchura para permitir un ajuste m&aacute;s personalizado.</li>
<li>Gr&aacute;ficos permanentes.</li>
</ul>
<p><strong>Especificaciones del manillar:</strong></p>
<ul>
<li>Anchura: 800 mm</li>
<li>Inclinaci&oacute;n hacia atr&aacute;s: 7&deg;</li>
<li>Inclinaci&oacute;n: 5&deg;</li>
<li>Elevaci&oacute;n: 40 mm</li>
<li>Di&aacute;metro de la abrazadera: 35mm</li>
<li>Peso: 305 g</li>
</ul>","
El Renthal Fatbar se ha ganado el status de culto y es el manillar elegido por los equipos y atletas de descenso de la Copa del Mundo. Se han ganado 8 medallas de oro en el Campeonato Mundial con el Fatbar, lo que lo consolida como uno de los productos de competición más exitosos de todos los tiempos.

Diseñamos el Fatbar para que sea la mejor combinación entre ligereza, resistencia y durabilidad. El Fatbar también ofrece al ciclista la opción más amplia, con cuatro opciones de elevación diferentes, para adaptarse a cada bicicleta y ciclista.

Los manillares Renthal® Fatbar® están diseñados para rodar más rápido, saltar más lejos y durar más.

Características:

Aleación de aluminio serie 7 de alta resistencia.
Granallado para aumentar la vida útil a la fatiga.
Acabado anodizado duro resistente a la corrosión y la abrasión.
Marcaje de posicionamiento grabado a láser para una configuración fácil y rápida.
Marcaje de anchura para permitir un ajuste más personalizado.
Gráficos permanentes.


Especificaciones del manillar:

Anchura: 800 mm
Inclinación hacia atrás: 7°
Inclinación: 5°
Elevación: 40 mm
Diámetro de la abrazadera: 35mm
Peso: 305 g
",VEHICLE PARTS & ACCESSORIES,BICYCLE PARTS & ACCESSORIES,BICYCLE PARTS,5832,390,817,166,43,,,,Oro,"Aluminio & ",,,,,,,https://api.mybihr.com/medias/800Wx800H-1120538-1.jpg?context=bWFzdGVyfHJvb3R8MzY0MjN8aW1hZ2UvanBlZ3xhR1ZtTDJobE15ODBORFUxT0RreE1UTXdOemd3Tmk4NE1EQlhlRGd3TUVoZk1URXlNRFV6T0MweExtcHdad3xhZGVmMTgzZGFlNDBjYjRhNjhmNTk5NzkwNTEyYjgyZGZjZDE5NmY2YTFjMDQ4ZGQ3MmY5MDZlNWY1ZGVhNGM1,,,,https://static.bihr.pro/eBihr/Pictures/RENTHAL_CYCLE-pictures.zip,Spain Warehouse (Parts)
1120536,,M158-02-007-01,RENTHAL CYCLE,RENTB FATBAR 35 30MM ALUGOLD,Manillar RENTHAL CYCLE Fatbar Ø35 H30mm Aluminio Oro,99.99,82.64,49.58,5026190154076,3,8714961090,0,1,"<p>El Renthal Fatbar se ha ganado el status de culto y es el manillar elegido por los equipos y atletas de descenso de la Copa del Mundo. Se han ganado 8 medallas de oro en el Campeonato Mundial con el Fatbar, lo que lo consolida como uno de los productos de competici&oacute;n m&aacute;s exitosos de todos los tiempos.</p>
<p>Dise&ntilde;amos el Fatbar para que sea la mejor combinaci&oacute;n entre ligereza, resistencia y durabilidad. El Fatbar tambi&eacute;n ofrece al ciclista la opci&oacute;n m&aacute;s amplia, con cuatro opciones de elevaci&oacute;n diferentes, para adaptarse a cada bicicleta y ciclista.</p>
<p>Los manillares Renthal&reg; Fatbar&reg; est&aacute;n dise&ntilde;ados para rodar m&aacute;s r&aacute;pido, saltar m&aacute;s lejos y durar m&aacute;s.</p>
<p><strong>Caracter&iacute;sticas:</strong></p>
<ul>
<li>Aleaci&oacute;n de aluminio serie 7 de alta resistencia.</li>
<li>Granallado para aumentar la vida &uacute;til a la fatiga.</li>
<li>Acabado anodizado duro resistente a la corrosi&oacute;n y la abrasi&oacute;n.</li>
<li>Marcaje de posicionamiento grabado a l&aacute;ser para una configuraci&oacute;n f&aacute;cil y r&aacute;pida.</li>
<li>Marcaje de anchura para permitir un ajuste m&aacute;s personalizado.</li>
<li>Gr&aacute;ficos permanentes.</li>
</ul>
<p><strong>Especificaciones del manillar:</strong></p>
<ul>
<li>Anchura: 800 mm</li>
<li>Inclinaci&oacute;n hacia atr&aacute;s: 7&deg;</li>
<li>Inclinaci&oacute;n: 5&deg;</li>
<li>Elevaci&oacute;n: 30 mm</li>
<li>Di&aacute;metro de la abrazadera: 35mm</li>
<li>Peso: 305 g</li>
</ul>","
El Renthal Fatbar se ha ganado el status de culto y es el manillar elegido por los equipos y atletas de descenso de la Copa del Mundo. Se han ganado 8 medallas de oro en el Campeonato Mundial con el Fatbar, lo que lo consolida como uno de los productos de competición más exitosos de todos los tiempos.

Diseñamos el Fatbar para que sea la mejor combinación entre ligereza, resistencia y durabilidad. El Fatbar también ofrece al ciclista la opción más amplia, con cuatro opciones de elevación diferentes, para adaptarse a cada bicicleta y ciclista.

Los manillares Renthal® Fatbar® están diseñados para rodar más rápido, saltar más lejos y durar más.

Características:

Aleación de aluminio serie 7 de alta resistencia.
Granallado para aumentar la vida útil a la fatiga.
Acabado anodizado duro resistente a la corrosión y la abrasión.
Marcaje de posicionamiento grabado a láser para una configuración fácil y rápida.
Marcaje de anchura para permitir un ajuste más personalizado.
Gráficos permanentes.


Especificaciones del manillar:

Anchura: 800 mm
Inclinación hacia atrás: 7°
Inclinación: 5°
Elevación: 30 mm
Diámetro de la abrazadera: 35mm
Peso: 305 g
",VEHICLE PARTS & ACCESSORIES,BICYCLE PARTS & ACCESSORIES,BICYCLE PARTS,6080,387,800,152,50,,,,Oro,"Aluminio & ",,,,,,,https://api.mybihr.com/medias/800Wx800H-1120536-1.jpg?context=bWFzdGVyfHJvb3R8MzU3NTZ8aW1hZ2UvanBlZ3xhR00yTDJoak15ODBORFUxT0RreE1EZzBPVEExTkM4NE1EQlhlRGd3TUVoZk1URXlNRFV6TmkweExtcHdad3xjYWZkYTRhOGRiYWYzYjQxMjkxZTljMjgyMzg3MjQ2MWU3MDYzNmYyZTY5OTZkMjRkZmE2MjExNjQ2MzZhYTZi,,,,https://static.bihr.pro/eBihr/Pictures/RENTHAL_CYCLE-pictures.zip,Spain Warehouse (Parts)
1120542,,STM115-BKAG,RENTHAL CYCLE,RENTB INTEGRA 35 STEM. 50MM X 0MM,Potencia para bicicleta 0° RENTHAL CYCLE Integra - 50 mm,139.00,114.88,45.96,5026190153789,4,8714961090,0,1,"<p>La revolucionaria potencia Integra de Renthal combina una alta resistencia con un peso ultraligero. El uso de dos abrazaderas de manillar independientes en forma de C permite reducir al m&iacute;nimo el material del cuerpo de la potencia, manteniendo una estructura incre&iacute;blemente r&iacute;gida y fuerte.</p>
<p>El gran &aacute;rea de sujeci&oacute;n del manillar, 64mm, aumenta la rigidez torsional y el uso de solo 6 tornillos reduce enormemente el peso total. Adem&aacute;s, la abrazadera ininterrumpida en la parte inferior del manillar elimina los aumentos de tensi&oacute;n que se encuentran en las de la competencia, lo que puede provocar fallas en el manillar.</p>
<p><strong>Caracter&iacute;sticas:</strong></p>
<ul>
<li>Cuerpo de aluminio 6082 mecanizado CNC. Abrazaderas de aluminio 7075.</li>
<li>Abrazaderas &uacute;nicas en forma de C a 240&ordm;.</li>
<li>Dise&ntilde;o m&iacute;nimo de 6 tornillos.</li>
<li>La abrazadera de la cuna, en forma de U, elimina los aumentos de tensi&oacute;n del manillar que se encuentran en las potencias tradicionales.</li>
<li>Area de sujeci&oacute;n de la abrazadera ultra-ancha, 64 mm.</li>
</ul>
<p><strong>Especificaci&oacute;n de la potencia:</strong></p>
<ul><li>Desplazamiento: 50mm</li>
<li>Subida: 0mm</li>
<li>Fijaci&oacute;n: Boxxer/Fox IS</li>
<li>Di&aacute;metro de la abrazadera: 35mm</li>
<li>Peso: 159 g (tornillos incluidos)</li>
</ul>","
La revolucionaria potencia Integra de Renthal combina una alta resistencia con un peso ultraligero. El uso de dos abrazaderas de manillar independientes en forma de C permite reducir al mínimo el material del cuerpo de la potencia, manteniendo una estructura increíblemente rígida y fuerte.

El gran área de sujeción del manillar, 64mm, aumenta la rigidez torsional y el uso de solo 6 tornillos reduce enormemente el peso total. Además, la abrazadera ininterrumpida en la parte inferior del manillar elimina los aumentos de tensión que se encuentran en las de la competencia, lo que puede provocar fallas en el manillar.

Características:

Cuerpo de aluminio 6082 mecanizado CNC. Abrazaderas de aluminio 7075.
Abrazaderas únicas en forma de C a 240º.
Diseño mínimo de 6 tornillos.
La abrazadera de la cuna, en forma de U, elimina los aumentos de tensión del manillar que se encuentran en las potencias tradicionales.
Area de sujeción de la abrazadera ultra-ancha, 64 mm.


Especificación de la potencia:
Desplazamiento: 50mm
Subida: 0mm
Fijación: Boxxer/Fox IS
Diámetro de la abrazadera: 35mm
Peso: 159 g (tornillos incluidos)
",VEHICLE PARTS & ACCESSORIES,BICYCLE PARTS & ACCESSORIES,BICYCLE PARTS,267,171,90,69,43,,,,,,,,,,,E-Bike & MTB,https://api.mybihr.com/medias/800Wx800H-1120542-1.jpg?context=bWFzdGVyfHJvb3R8NDY2MTB8aW1hZ2UvanBlZ3xhR05sTDJneE9TODBORFUxT0RreE16QTNOekkzT0M4NE1EQlhlRGd3TUVoZk1URXlNRFUwTWkweExtcHdad3w5MmI3ZGNkNjAzNjE2MGNiZWM2Y2IwYzY3OWZlMDFlOWUxY2E2NzIxYjE3ZTg2ZDIxODFiMWU1ODAyMzU4ZWIy,,,,https://static.bihr.pro/eBihr/Pictures/RENTHAL_CYCLE-pictures.zip,Spain Warehouse (Parts)
1120546,,STM119-BKAG,RENTHAL CYCLE,RENTB APEX 35 STEM 50MM,Potencia para bicicleta ±6° RENTHAL CYCLE Apex - 50 mm,125.01,103.31,61.99,5026190153727,2,8714961090,0,1,"<p>Las potencias Renthal Apex combinan la fuerza del All Mountain, la rigidez del Enduro y el peso ligero del XC.</p>
<p>Las exclusivas abrazaderas del manillar a 240&deg; permiten quitar gran parte del material del cuerpo de la potencia, al tiempo que conservan la resistencia y la rigidez que exigen los manillares anchos y modernos.</p>
<p>Las Apex est&aacute;n completamente mecanizadas por CNC, con un orificio central sobredimensionado, un extenso mecanizado en 3D y una cincha externa para maximizar la resistencia y rigidez estructural y minimizar el peso.</p><p><strong>Especificaci&oacute;n de la potencia</strong></p>
<ul>
<li>Desplazamiento: 50 mm</li>
<li>Subida: +/- 6</li>
<li>Altura: 40mm</li>
<li>Di&aacute;metro de la abrazadera: 35mm</li>
<li>Ancho de la abrazadera: 46 mm</li>
<li>Sujeci&oacute;n de la horquilla: 28,6 mm</li>
<li>Peso: 112 g (tornillos incluidos)</li>
</ul>","
Las potencias Renthal Apex combinan la fuerza del All Mountain, la rigidez del Enduro y el peso ligero del XC.

Las exclusivas abrazaderas del manillar a 240° permiten quitar gran parte del material del cuerpo de la potencia, al tiempo que conservan la resistencia y la rigidez que exigen los manillares anchos y modernos.

Las Apex están completamente mecanizadas por CNC, con un orificio central sobredimensionado, un extenso mecanizado en 3D y una cincha externa para maximizar la resistencia y rigidez estructural y minimizar el peso.
Especificación de la potencia

Desplazamiento: 50 mm
Subida: +/- 6
Altura: 40mm
Diámetro de la abrazadera: 35mm
Ancho de la abrazadera: 46 mm
Sujeción de la horquilla: 28,6 mm
Peso: 112 g (tornillos incluidos)
",VEHICLE PARTS & ACCESSORIES,BICYCLE PARTS & ACCESSORIES,BICYCLE PARTS,339,153,114,62,48,,,,,,,,,,,E-Bike & MTB,https://api.mybihr.com/medias/800Wx800H-1120546-1.jpg?context=bWFzdGVyfHJvb3R8NjIxNzh8aW1hZ2UvanBlZ3xhRFJoTDJneE5pODBORFUxT0Rrd05UQTBPVEV4T0M4NE1EQlhlRGd3TUVoZk1URXlNRFUwTmkweExtcHdad3xiZDcxZTMzMzdjNzJlNWE5YmFjMTYyZGY4MjRmOTAzYmJiN2YxMTQ5NmUwMWIzNjlhOGY4NWQ1NjNlM2UxYmNh,https://api.mybihr.com/medias/800Wx800H-1120546-2.jpg?context=bWFzdGVyfHJvb3R8MzEwMjl8aW1hZ2UvanBlZ3xhRFk1TDJnd1l5ODBORFUxT0Rrd05UTXhNVEkyTWk4NE1EQlhlRGd3TUVoZk1URXlNRFUwTmkweUxtcHdad3xmYThjZmM1MzA0YTU3NmRhZTc4YjVhZDg2ODRkNzFjYzMzZjFhMjYxMjkyNzYzMWUwNDQwZDk5OGE1ZmQ2MDM1,https://api.mybihr.com/medias/800Wx800H-1120546-3.jpg?context=bWFzdGVyfHJvb3R8NDM0NjB8aW1hZ2UvanBlZ3xhREkwTDJnd01TODBORFUxT0Rrd05UY3dORFEzT0M4NE1EQlhlRGd3TUVoZk1URXlNRFUwTmkwekxtcHdad3w2Y2Q4MDBkMzg1YzI1NjAxNDJmZjg0NTc2MDdkYTNjMTkwOTQzYzQ5NGM5ZTE0Y2U1ODk5MjA1ODkzMDQ3YTFk,https://api.mybihr.com/medias/800Wx800H-1120546-4.jpg?context=bWFzdGVyfHJvb3R8MzEwNjN8aW1hZ2UvanBlZ3xhREJrTDJnMU5DODBORFUxT0Rrd05qQTVOelk1TkM4NE1EQlhlRGd3TUVoZk1URXlNRFUwTmkwMExtcHdad3xhMGM4NDhjN2NiYThkM2Q0NmQ2MjE3ZmZmNzc3ZGIzMjU4MDliNGFlMTYzZGRlMjkyNjY4YTFhNTFmZWM3MGQw,https://static.bihr.pro/eBihr/Pictures/RENTHAL_CYCLE-pictures.zip,Spain Warehouse (Parts)
1120537,,M158-01-006-01,RENTHAL CYCLE,RENTB FATBAR 35 30MM BLACK,Manillar RENTHAL CYCLE Fatbar Ø35 H30mm Aluminio Negro,99.99,82.64,49.58,5026190154526,0,8714961090,0,1,"<p>El Renthal Fatbar se ha ganado el status de culto y es el manillar elegido por los equipos y atletas de descenso de la Copa del Mundo. Se han ganado 8 medallas de oro en el Campeonato Mundial con el Fatbar, lo que lo consolida como uno de los productos de competici&oacute;n m&aacute;s exitosos de todos los tiempos.</p>
<p>Dise&ntilde;amos el Fatbar para que sea la mejor combinaci&oacute;n entre ligereza, resistencia y durabilidad. El Fatbar tambi&eacute;n ofrece al ciclista la opci&oacute;n m&aacute;s amplia, con cuatro opciones de elevaci&oacute;n diferentes, para adaptarse a cada bicicleta y ciclista.</p>
<p>Los manillares Renthal&reg; Fatbar&reg; est&aacute;n dise&ntilde;ados para rodar m&aacute;s r&aacute;pido, saltar m&aacute;s lejos y durar m&aacute;s.</p>
<p><strong>Caracter&iacute;sticas:</strong></p>
<ul>
<li>Aleaci&oacute;n de aluminio serie 7 de alta resistencia.</li>
<li>Granallado para aumentar la vida &uacute;til a la fatiga.</li>
<li>Acabado anodizado duro resistente a la corrosi&oacute;n y la abrasi&oacute;n.</li>
<li>Marcaje de posicionamiento grabado a l&aacute;ser para una configuraci&oacute;n f&aacute;cil y r&aacute;pida.</li>
<li>Marcaje de anchura para permitir un ajuste m&aacute;s personalizado.</li>
<li>Gr&aacute;ficos permanentes.</li>
</ul>
<p><strong>Especificaciones del manillar:</strong></p>
<ul>
<li>Anchura: 800 mm</li>
<li>Inclinaci&oacute;n hacia atr&aacute;s: 7&deg;</li>
<li>Inclinaci&oacute;n: 5&deg;</li>
<li>Elevaci&oacute;n: 30 mm</li>
<li>Di&aacute;metro de la abrazadera: 35mm</li>
<li>Peso: 305 g</li>
</ul>","
El Renthal Fatbar se ha ganado el status de culto y es el manillar elegido por los equipos y atletas de descenso de la Copa del Mundo. Se han ganado 8 medallas de oro en el Campeonato Mundial con el Fatbar, lo que lo consolida como uno de los productos de competición más exitosos de todos los tiempos.

Diseñamos el Fatbar para que sea la mejor combinación entre ligereza, resistencia y durabilidad. El Fatbar también ofrece al ciclista la opción más amplia, con cuatro opciones de elevación diferentes, para adaptarse a cada bicicleta y ciclista.

Los manillares Renthal® Fatbar® están diseñados para rodar más rápido, saltar más lejos y durar más.

Características:

Aleación de aluminio serie 7 de alta resistencia.
Granallado para aumentar la vida útil a la fatiga.
Acabado anodizado duro resistente a la corrosión y la abrasión.
Marcaje de posicionamiento grabado a láser para una configuración fácil y rápida.
Marcaje de anchura para permitir un ajuste más personalizado.
Gráficos permanentes.


Especificaciones del manillar:

Anchura: 800 mm
Inclinación hacia atrás: 7°
Inclinación: 5°
Elevación: 30 mm
Diámetro de la abrazadera: 35mm
Peso: 305 g
",VEHICLE PARTS & ACCESSORIES,BICYCLE PARTS & ACCESSORIES,BICYCLE PARTS,6245,399,831,167,45,,,,Negro,"Aluminio & ",,,,,,,https://api.mybihr.com/medias/800Wx800H-1120537-1.jpg?context=bWFzdGVyfHJvb3R8MzU3MTF8aW1hZ2UvanBlZ3xhR0prTDJobFpDODBORFUxT0RreE1UQTBOVFkyTWk4NE1EQlhlRGd3TUVoZk1URXlNRFV6TnkweExtcHdad3w0YzIwZTE5NjU0ZmIyNDE4MGI3MzdkMjhmMjM0MGM5MmMzMmVjZjk3NDBlMjkxYWE1ZmZhM2FiZjVlZTM5MTAy,,,,https://static.bihr.pro/eBihr/Pictures/RENTHAL_CYCLE-pictures.zip,Spain Warehouse (Parts)
1120544,,STM117-BKAG,RENTHAL CYCLE,RENTB APEX 35 STEM 33MM,Potencia para bicicleta ±6° RENTHAL CYCLE Apex - 33 mm,129.99,107.43,64.46,5026190153031,1,8714961090,0,1,"<p>Las potencias Renthal Apex combinan la fuerza del All Mountain, la rigidez del Enduro y el peso ligero del XC.</p>
<p>Las exclusivas abrazaderas del manillar a 240&deg; permiten quitar gran parte del material del cuerpo de la potencia, al tiempo que conservan la resistencia y la rigidez que exigen los manillares anchos y modernos.</p>
<p>Las Apex est&aacute;n completamente mecanizadas por CNC, con un orificio central sobredimensionado, un extenso mecanizado en 3D y una cincha externa para maximizar la resistencia y rigidez estructural y minimizar el peso.</p><p><strong>Especificaci&oacute;n de la potencia</strong></p>
<ul>
<li>Desplazamiento: 33 mm</li>
<li>Subida: +/- 6</li>
<li>Altura: 40mm</li>
<li>Di&aacute;metro de la abrazadera: 35mm</li>
<li>Ancho de la abrazadera: 46 mm</li>
<li>Sujeci&oacute;n de la horquilla: 28,6 mm</li>
<li>Peso: 112 g (tornillos incluidos)</li>
</ul>","
Las potencias Renthal Apex combinan la fuerza del All Mountain, la rigidez del Enduro y el peso ligero del XC.

Las exclusivas abrazaderas del manillar a 240° permiten quitar gran parte del material del cuerpo de la potencia, al tiempo que conservan la resistencia y la rigidez que exigen los manillares anchos y modernos.

Las Apex están completamente mecanizadas por CNC, con un orificio central sobredimensionado, un extenso mecanizado en 3D y una cincha externa para maximizar la resistencia y rigidez estructural y minimizar el peso.
Especificación de la potencia

Desplazamiento: 33 mm
Subida: +/- 6
Altura: 40mm
Diámetro de la abrazadera: 35mm
Ancho de la abrazadera: 46 mm
Sujeción de la horquilla: 28,6 mm
Peso: 112 g (tornillos incluidos)
",VEHICLE PARTS & ACCESSORIES,BICYCLE PARTS & ACCESSORIES,BICYCLE PARTS,358,128,112,64,50,,,,,,,,,,,E-Bike & MTB,https://api.mybihr.com/medias/800Wx800H-1120544-1.jpg?context=bWFzdGVyfHJvb3R8NTU5NDh8aW1hZ2UvanBlZ3xhR0ZrTDJoaU15ODBORFUxT0Rrd01qSTVOall3Tmk4NE1EQlhlRGd3TUVoZk1URXlNRFUwTkMweExtcHdad3w3MWEwZTRlMDc0YjUyMmM2OTgwYzA2ZTBkMWQyZjZiNjAxZGMyYzhhMTZlMzZmN2VlY2VkNTM4NGQ2ODc1NzE2,https://api.mybihr.com/medias/800Wx800H-1120544-2.jpg?context=bWFzdGVyfHJvb3R8MzEwMjl8aW1hZ2UvanBlZ3xhRGRpTDJoaVpDODBORFUxT0Rrd01qVTFPRGMxTUM4NE1EQlhlRGd3TUVoZk1URXlNRFUwTkMweUxtcHdad3xmNWI1ZmVmYzA1MmFkYTg3YTFmYzBiZTY5ODA5NzZmMzFkNDVlOTk3MjI0OWUxMjgyZjk0Mjc4MTRjYThkNzNl,https://api.mybihr.com/medias/800Wx800H-1120544-3.jpg?context=bWFzdGVyfHJvb3R8NDM0NjB8aW1hZ2UvanBlZ3xhREZqTDJoallpODBORFUxT0Rrd01qazFNVGsyTmk4NE1EQlhlRGd3TUVoZk1URXlNRFUwTkMwekxtcHdad3xiZTQyNmYzYTVlNzJkOWM3N2E3OTdhMzY1OGYwMTllMzJjZDFhNzU1OTc4MWQ2ZjJmY2FhNmRkNjg1ZDlkZWQ2,https://api.mybihr.com/medias/800Wx800H-1120544-4.jpg?context=bWFzdGVyfHJvb3R8MzEwNjN8aW1hZ2UvanBlZ3xhR0ZoTDJoa1ppODBORFUxT0Rrd016TTBOVEU0TWk4NE1EQlhlRGd3TUVoZk1URXlNRFUwTkMwMExtcHdad3w3OTMxZGU0NTQ0ODYyMjA4M2I2MjUzYmI3OGZlZWEzNDgzNmMwZWRhNDgyNzAzYzkwMTRmMzE4MWUxNWU5ZDkw,https://static.bihr.pro/eBihr/Pictures/RENTHAL_CYCLE-pictures.zip,Spain Warehouse (Parts)
1120534,,M157-02-007-01,RENTHAL CYCLE,RENTB FATBAR 35 20MM ALUGOLD,Manillar RENTHAL CYCLE Fatbar Ø35 H20mm Aluminio Oro,99.99,82.64,49.58,5026190154038,2,8714961090,0,1,"<p>El Renthal Fatbar se ha ganado el status de culto y es el manillar elegido por los equipos y atletas de descenso de la Copa del Mundo. Se han ganado 8 medallas de oro en el Campeonato Mundial con el Fatbar, lo que lo consolida como uno de los productos de competici&oacute;n m&aacute;s exitosos de todos los tiempos.</p>
<p>Dise&ntilde;amos el Fatbar para que sea la mejor combinaci&oacute;n entre ligereza, resistencia y durabilidad. El Fatbar tambi&eacute;n ofrece al ciclista la opci&oacute;n m&aacute;s amplia, con cuatro opciones de elevaci&oacute;n diferentes, para adaptarse a cada bicicleta y ciclista.</p>
<p>Los manillares Renthal&reg; Fatbar&reg; est&aacute;n dise&ntilde;ados para rodar m&aacute;s r&aacute;pido, saltar m&aacute;s lejos y durar m&aacute;s.</p>
<p><strong>Caracter&iacute;sticas:</strong></p>
<ul>
<li>Aleaci&oacute;n de aluminio serie 7 de alta resistencia.</li>
<li>Granallado para aumentar la vida &uacute;til a la fatiga.</li>
<li>Acabado anodizado duro resistente a la corrosi&oacute;n y la abrasi&oacute;n.</li>
<li>Marcaje de posicionamiento grabado a l&aacute;ser para una configuraci&oacute;n f&aacute;cil y r&aacute;pida.</li>
<li>Marcaje de anchura para permitir un ajuste m&aacute;s personalizado.</li>
<li>Gr&aacute;ficos permanentes.</li>
</ul>
<p><strong>Especificaciones del manillar:</strong></p>
<ul>
<li>Anchura: 800 mm</li>
<li>Inclinaci&oacute;n hacia atr&aacute;s: 7&deg;</li>
<li>Inclinaci&oacute;n: 5&deg;</li>
<li>Elevaci&oacute;n: 20 mm</li>
<li>Di&aacute;metro de la abrazadera: 35mm</li>
<li>Peso: 305 g</li>
</ul>","
El Renthal Fatbar se ha ganado el status de culto y es el manillar elegido por los equipos y atletas de descenso de la Copa del Mundo. Se han ganado 8 medallas de oro en el Campeonato Mundial con el Fatbar, lo que lo consolida como uno de los productos de competición más exitosos de todos los tiempos.

Diseñamos el Fatbar para que sea la mejor combinación entre ligereza, resistencia y durabilidad. El Fatbar también ofrece al ciclista la opción más amplia, con cuatro opciones de elevación diferentes, para adaptarse a cada bicicleta y ciclista.

Los manillares Renthal® Fatbar® están diseñados para rodar más rápido, saltar más lejos y durar más.

Características:

Aleación de aluminio serie 7 de alta resistencia.
Granallado para aumentar la vida útil a la fatiga.
Acabado anodizado duro resistente a la corrosión y la abrasión.
Marcaje de posicionamiento grabado a láser para una configuración fácil y rápida.
Marcaje de anchura para permitir un ajuste más personalizado.
Gráficos permanentes.


Especificaciones del manillar:

Anchura: 800 mm
Inclinación hacia atrás: 7°
Inclinación: 5°
Elevación: 20 mm
Diámetro de la abrazadera: 35mm
Peso: 305 g
",VEHICLE PARTS & ACCESSORIES,BICYCLE PARTS & ACCESSORIES,BICYCLE PARTS,6444,370,839,128,60,,,,Oro,"Aluminio & ",,,,,,,https://api.mybihr.com/medias/800Wx800H-1120534-1.jpg?context=bWFzdGVyfHJvb3R8MzUzNDF8aW1hZ2UvanBlZ3xhR1V5TDJnMk5DODBORFUxT0Rrd09UTTBNVGN5Tmk4NE1EQlhlRGd3TUVoZk1URXlNRFV6TkMweExtcHdad3xlNjUxZTRlMjEwYTdhODUwMjgzNWIzMzdhNmRlYWM4OTllYjQxMjRiMjMzODk4NWMwZjlmODM4NWM3YmYwNmU3,,,,https://static.bihr.pro/eBihr/Pictures/RENTHAL_CYCLE-pictures.zip,Spain Warehouse (Parts)
1120532,,M156-02-007-01,RENTHAL CYCLE,RENTB FATBAR 35 10MM ALUGOLD,Manillar RENTHAL CYCLE Fatbar Ø35 H10mm Aluminio Oro,95.00,78.51,47.11,5026190153086,1,8714961090,0,1,"<p>El Renthal Fatbar se ha ganado el status de culto y es el manillar elegido por los equipos y atletas de descenso de la Copa del Mundo. Se han ganado 8 medallas de oro en el Campeonato Mundial con el Fatbar, lo que lo consolida como uno de los productos de competici&oacute;n m&aacute;s exitosos de todos los tiempos.</p>
<p>Dise&ntilde;amos el Fatbar para que sea la mejor combinaci&oacute;n entre ligereza, resistencia y durabilidad. El Fatbar tambi&eacute;n ofrece al ciclista la opci&oacute;n m&aacute;s amplia, con cuatro opciones de elevaci&oacute;n diferentes, para adaptarse a cada bicicleta y ciclista.</p>
<p>Los manillares Renthal&reg; Fatbar&reg; est&aacute;n dise&ntilde;ados para rodar m&aacute;s r&aacute;pido, saltar m&aacute;s lejos y durar m&aacute;s.</p>
<p><strong>Caracter&iacute;sticas:</strong></p>
<ul>
<li>Aleaci&oacute;n de aluminio serie 7 de alta resistencia.</li>
<li>Granallado para aumentar la vida &uacute;til a la fatiga.</li>
<li>Acabado anodizado duro resistente a la corrosi&oacute;n y la abrasi&oacute;n.</li>
<li>Marcaje de posicionamiento grabado a l&aacute;ser para una configuraci&oacute;n f&aacute;cil y r&aacute;pida.</li>
<li>Marcaje de anchura para permitir un ajuste m&aacute;s personalizado.</li>
<li>Gr&aacute;ficos permanentes.</li>
</ul>
<p><strong>Especificaciones del manillar:</strong></p>
<ul>
<li>Anchura: 800 mm</li>
<li>Inclinaci&oacute;n hacia atr&aacute;s: 7&deg;</li>
<li>Inclinaci&oacute;n: 5&deg;</li>
<li>Elevaci&oacute;n: 10 mm</li>
<li>Di&aacute;metro de la abrazadera: 35mm</li>
<li>Peso: 305 g</li>
</ul>","
El Renthal Fatbar se ha ganado el status de culto y es el manillar elegido por los equipos y atletas de descenso de la Copa del Mundo. Se han ganado 8 medallas de oro en el Campeonato Mundial con el Fatbar, lo que lo consolida como uno de los productos de competición más exitosos de todos los tiempos.

Diseñamos el Fatbar para que sea la mejor combinación entre ligereza, resistencia y durabilidad. El Fatbar también ofrece al ciclista la opción más amplia, con cuatro opciones de elevación diferentes, para adaptarse a cada bicicleta y ciclista.

Los manillares Renthal® Fatbar® están diseñados para rodar más rápido, saltar más lejos y durar más.

Características:

Aleación de aluminio serie 7 de alta resistencia.
Granallado para aumentar la vida útil a la fatiga.
Acabado anodizado duro resistente a la corrosión y la abrasión.
Marcaje de posicionamiento grabado a láser para una configuración fácil y rápida.
Marcaje de anchura para permitir un ajuste más personalizado.
Gráficos permanentes.


Especificaciones del manillar:

Anchura: 800 mm
Inclinación hacia atrás: 7°
Inclinación: 5°
Elevación: 10 mm
Diámetro de la abrazadera: 35mm
Peso: 305 g
",VEHICLE PARTS & ACCESSORIES,BICYCLE PARTS & ACCESSORIES,BICYCLE PARTS,5184,381,805,161,40,,,,Oro,"Aluminio & ",,,,,,,https://api.mybihr.com/medias/800Wx800H-1120532-1.jpg?context=bWFzdGVyfHJvb3R8MzI5ODJ8aW1hZ2UvanBlZ3xhR0pqTDJoak55ODBORFUxT0Rrd09EVTFOVEk1TkM4NE1EQlhlRGd3TUVoZk1URXlNRFV6TWkweExtcHdad3xmN2U5ZjVjNWE3MmMzMzc2MDRkOWYwMjVlN2EwNGU2ZjMyNmI1ODliYzNiMzJjOGFkM2FjNzhjMjY5Yzk4NWQx,,,,https://static.bihr.pro/eBihr/Pictures/RENTHAL_CYCLE-pictures.zip,Spain Warehouse (Parts)
1120541,,STM114-BKAG,RENTHAL CYCLE,RENTB INTEGRA 35 STEM. 45MM X 10MM,Potencia para bicicleta +10° RENTHAL CYCLE Integra - 45 mm,139.00,114.88,68.93,5026190153765,2,8714961090,0,1,"<p>La revolucionaria potencia Integra de Renthal combina una alta resistencia con un peso ultraligero. El uso de dos abrazaderas de manillar independientes en forma de C permite reducir al m&iacute;nimo el material del cuerpo de la potencia, manteniendo una estructura incre&iacute;blemente r&iacute;gida y fuerte.</p>
<p>El gran &aacute;rea de sujeci&oacute;n del manillar, 64mm, aumenta la rigidez torsional y el uso de solo 6 tornillos reduce enormemente el peso total. Adem&aacute;s, la abrazadera ininterrumpida en la parte inferior del manillar elimina los aumentos de tensi&oacute;n que se encuentran en las de la competencia, lo que puede provocar fallas en el manillar.</p>
<p><strong>Caracter&iacute;sticas:</strong></p>
<ul>
<li>Cuerpo de aluminio 6082 mecanizado CNC. Abrazaderas de aluminio 7075.</li>
<li>Abrazaderas &uacute;nicas en forma de C a 240&ordm;.</li>
<li>Dise&ntilde;o m&iacute;nimo de 6 tornillos.</li>
<li>La abrazadera de la cuna, en forma de U, elimina los aumentos de tensi&oacute;n del manillar que se encuentran en las potencias tradicionales.</li>
<li>Area de sujeci&oacute;n de la abrazadera ultra-ancha, 64 mm.</li>
</ul>
<p><strong>Especificaci&oacute;n de la potencia:</strong></p>
<ul><li>Desplazamiento: 45mm</li>
<li>Subida: +10mm</li>
<li>Fijaci&oacute;n: Boxxer/Fox IS</li>
<li>Di&aacute;metro de la abrazadera: 35mm</li>
<li>Peso: 159 g (tornillos incluidos)</li>
</ul>","
La revolucionaria potencia Integra de Renthal combina una alta resistencia con un peso ultraligero. El uso de dos abrazaderas de manillar independientes en forma de C permite reducir al mínimo el material del cuerpo de la potencia, manteniendo una estructura increíblemente rígida y fuerte.

El gran área de sujeción del manillar, 64mm, aumenta la rigidez torsional y el uso de solo 6 tornillos reduce enormemente el peso total. Además, la abrazadera ininterrumpida en la parte inferior del manillar elimina los aumentos de tensión que se encuentran en las de la competencia, lo que puede provocar fallas en el manillar.

Características:

Cuerpo de aluminio 6082 mecanizado CNC. Abrazaderas de aluminio 7075.
Abrazaderas únicas en forma de C a 240º.
Diseño mínimo de 6 tornillos.
La abrazadera de la cuna, en forma de U, elimina los aumentos de tensión del manillar que se encuentran en las potencias tradicionales.
Area de sujeción de la abrazadera ultra-ancha, 64 mm.


Especificación de la potencia:
Desplazamiento: 45mm
Subida: +10mm
Fijación: Boxxer/Fox IS
Diámetro de la abrazadera: 35mm
Peso: 159 g (tornillos incluidos)
",VEHICLE PARTS & ACCESSORIES,BICYCLE PARTS & ACCESSORIES,BICYCLE PARTS,260,170,85,71,43,,,,,,,,,,,E-Bike & MTB,https://api.mybihr.com/medias/800Wx800H-1120541-1.jpg?context=bWFzdGVyfHJvb3R8NDU5OTZ8aW1hZ2UvanBlZ3xhREEzTDJnMlppODBORFUxT0RreE1qWTROREEyTWk4NE1EQlhlRGd3TUVoZk1URXlNRFUwTVMweExtcHdad3xhMmE2NmNlZDUxMWJjMGRmNmUzODlhODU1ZmRkODM0NDE2OGYxMTg4ZDIwN2MzNTRkMjViMjBlNTQ1ODI5ZTRl,,,,https://static.bihr.pro/eBihr/Pictures/RENTHAL_CYCLE-pictures.zip,Spain Warehouse (Parts)
1120545,,STM118-BKAG,RENTHAL CYCLE,RENTB APEX 35 STEM 40MM,Potencia para bicicleta ±6° RENTHAL CYCLE Apex - 40 mm,125.01,103.31,61.99,5026190153703,1,8714961090,0,1,"<p>Las potencias Renthal Apex combinan la fuerza del All Mountain, la rigidez del Enduro y el peso ligero del XC.</p>
<p>Las exclusivas abrazaderas del manillar a 240&deg; permiten quitar gran parte del material del cuerpo de la potencia, al tiempo que conservan la resistencia y la rigidez que exigen los manillares anchos y modernos.</p>
<p>Las Apex est&aacute;n completamente mecanizadas por CNC, con un orificio central sobredimensionado, un extenso mecanizado en 3D y una cincha externa para maximizar la resistencia y rigidez estructural y minimizar el peso.</p><p><strong>Especificaci&oacute;n de la potencia</strong></p>
<ul>
<li>Desplazamiento: 40 mm</li>
<li>Subida: +/- 6</li>
<li>Altura: 40mm</li>
<li>Di&aacute;metro de la abrazadera: 35mm</li>
<li>Ancho de la abrazadera: 46 mm</li>
<li>Sujeci&oacute;n de la horquilla: 28,6 mm</li>
<li>Peso: 112 g (tornillos incluidos)</li>
</ul>","
Las potencias Renthal Apex combinan la fuerza del All Mountain, la rigidez del Enduro y el peso ligero del XC.

Las exclusivas abrazaderas del manillar a 240° permiten quitar gran parte del material del cuerpo de la potencia, al tiempo que conservan la resistencia y la rigidez que exigen los manillares anchos y modernos.

Las Apex están completamente mecanizadas por CNC, con un orificio central sobredimensionado, un extenso mecanizado en 3D y una cincha externa para maximizar la resistencia y rigidez estructural y minimizar el peso.
Especificación de la potencia

Desplazamiento: 40 mm
Subida: +/- 6
Altura: 40mm
Diámetro de la abrazadera: 35mm
Ancho de la abrazadera: 46 mm
Sujeción de la horquilla: 28,6 mm
Peso: 112 g (tornillos incluidos)
",VEHICLE PARTS & ACCESSORIES,BICYCLE PARTS & ACCESSORIES,BICYCLE PARTS,334,139,114,61,48,,,,,,,,,,,E-Bike & MTB,https://api.mybihr.com/medias/800Wx800H-1120545-1.jpg?context=bWFzdGVyfHJvb3R8NTg1Nzd8aW1hZ2UvanBlZ3xhREZoTDJoa05TODBORFUxT0Rrd016WTNNamcyTWk4NE1EQlhlRGd3TUVoZk1URXlNRFUwTlMweExtcHdad3xiMzZlZWFlMTBjNWU1OTJhZDRkZjJkYmNkYzdlYTU5YTIwYjQ5MzQ3NjM1MzQ4YjY0ODMwMWIyODViNzc4NDBk,https://api.mybihr.com/medias/800Wx800H-1120545-2.jpg?context=bWFzdGVyfHJvb3R8MzEwMjl8aW1hZ2UvanBlZ3xhRFJqTDJoallpODBORFUxT0Rrd016a3pOVEF3Tmk4NE1EQlhlRGd3TUVoZk1URXlNRFUwTlMweUxtcHdad3wwZjFkNTljNmIxNGQ1ODhhNTFmY2I3MWFiMGFjZmZlNzAwYWFjOTgwNzdlNDkzODk3OWZiMzNmYzVhZjc4ZmJi,https://api.mybihr.com/medias/800Wx800H-1120545-3.jpg?context=bWFzdGVyfHJvb3R8NDM0NjB8aW1hZ2UvanBlZ3xhREV6TDJnM05pODBORFUxT0Rrd05ETXlPREl5TWk4NE1EQlhlRGd3TUVoZk1URXlNRFUwTlMwekxtcHdad3xjYTkwYWU0MGIwZTQzMDRlZTNkNmEzNjk4YjVjYTcwMWJkNmU5NmFhZjQwMmY2ODg2OWRjMWY4YzcwY2FkYjMy,https://api.mybihr.com/medias/800Wx800H-1120545-4.jpg?context=bWFzdGVyfHJvb3R8MzEwNjN8aW1hZ2UvanBlZ3xhRGN5TDJnMk9DODBORFUxT0Rrd05EY3lNVFF6T0M4NE1EQlhlRGd3TUVoZk1URXlNRFUwTlMwMExtcHdad3xiMmJiYTY0M2VmZTZkNDlhMzJhNzQwMTY5N2Y2MjMxNDgxYTQwNjkxOTNmOTIwYzU5NzMyMTJlZmM4NjFiYjRh,https://static.bihr.pro/eBihr/Pictures/RENTHAL_CYCLE-pictures.zip,Spain Warehouse (Parts)
1125604,,PD10001-001-01,RENTHAL CYCLE,RENTB REVO-F FLAT PEDAL BLACK,Par de pedales RENTHAL CYCLE Revo-F - negro,179.00,147.93,88.76,5026190162293,1,8714961090,0,1,"<p>Renthal se enorgullece de presentar los nuevos pedales planos Revo-F. Dise&ntilde;ados desde cero, el primer producto de pedal de Renthal est&aacute; repleto de tecnolog&iacute;a, caracter&iacute;sticas &uacute;nicas e innovadoras, con patente pendiente.<br>Caracter&iacute;sticas clave del Renthal Revo-F;</p>
<ul>
<li>Plataforma genuinamente c&oacute;ncava en ambos ejes.</li>
<li>Largo-100 mm x Ancho-104 mm.</li>
<li>Diez tetones por cada cara, todos de tipo roscado.</li>
<li>Posicionamiento asim&eacute;trico del eje y mayor longitud, para una plataforma m&aacute;xima utilizable.</li>
<li>Longitud del eje ajustable de 2,5 mm a 5,5 mm, en incrementos de 1 mm.</li>
<li>Tres rodamientos de cartucho externos y casquillo IGUS interno extra ancho.</li>
<li>Completamente sellado con ret&eacute;n de labio de contacto total interno y ret&eacute;n de tapa externa con junta t&oacute;rica.</li>
<li>El sistema de ejes de Renthal, pendiente de patente, permite hacerle el mantenimiento en casa, sin herramientas especializadas.</li>
<li>Cuerpo de aluminio 6061 forjado y mecanizado mediante CNC.</li>
<li>Eje de cromoly de alta calidad.</li>
<li>Acabado anodizado negro, con texturas superficiales contrastadas.</li>
</ul>","
Renthal se enorgullece de presentar los nuevos pedales planos Revo-F. Diseñados desde cero, el primer producto de pedal de Renthal está repleto de tecnología, características únicas e innovadoras, con patente pendiente.Características clave del Renthal Revo-F;

Plataforma genuinamente cóncava en ambos ejes.
Largo-100 mm x Ancho-104 mm.
Diez tetones por cada cara, todos de tipo roscado.
Posicionamiento asimétrico del eje y mayor longitud, para una plataforma máxima utilizable.
Longitud del eje ajustable de 2,5 mm a 5,5 mm, en incrementos de 1 mm.
Tres rodamientos de cartucho externos y casquillo IGUS interno extra ancho.
Completamente sellado con retén de labio de contacto total interno y retén de tapa externa con junta tórica.
El sistema de ejes de Renthal, pendiente de patente, permite hacerle el mantenimiento en casa, sin herramientas especializadas.
Cuerpo de aluminio 6061 forjado y mecanizado mediante CNC.
Eje de cromoly de alta calidad.
Acabado anodizado negro, con texturas superficiales contrastadas.
",VEHICLE PARTS & ACCESSORIES,BICYCLE PARTS & ACCESSORIES,BICYCLE PARTS,1533,714,251,142,43,,,,,,,,,,,,https://api.mybihr.com/medias/800Wx800H-1125604-1.jpg?context=bWFzdGVyfHJvb3R8MTE0MTY0fGltYWdlL2pwZWd8YURrMkwyZzVNeTgyTWpVM01EZzNNemcwTnpnek9DODRNREJYZURnd01FaGZNVEV5TlRZd05DMHhMbXB3Wnd8YzgxNzNlNDVlZWYzZmQ5ZjIyN2YzMzYyYTMxNzc0Y2RkMzczMjY4Y2VjMDJhZDA3NjM1MjM1M2Q3ODIyYmVjNg,https://api.mybihr.com/medias/800Wx800H-1125604-2.jpg?context=bWFzdGVyfHJvb3R8NDcwOTR8aW1hZ2UvanBlZ3xhREV5TDJobE1pODJNalUzTURnM05EQTBORFEwTmk4NE1EQlhlRGd3TUVoZk1URXlOVFl3TkMweUxtcHdad3xlOWIwMGE3ZGNkNDcxNWE0NWVlYjRiYjcwZGM4OWZjNmQ5OTRhY2FhOTUxM2M4MGYzNzRkNmVjODI4NWI0YmE1,https://api.mybihr.com/medias/800Wx800H-1125604-3.jpg?context=bWFzdGVyfHJvb3R8MTE5NjMzfGltYWdlL2pwZWd8YUdVekwyaGxPQzgyTWpVM01EZzNOREkwTVRBMU5DODRNREJYZURnd01FaGZNVEV5TlRZd05DMHpMbXB3Wnd8Zjc1NjAzMGJlZDMwMjk5NDIwZTUyMGYzMDJmODg2NWRhNTRmOGQ2NGVhZGUwMDdlNDJjMzg1N2UwNjA0N2U1Mg,https://api.mybihr.com/medias/800Wx800H-1125604-4.jpg?context=bWFzdGVyfHJvb3R8MTA1OTM3fGltYWdlL2pwZWd8YUdFd0wyaGxaaTgyTWpVM01EZzNORFF6TnpZMk1pODRNREJYZURnd01FaGZNVEV5TlRZd05DMDBMbXB3Wnd8NzAyODY0ZDI2NmE0OGJjNjkwYmQ4OGZhODM0YmVhZWQxYjkwYmU1OWE1MzkwNjNlYzZmNGQwYWNiNGNhYjFmNA,https://static.bihr.pro/eBihr/Pictures/RENTHAL_CYCLE-pictures.zip,Spain Warehouse (Parts)
1125605,,PD10001-002-01,RENTHAL CYCLE,RENTB REVO-F FLAT PEDAL ALUGOLD,Par de pedales RENTHAL CYCLE Revo-F - AluGold,179.00,147.93,88.76,5026190162309,0,8714961090,0,1,"<p>Renthal se enorgullece de presentar los nuevos pedales planos Revo-F. Dise&ntilde;ados desde cero, el primer producto de pedal de Renthal est&aacute; repleto de tecnolog&iacute;a, caracter&iacute;sticas &uacute;nicas e innovadoras, con patente pendiente.<br>Caracter&iacute;sticas clave del Renthal Revo-F:</p>
<ul>
<li>Plataforma genuinamente c&oacute;ncava en ambos ejes.</li>
<li>Largo-100 mm x Ancho-104 mm.</li>
<li>Diez tetones por cada cara, todos de tipo roscado.</li>
<li>Posicionamiento asim&eacute;trico del eje y mayor longitud, para una plataforma m&aacute;xima utilizable.</li>
<li>Longitud del eje ajustable de 2,5 mm a 5,5 mm, en incrementos de 1 mm.</li>
<li>Tres rodamientos de cartucho externos y casquillo IGUS interno extra ancho.</li>
<li>Completamente sellado con ret&eacute;n de labio de contacto total interno y ret&eacute;n de tapa externa con junta t&oacute;rica.</li>
<li>El sistema de ejes de Renthal, pendiente de patente, permite hacerle el mantenimiento en casa, sin herramientas especializadas.</li>
<li>Cuerpo de aluminio 6061 forjado y mecanizado mediante CNC.</li>
<li>Eje de cromoly de alta calidad.</li>
<li>Acabado anodizado AluGold, con texturas superficiales contrastadas</li>
</ul>","
Renthal se enorgullece de presentar los nuevos pedales planos Revo-F. Diseñados desde cero, el primer producto de pedal de Renthal está repleto de tecnología, características únicas e innovadoras, con patente pendiente.Características clave del Renthal Revo-F:

Plataforma genuinamente cóncava en ambos ejes.
Largo-100 mm x Ancho-104 mm.
Diez tetones por cada cara, todos de tipo roscado.
Posicionamiento asimétrico del eje y mayor longitud, para una plataforma máxima utilizable.
Longitud del eje ajustable de 2,5 mm a 5,5 mm, en incrementos de 1 mm.
Tres rodamientos de cartucho externos y casquillo IGUS interno extra ancho.
Completamente sellado con retén de labio de contacto total interno y retén de tapa externa con junta tórica.
El sistema de ejes de Renthal, pendiente de patente, permite hacerle el mantenimiento en casa, sin herramientas especializadas.
Cuerpo de aluminio 6061 forjado y mecanizado mediante CNC.
Eje de cromoly de alta calidad.
Acabado anodizado AluGold, con texturas superficiales contrastadas
",VEHICLE PARTS & ACCESSORIES,BICYCLE PARTS & ACCESSORIES,BICYCLE PARTS,1489,705,251,138,43,,,,,,,,,,,,https://api.mybihr.com/medias/800Wx800H-1125605-1.jpg?context=bWFzdGVyfHJvb3R8MTIxMTc0fGltYWdlL2pwZWd8YURjd0wyaG1OaTgyTWpVM01EZzNORFl6TkRJM01DODRNREJYZURnd01FaGZNVEV5TlRZd05TMHhMbXB3Wnd8ZDBjYWY1ODBhMTMxNGQwNzY0NGU3MmRiNTIzNGFmZGE3NzllYzhhYzJjMjUwNmZiZjdkZjRjMDk5ZDA2MDY5Yw,https://api.mybihr.com/medias/800Wx800H-1125605-2.jpg?context=bWFzdGVyfHJvb3R8NDcwOTR8aW1hZ2UvanBlZ3xhRFF3TDJobVpDODJNalUzTURnM05EZ3pNRGczT0M4NE1EQlhlRGd3TUVoZk1URXlOVFl3TlMweUxtcHdad3xiN2IyNzkzNmRmNjNlZTdlMDhjMTAyNzEyMzZhNmY1ZGY4ZDc5NGIzMDE1YjBlNTBjMGFhNjExNjY3MDZlMzNm,https://api.mybihr.com/medias/800Wx800H-1125605-3.jpg?context=bWFzdGVyfHJvb3R8MTE5NjMzfGltYWdlL2pwZWd8YURVMkwyaGlOQzgyTWpVM01EZzNOVEF5TnpRNE5pODRNREJYZURnd01FaGZNVEV5TlRZd05TMHpMbXB3Wnd8ZjE0ZjAyMDE4YzgzMTg1ZWJiMTM3ZTMxMTEyMmYwNTAzMzIyNDBkZDY0MGZkOGMzMzA1ODBhNjQ5NTY3YjEyMg,https://api.mybihr.com/medias/800Wx800H-1125605-4.jpg?context=bWFzdGVyfHJvb3R8MTA1OTM3fGltYWdlL2pwZWd8YURnMUwyaGhaQzgyTWpVM01EZzNOVEl5TkRBNU5DODRNREJYZURnd01FaGZNVEV5TlRZd05TMDBMbXB3Wnd8NDA0ZjQ0OGE3ZjI2ZjE2ODI5OWQyY2FhZGNlZjQxMTUyMGEyNWY0MmVkNTk0MTUzMjExMmY2MDEyNmIyMWNhNw,https://static.bihr.pro/eBihr/Pictures/RENTHAL_CYCLE-pictures.zip,Spain Warehouse (Parts)
