PartNumber,OldPartNumber,SupplierProductCode,Brand,ProductName,Designation,RetailPriceIncludingTax,RetailPriceExcludingTax,BaseDealerPriceExcludingTax,BarCode,StockValue,CommodityCode,OnDemand,DropShipping,HtmlDescription,Description,Category1,Category2,Category3,V-Color,Volume (cm³),Weight (g),Length (mm),Width (mm),Height (mm),Anchura de llanta,Color de llanta,Diámetro de la llanta,Posición,Picture1,AllPicturesZIP,DeliveryPlant
1076860003,,ICS441,EXCEL,"EXCEL RIM FR 21X1,60X36T, SIL","EXCEL MX Front rim - 21x1,60x36T",166.31,137.45,96.22,775968,0,8714921000,1,1,"<html> <head> <meta http-equiv=""Content-Type"" content=""text/html; charset=utf-8""><title> </title> <style type=""text/css"">.cs95E872D0{text-align:left;margin:0pt 0pt 0pt 0pt;}.csA7555675{color:#000;background-color:transparent;font-weight:normal;font-style:normal;}.cs4FC7BF42{text-align:left;margin:0pt 0pt 0pt 0pt;list-style-type:disc;color:#000;background-color:transparent;font-weight:normal;font-style:normal;}</style> </head> <body> <p>Excel® Rim ensuring a reliable and competitive use. Renowned in the GP.</p><p> </p><ul> <li>Japan made Excel Rim in series 700 aluminium</li><li>Many color combinations available</li></ul> <p> </p></body> </html>","       Excel® Rim ensuring a reliable and competitive use. Renowned in the GP.  Japan made Excel Rim in series 700 aluminiumMany color combinations available   ",VEHICLE PARTS & ACCESSORIES,CHASSIS PARTS,CHAS. WHEELS,Plata,36986,2251,631,617,95,,,,Delantero,,https://static.bihr.pro/eBihr/Pictures/EXCEL-pictures.zip,Spain Warehouse (Parts)
1076773001,,ACK406,EXCEL,"EXCEL RIM RR 12X1,60X32T, BLK","Llanta trasera EXCEL - 12x1,60x32T",193.59,159.99,111.99,681319610083,0,8714921000,0,1,"<html> <head> <meta http-equiv=""Content-Type"" content=""text/html; charset=utf-8""><title> </title> <style type=""text/css"">.cs95E872D0{text-align:left;margin:0pt 0pt 0pt 0pt;}.csA7555675{color:#000;background-color:transparent;font-weight:normal;font-style:normal;}.cs4FC7BF42{text-align:left;margin:0pt 0pt 0pt 0pt;list-style-type:disc;color:#000;background-color:transparent;font-weight:normal;font-style:normal;}</style> </head> <body> <p>Excel® Rim ensuring a reliable and competitive use. Renowned in the GP.</p><p> </p><ul> <li>Japan made Excel Rim in series 700 aluminium</li><li>Many color combinations available</li></ul> <p> </p></body> </html>","       Excel® Rim ensuring a reliable and competitive use. Renowned in the GP.  Japan made Excel Rim in series 700 aluminiumMany color combinations available   ",VEHICLE PARTS & ACCESSORIES,CHASSIS PARTS,CHAS. WHEELS,Negro,9126,900,390,390,60,,,,Trasero,,https://static.bihr.pro/eBihr/Pictures/EXCEL-pictures.zip,Spain Warehouse (Parts)
1076841001,,GDB406,EXCEL,"EXCEL RIM RR 19X1,85X36T, BLU","EXCEL MX Rear rim - 19x1,85x36T",202.36,167.24,117.07,4320000407,2,8714921000,0,1,"<html> <head> <meta http-equiv=""Content-Type"" content=""text/html; charset=utf-8""><title> </title> <style type=""text/css"">.cs95E872D0{text-align:left;margin:0pt 0pt 0pt 0pt;}.csA7555675{color:#000;background-color:transparent;font-weight:normal;font-style:normal;}.cs4FC7BF42{text-align:left;margin:0pt 0pt 0pt 0pt;list-style-type:disc;color:#000;background-color:transparent;font-weight:normal;font-style:normal;}</style> </head> <body> <p>Excel® Rim ensuring a reliable and competitive use. Renowned in the GP.</p><p> </p><ul> <li>Japan made Excel Rim in series 700 aluminium</li><li>Many color combinations available</li></ul> <p> </p></body> </html>","       Excel® Rim ensuring a reliable and competitive use. Renowned in the GP.  Japan made Excel Rim in series 700 aluminiumMany color combinations available   ",VEHICLE PARTS & ACCESSORIES,CHASSIS PARTS,CHAS. WHEELS,Azul,21632,2430,520,520,80,,,,Trasero,,https://static.bihr.pro/eBihr/Pictures/EXCEL-pictures.zip,Spain Warehouse (Parts)
1076848003,,GEA409,EXCEL,"EXCEL RIM RR 19X2,15X36T, YEL","EXCEL MX Rear rim - 19x2,15x36T",228.62,188.94,132.26,776970,1,8714921000,0,1,"<html> <head> <meta http-equiv=""Content-Type"" content=""text/html; charset=utf-8""><title> </title> <style type=""text/css"">.cs95E872D0{text-align:left;margin:0pt 0pt 0pt 0pt;}.csA7555675{color:#000;background-color:transparent;font-weight:normal;font-style:normal;}.cs4FC7BF42{text-align:left;margin:0pt 0pt 0pt 0pt;list-style-type:disc;color:#000;background-color:transparent;font-weight:normal;font-style:normal;}</style> </head> <body> <p>Excel® Rim ensuring a reliable and competitive use. Renowned in the GP.</p><p> </p><ul> <li>Japan made Excel Rim in series 700 aluminium</li><li>Many color combinations available</li></ul> <p> </p></body> </html>","       Excel® Rim ensuring a reliable and competitive use. Renowned in the GP.  Japan made Excel Rim in series 700 aluminiumMany color combinations available   ",VEHICLE PARTS & ACCESSORIES,CHASSIS PARTS,CHAS. WHEELS,Amarillo,21632,1910,520,520,80,,,,Trasero,,https://static.bihr.pro/eBihr/Pictures/EXCEL-pictures.zip,Spain Warehouse (Parts)
1076834001,,FEK423,EXCEL,"EXCEL RIM RR 18X2,15X36T, BLK","EXCEL MX Rear rim - 18x2,15x36T",221.74,183.26,128.28,775973,0,8714921000,0,1,"<html> <head> <meta http-equiv=""Content-Type"" content=""text/html; charset=utf-8""><title> </title> <style type=""text/css"">.cs95E872D0{text-align:left;margin:0pt 0pt 0pt 0pt;}.csA7555675{color:#000;background-color:transparent;font-weight:normal;font-style:normal;}.cs4FC7BF42{text-align:left;margin:0pt 0pt 0pt 0pt;list-style-type:disc;color:#000;background-color:transparent;font-weight:normal;font-style:normal;}</style> </head> <body> <p>Excel® Rim ensuring a reliable and competitive use. Renowned in the GP.</p><p> </p><ul> <li>Japan made Excel Rim in series 700 aluminium</li><li>Many color combinations available</li></ul> <p> </p></body> </html>","       Excel® Rim ensuring a reliable and competitive use. Renowned in the GP.  Japan made Excel Rim in series 700 aluminiumMany color combinations available   ",VEHICLE PARTS & ACCESSORIES,CHASSIS PARTS,CHAS. WHEELS,Negro,28781,2269,551,533,98,,,,Trasero,,https://static.bihr.pro/eBihr/Pictures/EXCEL-pictures.zip,Spain Warehouse (Parts)
1037034,94232,3 1918536A/3,EXCEL,EXCEL RIM 3 1918536A/3,"Aro de llanta Excel negro 19-1,85 3 1918536A/3",175.99,145.45,101.82,8430525942325,1,8714999089,0,1,,,VEHICLE PARTS & ACCESSORIES,CHASSIS PARTS,CHAS. WHEELS,,27225,2360,550,550,90,,,,,,https://static.bihr.pro/eBihr/Pictures/EXCEL-pictures.zip,Spain Warehouse (Parts)
1076837001,,GBK400,EXCEL,"EXCEL RIM FR 19X1,40X28T, BLK","Llanta delantera EXCEL - 19x1,40x28T",206.17,170.39,119.27,681319607472,0,8714921000,0,1,"<html> <head> <meta http-equiv=""Content-Type"" content=""text/html; charset=utf-8""><title> </title> <style type=""text/css"">.cs95E872D0{text-align:left;margin:0pt 0pt 0pt 0pt;}.csA7555675{color:#000;background-color:transparent;font-weight:normal;font-style:normal;}.cs4FC7BF42{text-align:left;margin:0pt 0pt 0pt 0pt;list-style-type:disc;color:#000;background-color:transparent;font-weight:normal;font-style:normal;}</style> </head> <body> <p>Excel® Rim ensuring a reliable and competitive use. Renowned in the GP.</p><p> </p><ul> <li>Japan made Excel Rim in series 700 aluminium</li><li>Many color combinations available</li></ul> <p> </p></body> </html>","       Excel® Rim ensuring a reliable and competitive use. Renowned in the GP.  Japan made Excel Rim in series 700 aluminiumMany color combinations available   ",VEHICLE PARTS & ACCESSORIES,CHASSIS PARTS,CHAS. WHEELS,Negro,21632,1150,520,520,80,,,,Delantero,,https://static.bihr.pro/eBihr/Pictures/EXCEL-pictures.zip,Spain Warehouse (Parts)
1076818001,,DDK400,EXCEL,"EXCEL RIM RR 16X1,85X28T, BLK","EXCEL MX Rear rim - 16x1,85x28T",199.64,164.99,115.49,681319604228,0,8714921000,0,1,"<html> <head> <meta http-equiv=""Content-Type"" content=""text/html; charset=utf-8""><title> </title> <style type=""text/css"">.cs95E872D0{text-align:left;margin:0pt 0pt 0pt 0pt;}.csA7555675{color:#000;background-color:transparent;font-weight:normal;font-style:normal;}.cs4FC7BF42{text-align:left;margin:0pt 0pt 0pt 0pt;list-style-type:disc;color:#000;background-color:transparent;font-weight:normal;font-style:normal;}</style> </head> <body> <p>Excel® Rim ensuring a reliable and competitive use. Renowned in the GP.</p><p> </p><ul> <li>Japan made Excel Rim in series 700 aluminium</li><li>Many color combinations available</li></ul> <p> </p></body> </html>","       Excel® Rim ensuring a reliable and competitive use. Renowned in the GP.  Japan made Excel Rim in series 700 aluminiumMany color combinations available   ",VEHICLE PARTS & ACCESSORIES,CHASSIS PARTS,CHAS. WHEELS,Negro,21632,1550,520,520,80,,,,Trasero,,https://static.bihr.pro/eBihr/Pictures/EXCEL-pictures.zip,Spain Warehouse (Parts)
1076771001,,ACK401U,EXCEL,"EXCEL RIM RR 12X1,60X32T, BLK","Aro de llanta EXCEL 12X1,60X32T",157.29,129.99,90.99,4320001701,0,8714921000,0,1,"<html> <head> <meta http-equiv=""Content-Type"" content=""text/html; charset=utf-8""><title> </title> <style type=""text/css"">.cs95E872D0{text-align:left;margin:0pt 0pt 0pt 0pt;}.csA7555675{color:#000;background-color:transparent;font-weight:normal;font-style:normal;}.cs4FC7BF42{text-align:left;margin:0pt 0pt 0pt 0pt;list-style-type:disc;color:#000;background-color:transparent;font-weight:normal;font-style:normal;}</style> </head> <body> <p>Excel® Rim ensuring a reliable and competitive use. Renowned in the GP.</p><p> </p><ul> <li>Japan made Excel Rim in series 700 aluminium</li><li>Many color combinations available</li></ul> </body> </html>","       Excel® Rim ensuring a reliable and competitive use. Renowned in the GP.  Japan made Excel Rim in series 700 aluminiumMany color combinations available  ",VEHICLE PARTS & ACCESSORIES,CHASSIS PARTS,CHAS. WHEELS,Negro,0,2386,1,1,1,,,,Trasero,https://api.mybihr.com/medias/1076771001-1-800Wx800H?context=bWFzdGVyfHJvb3R8NzUxODV8aW1hZ2UvanBlZ3xhRFl6TDJobE9DODRPVFkzT0Rjek9EZzRNamcyTHpFd056WTNOekV3TURFdE1WODRNREJYZURnd01FZ3xmNzkyMjI3YmZkMDdkNGYwMTMwMDI0ZjA2M2MyMmRhYTNiMDhkOTAzM2MzM2NkZDRjODM5NDkwNGE2NmEyZmNm,https://static.bihr.pro/eBihr/Pictures/EXCEL-pictures.zip,Spain Warehouse (Parts)
1076824002,,EBG404,EXCEL,"EXCEL RIM FR 17X1,40X32T, GLD","Llanta delantera EXCEL MX - 17x1,40x32T",186.52,154.15,115.61,,0,,1,1,"<html> <head> <meta http-equiv=""Content-Type"" content=""text/html; charset=utf-8""><title> </title> <style type=""text/css"">.cs95E872D0{text-align:left;margin:0pt 0pt 0pt 0pt;}.csA7555675{color:#000;background-color:transparent;font-weight:normal;font-style:normal;}.cs4FC7BF42{text-align:left;margin:0pt 0pt 0pt 0pt;list-style-type:disc;color:#000;background-color:transparent;font-weight:normal;font-style:normal;}</style> </head> <body> <p>Excel® Rim ensuring a reliable and competitive use. Renowned in the GP.</p><p> </p><ul> <li>Japan made Excel Rim in series 700 aluminium</li><li>Many color combinations available</li></ul> <p> </p></body> </html>","       Excel® Rim ensuring a reliable and competitive use. Renowned in the GP.  Japan made Excel Rim in series 700 aluminiumMany color combinations available   ",VEHICLE PARTS & ACCESSORIES,CHASSIS PARTS,CHAS. WHEELS,Dorado,1,1,10,10,10,,,,Delantero,https://api.mybihr.com/medias/800Wx800H-1076824002-1.jpg?context=bWFzdGVyfHJvb3R8NjYzMzd8aW1hZ2UvanBlZ3xhREEwTDJnMU55ODVOelV4TWprNE5ETXhNemc0Tmk4NE1EQlhlRGd3TUVoZk1UQTNOamd5TkRBd01pMHhMbXB3Wnd8ODc5ZThiOWE0NTkxNzIyZGM1MDM1NzY4OGMzMjJmNjBjY2NhOWEyMzI3ZDM4MmNkOTFlYmUyMjFlODI5ZTczMg,https://static.bihr.pro/eBihr/Pictures/EXCEL-pictures.zip,Spain Warehouse (Parts)
1076824001,,EBK404,EXCEL,"EXCEL RIM FR 17X1,40X32T, BLK","EXCEL MX Front rim - 17x1,40x32T",188.76,156.00,109.20,681319606062,0,8714921000,0,1,"<html> <head> <meta http-equiv=""Content-Type"" content=""text/html; charset=utf-8""><title> </title> <style type=""text/css"">.cs95E872D0{text-align:left;margin:0pt 0pt 0pt 0pt;}.csA7555675{color:#000;background-color:transparent;font-weight:normal;font-style:normal;}.cs4FC7BF42{text-align:left;margin:0pt 0pt 0pt 0pt;list-style-type:disc;color:#000;background-color:transparent;font-weight:normal;font-style:normal;}</style> </head> <body> <p>Excel® Rim ensuring a reliable and competitive use. Renowned in the GP.</p><p> </p><ul> <li>Japan made Excel Rim in series 700 aluminium</li><li>Many color combinations available</li></ul> <p> </p></body> </html>","       Excel® Rim ensuring a reliable and competitive use. Renowned in the GP.  Japan made Excel Rim in series 700 aluminiumMany color combinations available   ",VEHICLE PARTS & ACCESSORIES,CHASSIS PARTS,CHAS. WHEELS,Negro,21632,1020,520,520,80,,,,Delantero & Delantero,https://api.mybihr.com/medias/800Wx800H-1076824001-1.jpg?context=bWFzdGVyfHJvb3R8NDkwODJ8aW1hZ2UvanBlZ3xhRE0wTDJnMU1DODVOelV4TWprNE5ERXhOekkzT0M4NE1EQlhlRGd3TUVoZk1UQTNOamd5TkRBd01TMHhMbXB3Wnd8MGI0ZWM4Yzc3NzdhMjdiMjJkNzFjYjQwMDFmNjk4OGQwMzRkZTZiMTc5ZmNhZmNhMzQyMmE1YWRjNzdjZjllYQ,https://static.bihr.pro/eBihr/Pictures/EXCEL-pictures.zip,Spain Warehouse (Parts)
1076852002,,GES423,EXCEL,"EXCEL RIM RR 19X2,15X36T, SIL","EXCEL MX Rear rim - 19x2,15x36T",206.21,170.42,119.29,775970,0,8714921000,1,1,"<html> <head> <meta http-equiv=""Content-Type"" content=""text/html; charset=utf-8""><title> </title> <style type=""text/css"">.cs95E872D0{text-align:left;margin:0pt 0pt 0pt 0pt;}.csA7555675{color:#000;background-color:transparent;font-weight:normal;font-style:normal;}.cs4FC7BF42{text-align:left;margin:0pt 0pt 0pt 0pt;list-style-type:disc;color:#000;background-color:transparent;font-weight:normal;font-style:normal;}</style> </head> <body> <p>Excel® Rim ensuring a reliable and competitive use. Renowned in the GP.</p><p> </p><ul> <li>Japan made Excel Rim in series 700 aluminium</li><li>Many color combinations available</li></ul> <p> </p></body> </html>","       Excel® Rim ensuring a reliable and competitive use. Renowned in the GP.  Japan made Excel Rim in series 700 aluminiumMany color combinations available   ",VEHICLE PARTS & ACCESSORIES,CHASSIS PARTS,CHAS. WHEELS,Plata,28213,2386,552,538,95,,,,Trasero,,https://static.bihr.pro/eBihr/Pictures/EXCEL-pictures.zip,Spain Warehouse (Parts)
1076819001,,DDK404,EXCEL,"EXCEL RIM RR 16X1,85X32T, BLK","Llanta trasera EXCEL - 16x1,85x32T",199.64,164.99,115.49,681319605737,0,8714921000,0,1,"<html> <head> <meta http-equiv=""Content-Type"" content=""text/html; charset=utf-8""><title> </title> <style type=""text/css"">.cs95E872D0{text-align:left;margin:0pt 0pt 0pt 0pt;}.csA7555675{color:#000;background-color:transparent;font-weight:normal;font-style:normal;}.cs4FC7BF42{text-align:left;margin:0pt 0pt 0pt 0pt;list-style-type:disc;color:#000;background-color:transparent;font-weight:normal;font-style:normal;}</style> </head> <body> <p>Excel® Rim ensuring a reliable and competitive use. Renowned in the GP.</p><p> </p><ul> <li>Japan made Excel Rim in series 700 aluminium</li><li>Many color combinations available</li></ul> <p> </p></body> </html>","       Excel® Rim ensuring a reliable and competitive use. Renowned in the GP.  Japan made Excel Rim in series 700 aluminiumMany color combinations available   ",VEHICLE PARTS & ACCESSORIES,CHASSIS PARTS,CHAS. WHEELS,Negro,21632,1550,520,520,80,,,,Trasero,,https://static.bihr.pro/eBihr/Pictures/EXCEL-pictures.zip,Spain Warehouse (Parts)
1076767001,,3GEK609,EXCEL,"EXCEL RIM RR 19X2,15X36T, BLK","Llanta trasera EXCEL A60 - 19x2,15x36T",252.49,208.67,146.07,000007769641,2,8714999089,0,1,"<html> <head> <meta http-equiv=""Content-Type"" content=""text/html; charset=utf-8""><title> </title> <style type=""text/css"">.csC583D0C8{text-align:left;margin:12pt 0pt 12pt 0pt;}.csC57700C4{color:#000;background-color:transparent;font-weight:bold;font-style:normal;}.csA7555675{color:#000;background-color:transparent;font-weight:normal;font-style:normal;}.cs4FC7BF42{text-align:left;margin:0pt 0pt 0pt 0pt;list-style-type:disc;color:#000;background-color:transparent;font-weight:normal;font-style:normal;}.cs95E872D0{text-align:left;margin:0pt 0pt 0pt 0pt;}</style> </head> <body> <p>Excel A60 is the ultimate choice !</p><p>Developed for top professionals, Produced in limited quantities, Available for few enthusiasts.</p><ul> <li>Unique aluminum alloy</li><li>Structurally 15% stronger than any other Takasago Excel Rim</li><li>V-curve profile helps reducing mud buildup, keeping the bike lighter</li><li>Black with silver logo & pinstripe</li></ul> <p> </p></body> </html>","       Excel A60 is the ultimate choice !Developed for top professionals, Produced in limited quantities, Available for few enthusiasts. Unique aluminum alloyStructurally 15% stronger than any other Takasago Excel RimV-curve profile helps reducing mud buildup, keeping the bike lighterBlack with silver logo & pinstripe   ",VEHICLE PARTS & ACCESSORIES,CHASSIS PARTS,CHAS. WHEELS,Negro,28784,2571,549,535,98,,A60 negro,19,Trasero,https://api.mybihr.com/medias/800Wx800H-1076767001-1.jpg?context=bWFzdGVyfHJvb3R8NDgwOTF8aW1hZ2UvanBlZ3xhR1k0TDJnMFlpODRNREk0TkRRd056VTVOVEF6T0M4NE1EQlhlRGd3TUVoZk1UQTNOamMyTnpBd01TMHhMbXB3Wnd8YWUzNTZiODhmYWYxMzU1ZWJlNTQ5N2E3NzVmMjAyZjMwNGE3OGIwM2Q0ZjhmNDIxODNiYjNmZGJiMGRjMjI5OQ,https://static.bihr.pro/eBihr/Pictures/EXCEL-pictures.zip,Spain Warehouse (Parts)
1076838003,,GBG404,EXCEL,"EXCEL RIM FR 19X1,40X32T, GLD","Llanta delantera HAAN WHEELS Excel - 19x1,40x28T",190.73,157.63,118.22,,0,8714109090,1,1,"<html> <head> <meta http-equiv=""Content-Type"" content=""text/html; charset=utf-8""><title> </title> <style type=""text/css"">.cs95E872D0{text-align:left;margin:0pt 0pt 0pt 0pt;}.csA7555675{color:#000;background-color:transparent;font-weight:normal;font-style:normal;}.cs4FC7BF42{text-align:left;margin:0pt 0pt 0pt 0pt;list-style-type:disc;color:#000;background-color:transparent;font-weight:normal;font-style:normal;}</style> </head> <body> <p>Excel® Rim ensuring a reliable and competitive use. Renowned in the GP.</p><p> </p><ul> <li>Japan made Excel Rim in series 700 aluminium</li><li>Many color combinations available</li></ul> <p> </p></body> </html>","       Excel® Rim ensuring a reliable and competitive use. Renowned in the GP.  Japan made Excel Rim in series 700 aluminiumMany color combinations available   ",VEHICLE PARTS & ACCESSORIES,CHASSIS PARTS,CHAS. WHEELS,Dorado,1,1,10,10,10,,,,Delantero,https://api.mybihr.com/medias/800Wx800H-1076838003-1.jpg?context=bWFzdGVyfHJvb3R8NjYzMzd8aW1hZ2UvanBlZ3xhRFl5TDJnMllpODVOelV4TWprNE5Ea3dNemN4TUM4NE1EQlhlRGd3TUVoZk1UQTNOamd6T0RBd015MHhMbXB3Wnd8ZmUzOTkzZGNkZGQ0ZmQ4MDJmMDZmODI3ZTk5MTU5ZmRiZDkzMDMwOGU1NGNhYjBlMWZhNDIwZDE5NmJmMTcyYw,https://static.bihr.pro/eBihr/Pictures/EXCEL-pictures.zip,Spain Warehouse (Parts)
1076769001,,3ICK608,EXCEL,"EXCEL RIM FR 21X1,60X36T, BLK","Llanta delantera EXCEL A60 - 21x1,60x36T",217.79,179.99,125.99,776965,0,8714999089,0,1,"<p><strong>Excel A60 is the ultimate choice !</strong></p> <p>Developed for top professionals, Produced in limited quantities, Available for few enthusiasts.</p> <ul> <li>Unique aluminum alloy</li> <li>Structurally 15% stronger than any other Takasago Excel Rim</li> <li>V-curve profile helps reducing mud buildup, keeping the bike lighter</li> <li>Black with silver logo & pinstripe</li></ul>","
Excel A60 is the ultimate choice ! 
Developed for top professionals, Produced in limited quantities, Available for few enthusiasts.  Unique aluminum alloy Structurally 15% stronger than any other Takasago Excel Rim V-curve profile helps reducing mud buildup, keeping the bike lighter Black with silver logo & pinstripe",VEHICLE PARTS & ACCESSORIES,CHASSIS PARTS,CHAS. WHEELS,Negro,36927,2442,630,617,95,,A60 negro,21,Delantero,https://api.mybihr.com/medias/800Wx800H-1076769001-1.jpg?context=bWFzdGVyfHJvb3R8NDgwOTF8aW1hZ2UvanBlZ3xhRGcxTDJnMU9TODRNREk0TkRRd056azRPREkxTkM4NE1EQlhlRGd3TUVoZk1UQTNOamMyT1RBd01TMHhMbXB3Wnd8MzY0MjlhZDliNWNlZWI0MzVmZmFiOGEzODc1ZjNkNTRiNWZkYTllMDg5NTcxMjgxMGJkNjAwYTVlZjdiNjhiMQ,https://static.bihr.pro/eBihr/Pictures/EXCEL-pictures.zip,Spain Warehouse (Parts)
1076851001,,GEK422,EXCEL,"EXCEL RIM RR 19X2,15X36T, BLK","Llanta trasera EXCEL - 19x2,15x36T",228.62,188.94,132.26,681319608240,3,8714921000,0,1,"<html> <head> <meta http-equiv=""Content-Type"" content=""text/html; charset=utf-8""><title> </title> <style type=""text/css"">.cs95E872D0{text-align:left;margin:0pt 0pt 0pt 0pt;}.csA7555675{color:#000;background-color:transparent;font-weight:normal;font-style:normal;}.cs4FC7BF42{text-align:left;margin:0pt 0pt 0pt 0pt;list-style-type:disc;color:#000;background-color:transparent;font-weight:normal;font-style:normal;}</style> </head> <body> <p>Excel® Rim ensuring a reliable and competitive use. Renowned in the GP.</p><p> </p><ul> <li>Japan made Excel Rim in series 700 aluminium</li><li>Many color combinations available</li></ul> <p> </p></body> </html>","       Excel® Rim ensuring a reliable and competitive use. Renowned in the GP.  Japan made Excel Rim in series 700 aluminiumMany color combinations available   ",VEHICLE PARTS & ACCESSORIES,CHASSIS PARTS,CHAS. WHEELS,Negro,21632,1910,520,520,80,,,,Trasero,,https://static.bihr.pro/eBihr/Pictures/EXCEL-pictures.zip,Spain Warehouse (Parts)
1076849003,,GEG410,EXCEL,"EXCEL RIM RR 19X2,15X36T, GLD","EXCEL MX Rear rim - 19x2,15x36T",232.93,192.50,134.75,681319604488,0,8714921000,0,1,"<html> <head> <meta http-equiv=""Content-Type"" content=""text/html; charset=utf-8""><title> </title> <style type=""text/css"">.cs95E872D0{text-align:left;margin:0pt 0pt 0pt 0pt;}.csA7555675{color:#000;background-color:transparent;font-weight:normal;font-style:normal;}.cs4FC7BF42{text-align:left;margin:0pt 0pt 0pt 0pt;list-style-type:disc;color:#000;background-color:transparent;font-weight:normal;font-style:normal;}</style> </head> <body> <p>Excel® Rim ensuring a reliable and competitive use. Renowned in the GP.</p><p> </p><ul> <li>Japan made Excel Rim in series 700 aluminium</li><li>Many color combinations available</li></ul> <p> </p></body> </html>","       Excel® Rim ensuring a reliable and competitive use. Renowned in the GP.  Japan made Excel Rim in series 700 aluminiumMany color combinations available   ",VEHICLE PARTS & ACCESSORIES,CHASSIS PARTS,CHAS. WHEELS,Dorado,21632,1910,520,520,80,,,,Trasero,,https://static.bihr.pro/eBihr/Pictures/EXCEL-pictures.zip,Spain Warehouse (Parts)
1076850001,775733,GEK411,EXCEL,"EXCEL RIM RR 19X2,15X32T, BLK","Llanta trasera EXCEL 19x2,15x32T negra",232.93,192.50,134.75,6813196044956,2,8714921000,0,1,"<p>Llanta Excel®, para un uso competitivo fiable y de alto rendimiento. Una referencia en el GP.</p><p> </p><ul>  <li>Llanta Excel® de aluminio de serie 7000, fabricada en Japón   <li>Disponible en una amplia gama de colores</li></ul>","
Llanta Excel®, para un uso competitivo fiable y de alto rendimiento. Una referencia en el GP.
   Llanta Excel® de aluminio de serie 7000, fabricada en Japón   Disponible en una amplia gama de colores",VEHICLE PARTS & ACCESSORIES,CHASSIS PARTS,CHAS. WHEELS,Negro,21632,1910,520,520,80,,,,Trasero,https://api.mybihr.com/medias/800Wx800H-1076850001-1.jpg?context=bWFzdGVyfHJvb3R8MjczMzR8aW1hZ2UvanBlZ3xhRFV5TDJneVlTOHpNekV6TXpBd01UVTNNak00TWk4NE1EQlhlRGd3TUVoZk1UQTNOamcxTURBd01TMHhMbXB3Wnd8N2NlNjgzYTEzZDE1MTJmOTY5YmM1ZjZhZDc1NmIxYzljYjU5ZGM3MTQ0MDkyNDhlYTI3YTM4YzQxOTFhMWYzYQ,https://static.bihr.pro/eBihr/Pictures/EXCEL-pictures.zip,Spain Warehouse (Parts)
1076857005,,ICA408,EXCEL,"EXCEL RIM FR 21X1,60X36T, YEL","Llanta delantera EXCEL - 21x1,60x36T",192.11,158.77,111.14,776971,4,8714921000,0,1,"<html> <head> <meta http-equiv=""Content-Type"" content=""text/html; charset=utf-8""><title> </title> <style type=""text/css"">.cs95E872D0{text-align:left;margin:0pt 0pt 0pt 0pt;}.csA7555675{color:#000;background-color:transparent;font-weight:normal;font-style:normal;}.cs4FC7BF42{text-align:left;margin:0pt 0pt 0pt 0pt;list-style-type:disc;color:#000;background-color:transparent;font-weight:normal;font-style:normal;}</style> </head> <body> <p>Excel® Rim ensuring a reliable and competitive use. Renowned in the GP.</p><p> </p><ul> <li>Japan made Excel Rim in series 700 aluminium</li><li>Many color combinations available</li></ul> <p> </p></body> </html>","       Excel® Rim ensuring a reliable and competitive use. Renowned in the GP.  Japan made Excel Rim in series 700 aluminiumMany color combinations available   ",VEHICLE PARTS & ACCESSORIES,CHASSIS PARTS,CHAS. WHEELS,Amarillo,28800,1760,600,600,80,,,,Delantero,,https://static.bihr.pro/eBihr/Pictures/EXCEL-pictures.zip,Spain Warehouse (Parts)
1076857003,,ICS408,EXCEL,"EXCEL RIM FR 21X1,60X36T, SIL","EXCEL MX Front rim - 21x1,60x36T",166.35,137.48,96.24,681319604563,1,8714921000,0,1,"<html> <head> <meta http-equiv=""Content-Type"" content=""text/html; charset=utf-8""><title> </title> <style type=""text/css"">.cs95E872D0{text-align:left;margin:0pt 0pt 0pt 0pt;}.csA7555675{color:#000;background-color:transparent;font-weight:normal;font-style:normal;}.cs4FC7BF42{text-align:left;margin:0pt 0pt 0pt 0pt;list-style-type:disc;color:#000;background-color:transparent;font-weight:normal;font-style:normal;}</style> </head> <body> <p>Excel® Rim ensuring a reliable and competitive use. Renowned in the GP.</p><p> </p><ul> <li>Japan made Excel Rim in series 700 aluminium</li><li>Many color combinations available</li></ul> <p> </p></body> </html>","       Excel® Rim ensuring a reliable and competitive use. Renowned in the GP.  Japan made Excel Rim in series 700 aluminiumMany color combinations available   ",VEHICLE PARTS & ACCESSORIES,CHASSIS PARTS,CHAS. WHEELS,Plata,28800,1760,600,600,80,,,,Delantero,,https://static.bihr.pro/eBihr/Pictures/EXCEL-pictures.zip,Spain Warehouse (Parts)
1076857001,,ICK408,EXCEL,"EXCEL RIM FR 21X1,60X36T, BLK","EXCEL MX Front rim - 21x1,60x36T",192.11,158.77,111.14,681319604556,11,8714921000,0,1,"<html> <head> <meta http-equiv=""Content-Type"" content=""text/html; charset=utf-8""><title> </title> <style type=""text/css"">.cs95E872D0{text-align:left;margin:0pt 0pt 0pt 0pt;}.csA7555675{color:#000;background-color:transparent;font-weight:normal;font-style:normal;}.cs4FC7BF42{text-align:left;margin:0pt 0pt 0pt 0pt;list-style-type:disc;color:#000;background-color:transparent;font-weight:normal;font-style:normal;}</style> </head> <body> <p>Excel® Rim ensuring a reliable and competitive use. Renowned in the GP.</p><p> </p><ul> <li>Japan made Excel Rim in series 700 aluminium</li><li>Many color combinations available</li></ul> <p> </p></body> </html>","       Excel® Rim ensuring a reliable and competitive use. Renowned in the GP.  Japan made Excel Rim in series 700 aluminiumMany color combinations available   ",VEHICLE PARTS & ACCESSORIES,CHASSIS PARTS,CHAS. WHEELS,Negro,36986,2336,631,617,95,,,,Delantero,,https://static.bihr.pro/eBihr/Pictures/EXCEL-pictures.zip,Spain Warehouse (Parts)
1076857002,,ICB408,EXCEL,"EXCEL RIM FR 21X1,60X36T, BLU","EXCEL MX Front rim - 21x1,60x36T",192.11,158.77,111.14,7757365,1,8714921000,0,1,"<html> <head> <meta http-equiv=""Content-Type"" content=""text/html; charset=utf-8""><title> </title> <style type=""text/css"">.cs95E872D0{text-align:left;margin:0pt 0pt 0pt 0pt;}.csA7555675{color:#000;background-color:transparent;font-weight:normal;font-style:normal;}.cs4FC7BF42{text-align:left;margin:0pt 0pt 0pt 0pt;list-style-type:disc;color:#000;background-color:transparent;font-weight:normal;font-style:normal;}</style> </head> <body> <p>Excel® Rim ensuring a reliable and competitive use. Renowned in the GP.</p><p> </p><ul> <li>Japan made Excel Rim in series 700 aluminium</li><li>Many color combinations available</li></ul> <p> </p></body> </html>","       Excel® Rim ensuring a reliable and competitive use. Renowned in the GP.  Japan made Excel Rim in series 700 aluminiumMany color combinations available   ",VEHICLE PARTS & ACCESSORIES,CHASSIS PARTS,CHAS. WHEELS,Azul,36986,2336,631,617,95,,,,Delantero,,https://static.bihr.pro/eBihr/Pictures/EXCEL-pictures.zip,Spain Warehouse (Parts)
1076830001,,FEK411,EXCEL,"EXCEL RIM RR 18X2,15X32T, BLK","EXCEL MX Rear rim - 18x2,15x32T",221.82,183.32,128.32,681319604334,0,8714921000,0,1,"<html> <head> <meta http-equiv=""Content-Type"" content=""text/html; charset=utf-8""><title> </title> <style type=""text/css"">.cs95E872D0{text-align:left;margin:0pt 0pt 0pt 0pt;}.csA7555675{color:#000;background-color:transparent;font-weight:normal;font-style:normal;}.cs4FC7BF42{text-align:left;margin:0pt 0pt 0pt 0pt;list-style-type:disc;color:#000;background-color:transparent;font-weight:normal;font-style:normal;}</style> </head> <body> <p>Excel® Rim ensuring a reliable and competitive use. Renowned in the GP.</p><p> </p><ul> <li>Japan made Excel Rim in series 700 aluminium</li><li>Many color combinations available</li></ul> <p> </p></body> </html>","       Excel® Rim ensuring a reliable and competitive use. Renowned in the GP.  Japan made Excel Rim in series 700 aluminiumMany color combinations available   ",VEHICLE PARTS & ACCESSORIES,CHASSIS PARTS,CHAS. WHEELS,Negro,27855,2476,545,538,95,,,,Trasero,,https://static.bihr.pro/eBihr/Pictures/EXCEL-pictures.zip,Spain Warehouse (Parts)
1076833003,,FEK422,EXCEL,"EXCEL RIM RR 18X2,15X36T, BLK","Llanta trasera EXCEL - 18x2,15x36T",213.61,176.54,123.58,681319606772,0,8714921000,0,1,"<html> <head> <meta http-equiv=""Content-Type"" content=""text/html; charset=utf-8""><title> </title> <style type=""text/css"">.cs95E872D0{text-align:left;margin:0pt 0pt 0pt 0pt;}.csA7555675{color:#000;background-color:transparent;font-weight:normal;font-style:normal;}.cs4FC7BF42{text-align:left;margin:0pt 0pt 0pt 0pt;list-style-type:disc;color:#000;background-color:transparent;font-weight:normal;font-style:normal;}</style> </head> <body> <p>Excel® Rim ensuring a reliable and competitive use. Renowned in the GP.</p><p> </p><ul> <li>Japan made Excel Rim in series 700 aluminium</li><li>Many color combinations available</li></ul> <p> </p></body> </html>","       Excel® Rim ensuring a reliable and competitive use. Renowned in the GP.  Japan made Excel Rim in series 700 aluminiumMany color combinations available   ",VEHICLE PARTS & ACCESSORIES,CHASSIS PARTS,CHAS. WHEELS,Negro,21632,1810,520,520,80,,,,Trasero,,https://static.bihr.pro/eBihr/Pictures/EXCEL-pictures.zip,Spain Warehouse (Parts)
1037031,94239,3 1825036A/3,EXCEL,EXCEL RIM 3 1825036A/3,"Aro de llanta Excel negro 18-2,50 3 1825036A/3",204.01,168.60,118.02,8430525942394,0,8714999089,0,1,,,VEHICLE PARTS & ACCESSORIES,CHASSIS PARTS,CHAS. WHEELS,,26422,2614,546,526,92,,,,,,https://static.bihr.pro/eBihr/Pictures/EXCEL-pictures.zip,Spain Warehouse (Parts)
1037033,94241,3 1842536A/3,EXCEL,EXCEL RIM 3 1842536A/3,"Aro de llanta Excel negro 18-4,25 3 1842536A/3",371.00,306.61,214.63,8430525942417,2,8714999089,0,1,,,VEHICLE PARTS & ACCESSORIES,CHASSIS PARTS,CHAS. WHEELS,,47808,4448,498,500,192,,,,,,https://static.bihr.pro/eBihr/Pictures/EXCEL-pictures.zip,Spain Warehouse (Parts)
1037077,62003,3 2121536/3,EXCEL,EXCEL RIM 2121536/3,Aro de llanta Excel negro 3 21x2.15 36/3,262.99,217.35,152.15,8430525620032,2,8714999089,0,1,,,VEHICLE PARTS & ACCESSORIES,CHASSIS PARTS,CHAS. WHEELS,,34038,2846,610,620,90,,,,,https://api.mybihr.com/medias/1037077-1-800Wx800H?context=bWFzdGVyfHJvb3R8OTc0NzR8aW1hZ2UvanBlZ3xhREkyTDJneFlpOHhOVFF4TlRFek56VTJOamMxTUM4eE1ETTNNRGMzTFRGZk9EQXdWM2c0TURCSXw1ODM4NWRkZDhiMzIwYTA2Nzg5Y2ExOGZlMDUxYWVkN2M4ZWViMjA0MzYzM2QzY2EwOTY1NGMzMDhlNjc2MTgz,https://static.bihr.pro/eBihr/Pictures/EXCEL-pictures.zip,Spain Warehouse (Parts)
1037040,62000,3 1216032H1/3,EXCEL,EXCEL RIM 1216032H1/3,Aro de llanta Excel negro 3 12x1.60 32H1/3,168.99,139.66,97.76,8430525620001,0,8714999089,0,1,,,VEHICLE PARTS & ACCESSORIES,CHASSIS PARTS,CHAS. WHEELS,,1,100,10,10,10,,,,,https://api.mybihr.com/medias/1037040-1-800Wx800H?context=bWFzdGVyfHJvb3R8NTY1ODZ8aW1hZ2UvanBlZ3xhR1ZqTDJnNFpTOHhOVFF4TlRBMU56UTRNVGMxT0M4eE1ETTNNRFF3TFRGZk9EQXdWM2c0TURCSXxmNjQxMzM1OWQ2Y2U4Y2RiYjMyNDk5OTVlYmUyMTA5NDViZmI4NzIyYjc4NDUyZGFkYjdmNzM1NTYxNDIwMjdi,https://static.bihr.pro/eBihr/Pictures/EXCEL-pictures.zip,Spain Warehouse (Parts)
1037072,61988,3 1918536/3,EXCEL,EXCEL RIM 1918536/3,Aro de llanta Excel negro 3 19x1.85 36/3,190.49,157.43,110.20,8430525619883,1,8714999089,0,1,,,VEHICLE PARTS & ACCESSORIES,CHASSIS PARTS,CHAS. WHEELS,,15606,1898,510,510,60,,,,,https://api.mybihr.com/medias/1037072-1-800Wx800H?context=bWFzdGVyfHJvb3R8OTU4OTl8aW1hZ2UvanBlZ3xhR0kzTDJoaU5TOHhOVFF4TlRFek5UWXdNRFkzTUM4eE1ETTNNRGN5TFRGZk9EQXdWM2c0TURCSXwwZmQzZjQ4Y2IwYmMyNGM5M2M2N2Q5ZDRkYjA5NmMzODg2MTRkMTkzMmQ2MzkzZmJiOTc5YWY3MjdjNGUxYjc3,https://static.bihr.pro/eBihr/Pictures/EXCEL-pictures.zip,Spain Warehouse (Parts)
1037039,94236,3 2121536A/3,EXCEL,EXCEL RIM 3 2121536A/3,"Aro de llanta Excel negro 21-2,15 3 2121536A/3",239.00,197.52,138.26,8430525942363,2,8714999089,0,1,,,VEHICLE PARTS & ACCESSORIES,CHASSIS PARTS,CHAS. WHEELS,,27141,3052,620,608,72,,,,,,https://static.bihr.pro/eBihr/Pictures/EXCEL-pictures.zip,Spain Warehouse (Parts)
1037056,61982,3 1742536H/3,EXCEL,EXCEL RIM 1742536H/3,Aro de llanta Excel negro 3 17x4.25 36H/3,338.99,280.16,196.11,8430525619821,0,8714999089,0,1,,,VEHICLE PARTS & ACCESSORIES,CHASSIS PARTS,CHAS. WHEELS,,1,100,10,10,10,,,,,https://api.mybihr.com/medias/1037056-1-800Wx800H?context=bWFzdGVyfHJvb3R8OTg5NzF8aW1hZ2UvanBlZ3xhRFl3TDJnelpTOHhOVFF4TlRBMk16YzNNekl4TkM4eE1ETTNNRFUyTFRGZk9EQXdWM2c0TURCSXxhZTE4ZjY0NWY3OGMyZWRkZDRlOTNjZGYzMWZjNmRkZjRiYmQ4NTYxNDc1OGNlNzQ1YTM0MTcwY2IwOTc2MzVm,https://static.bihr.pro/eBihr/Pictures/EXCEL-pictures.zip,Spain Warehouse (Parts)
1037057,62014,3 1742536H2/3,EXCEL,EXCEL RIM 1742536H2/3,Aro de llanta Excel negro 3 17x4.25 36H2/3,356.49,294.62,206.23,8430525620148,1,8714999089,0,1,,,VEHICLE PARTS & ACCESSORIES,CHASSIS PARTS,CHAS. WHEELS,,40804,3972,504,506,160,,,,,https://api.mybihr.com/medias/1037057-1-800Wx800H?context=bWFzdGVyfHJvb3R8OTY2MDh8aW1hZ2UvanBlZ3xhR1E0TDJneE5pOHhOVFF4TlRBMk5ERTJOalF6TUM4eE1ETTNNRFUzTFRGZk9EQXdWM2c0TURCSXw2NzhlZDY3ODZmNjdjZTBjMWQzZGFkNjg4NTU1NjRiMGE0YzcwZWE5MmU5ODI4NmNlOTZlZDQ3MWI1YWY0YzBl,https://static.bihr.pro/eBihr/Pictures/EXCEL-pictures.zip,Spain Warehouse (Parts)
1123553,,GEG411,EXCEL,"EXCEL RIM RR 19X2,15X32T, GLD",Llanta EXCEL - 19x2.15x32,229.98,190.07,133.05,,2,8714109090,0,1,"<p>Llanta EXCEL.</p>
<ul>
	<li>2,15 x 19</li>
	<li>32 agujeros dorados</li>
	<li>El material es un 15% más resistente que el original</li>
	<li>El mejor producto del sector todoterreno</li>
	<li>La forma de la llanta reduce la acumulación de barro y ayuda a guiar mejor el vehículo.</li>
</ul>","
Llanta EXCEL.

	2,15 x 19
	32 agujeros dorados
	El material es un 15% más resistente que el original
	El mejor producto del sector todoterreno
	La forma de la llanta reduce la acumulación de barro y ayuda a guiar mejor el vehículo.
",VEHICLE PARTS & ACCESSORIES,CHASSIS PARTS,CHAS. WHEELS,,27003,2442,552,526,93,,,,,,https://static.bihr.pro/eBihr/Pictures/EXCEL-pictures.zip,Spain Warehouse (Parts)
1037074,61987,3 216036/3,EXCEL,EXCEL RIM 216036/3,Aro de llanta Excel negro 3 21x1.60 36/3,188.99,156.19,109.33,8430525619876,1,8714999089,0,1,,,VEHICLE PARTS & ACCESSORIES,CHASSIS PARTS,CHAS. WHEELS,,57600,3468,600,600,160,,,,,https://api.mybihr.com/medias/1037074-1-800Wx800H?context=bWFzdGVyfHJvb3R8OTg5OTR8aW1hZ2UvanBlZ3xhRFF3TDJnMU5TOHhOVFF4TlRFek5qTTROekV3TWk4eE1ETTNNRGMwTFRGZk9EQXdWM2c0TURCSXxkZTJjMWQ2Njk5NmI1N2ZhOTc2ODRjZDAwMGZjZGMxMTZiYThjMDkyN2EyYTVkZTY3YjA0MzQyNjI4Y2UxNjA3,https://static.bihr.pro/eBihr/Pictures/EXCEL-pictures.zip,Spain Warehouse (Parts)
1037067,61985,3 1825036/3,EXCEL,EXCEL RIM 1825036/3,Aro de llanta Excel negro 3 18x2.50 36/3,219.99,181.81,127.27,8430525619852,0,8714999089,0,1,,,VEHICLE PARTS & ACCESSORIES,CHASSIS PARTS,CHAS. WHEELS,,25758,2632,530,540,90,,,,,https://api.mybihr.com/medias/1037067-1-800Wx800H?context=bWFzdGVyfHJvb3R8OTk3ODh8aW1hZ2UvanBlZ3xhREEzTDJnM055OHhOVFF4TlRFek16WXpORFU1TUM4eE1ETTNNRFkzTFRGZk9EQXdWM2c0TURCSXw4N2E0NGNjYWYxMjNhOTYwMzllZTg0NzQzMDNmNjA3MDg2OTUzNDBiOWMyZWI4ZWRkZmUxYzczZjk4MGNmYjlm,https://static.bihr.pro/eBihr/Pictures/EXCEL-pictures.zip,Spain Warehouse (Parts)
1037073,61978,3 1921536/3,EXCEL,EXCEL RIM 1921536/3,Aro de llanta Excel negro 3 19x2.15 36/3 GEK409,222.49,183.88,128.72,8430525619784,2,8714999089,0,1,,,VEHICLE PARTS & ACCESSORIES,CHASSIS PARTS,CHAS. WHEELS,,32848,2634,618,88,604,,,,,https://api.mybihr.com/medias/1037073-1-800Wx800H?context=bWFzdGVyfHJvb3R8OTk1Mjl8aW1hZ2UvanBlZ3xhRGM1TDJoaFlTOHhOVFF4TlRFek5UazVNemc0Tmk4eE1ETTNNRGN6TFRGZk9EQXdWM2c0TURCSXw3YzFlYjYxNzg3NjdiMTljZTA2YmRiOGM2OTJhZjMwNWYyZTI4NjYyOThiMTQxOWU1OTk3ZGZmZWI4Yjc3Zjg5,https://static.bihr.pro/eBihr/Pictures/EXCEL-pictures.zip,Spain Warehouse (Parts)
1037076,62002,3 2118536/3,EXCEL,EXCEL RIM 2118536/3,Aro de llanta Excel negro 3 21x1.85 36/3,228.99,189.25,132.48,8430525620025,0,8714999089,0,1,,,VEHICLE PARTS & ACCESSORIES,CHASSIS PARTS,CHAS. WHEELS,,30752,2772,620,620,80,,,,,https://api.mybihr.com/medias/1037076-1-800Wx800H?context=bWFzdGVyfHJvb3R8NTY1ODZ8aW1hZ2UvanBlZ3xhRGs1TDJnd1pDOHhOVFF4TlRFek56RTNNelV6TkM4eE1ETTNNRGMyTFRGZk9EQXdWM2c0TURCSXw4NTQ5ZWIxZjBlODM2MzI3OThjYTUwOGMwMWQ3ZjUzM2RjNTkxMDVhYTI3YzJmYTY4M2M4NGZlNmYwYjNhZjA3,https://static.bihr.pro/eBihr/Pictures/EXCEL-pictures.zip,Spain Warehouse (Parts)
1037071,61990,3 1914032H/3,EXCEL,EXCEL RIM 1914032H/3,Aro de llanta Excel negro 3 19x1.40 32H/3,171.49,141.73,99.21,8430525619906,0,8714999089,0,1,,,VEHICLE PARTS & ACCESSORIES,CHASSIS PARTS,CHAS. WHEELS,,25272,1728,520,540,90,,,,,https://api.mybihr.com/medias/1037071-1-800Wx800H?context=bWFzdGVyfHJvb3R8NTY1ODZ8aW1hZ2UvanBlZ3xhRFUzTDJoak15OHhOVFF4TlRFek5USXdOelExTkM4eE1ETTNNRGN4TFRGZk9EQXdWM2c0TURCSXw0NDFlYzgzODY3YzY5ZDQ1ZTY5N2UzNzk3ZmI1YTFlNTc2MDRlMWE0Yzc3NmU1ZDNhMTEwYTBmYzUwOTZlZTU3,https://static.bihr.pro/eBihr/Pictures/EXCEL-pictures.zip,Spain Warehouse (Parts)
1037054,61995,3 1725032H/3,EXCEL,EXCEL RIM 1725032H/3,Aro de llanta Excel negro 3 17x2.50 32H/3,198.49,164.04,114.83,8430525619951,0,8714999089,0,1,,,VEHICLE PARTS & ACCESSORIES,CHASSIS PARTS,CHAS. WHEELS,,38250,2906,510,500,150,,,,,https://api.mybihr.com/medias/1037054-1-800Wx800H?context=bWFzdGVyfHJvb3R8NTY1ODZ8aW1hZ2UvanBlZ3xhRE5oTDJoaE1TOHhOVFF4TlRBMk1qazROamM0TWk4eE1ETTNNRFUwTFRGZk9EQXdWM2c0TURCSXwzM2VjMmRmNGVkZTFjYjE5ZjRiMWJkODFlNzU2Nzc5ZDBjYjUxZmNlZDgwMzMyMDNhYjdjOTIxZDIxMmU5ZmY0,https://static.bihr.pro/eBihr/Pictures/EXCEL-pictures.zip,Spain Warehouse (Parts)
1037062,61986,3 1755036H/3,EXCEL,EXCEL RIM 1755036H/3,Aro de llanta Excel negro 3 17x5.50 36H/3,480.49,397.10,277.97,8430525619869,2,8714999089,0,1,,,VEHICLE PARTS & ACCESSORIES,CHASSIS PARTS,CHAS. WHEELS,,51000,4710,510,500,200,,,,,https://api.mybihr.com/medias/1037062-1-800Wx800H?context=bWFzdGVyfHJvb3R8OTkwNjN8aW1hZ2UvanBlZ3xhRE00TDJnMVl5OHhOVFF4TlRFek1UWTJPRFV4TUM4eE1ETTNNRFl5TFRGZk9EQXdWM2c0TURCSXw0YjgxZjQzMjNhYjY3OWNiMGQ2OTcyMGZjZDkwZDRhODI1ODg2ZDAyNWUyNWNiNGRmZDgxZDViNGU1NWMyYWE4,https://static.bihr.pro/eBihr/Pictures/EXCEL-pictures.zip,Spain Warehouse (Parts)
1037058,61983,3 1745036H/3,EXCEL,EXCEL RIM 1745036H/3,Aro de llanta Excel negro 3 17x4.50 36H/3,385.00,318.18,222.73,8430525619838,1,8714999089,0,1,,,VEHICLE PARTS & ACCESSORIES,CHASSIS PARTS,CHAS. WHEELS,,41806,4096,510,506,162,,,,,https://api.mybihr.com/medias/1037058-1-800Wx800H?context=bWFzdGVyfHJvb3R8OTkxODN8aW1hZ2UvanBlZ3xhRFkxTDJneU5DOHhOVFF4TlRBMk5EVTFPVFkwTmk4eE1ETTNNRFU0TFRGZk9EQXdWM2c0TURCSXw4ODMxMjNlMmQ4MjlmYzdjOGQ1MzY0ZWY1M2YxZTU1YTRhODljNjhkMTljOWEzMTU2NjQ4MDA5NGI0OTA4NjVm,https://static.bihr.pro/eBihr/Pictures/EXCEL-pictures.zip,Spain Warehouse (Parts)
1037068,62007,3 1825036H3/3,EXCEL,EXCEL RIM 1825036H3/3,Aro de llanta Excel negro 3 18x2.50 36H3/3,199.99,165.28,115.70,8430525620070,0,8714999089,0,1,,,VEHICLE PARTS & ACCESSORIES,CHASSIS PARTS,CHAS. WHEELS,,25272,2,540,520,90,,,,,https://api.mybihr.com/medias/1037068-1-800Wx800H?context=bWFzdGVyfHJvb3R8OTk4MTZ8aW1hZ2UvanBlZ3xhRFF3TDJoall5OHhOVFF4TlRFek5EQXlOemd3Tmk4eE1ETTNNRFk0TFRGZk9EQXdWM2c0TURCSXxiMjFhYTkzY2Q3ODM2NzA1ODk5ZTgzZGE4MzMwMDM1Njc5OGY2YTRmMmE0ZjJlODg1ODJlMDY0YTlhYjk3ZjZl,https://static.bihr.pro/eBihr/Pictures/EXCEL-pictures.zip,Spain Warehouse (Parts)
