PartNumber,OldPartNumber,SupplierProductCode,Brand,ProductName,Designation,RetailPriceIncludingTax,RetailPriceExcludingTax,BaseDealerPriceExcludingTax,BarCode,StockValue,CommodityCode,OnDemand,DropShipping,HtmlDescription,Description,Category1,Category2,Category3,Volume (cm³),Weight (g),Length (mm),Width (mm),Height (mm),Picture1,AllPicturesZIP,DeliveryPlant
1021176,,WE437248,EPI,EPI CLUTCH KIT SPORT UTILITY,EPI Sport Utility Clutch Upgrade Kit Yamaha Kodiak 700,508.20,420.00,273.00,129052,1,8708939090,0,1,"<html> <head> <meta http-equiv=""Content-Type"" content=""text/html; charset=utf-8""><title> </title> <style type=""text/css"">.cs95E872D0{text-align:left;margin:0pt 0pt 0pt 0pt;}.csA7555675{color:#000;background-color:transparent;font-weight:normal;font-style:normal;}.csC57700C4{color:#000;background-color:transparent;font-weight:bold;font-style:normal;}.cs4FC7BF42{text-align:left;margin:0pt 0pt 0pt 0pt;list-style-type:disc;color:#000;background-color:transparent;font-weight:normal;font-style:normal;}</style> </head> <body> <p>The Sport Utility upgrade kit is the solution to upgrade, preserve and provide a lasting replacement for some of the consumable components of your clutch.</p><p> </p><p>The kit provides:</p><p> </p><ul start=""1""> <li>Improved acceleration from low RPM and through the midrange</li><li>Faster gear shifts</li><li>Reduced residual power loss</li><li>Reduced drive belt friction (slip) and therefore reduces clutch heating</li><li>Extended clutch service life</li></ul> <p> </p><p>This kit is recommended in particular for:</p><p> </p><ul start=""1""> <li>Machines fitted with large diameter wheels or widening kits</li><li>A high-performance exhaust</li><li>Increases the power output and responsiveness of the machine</li><li>Pulling or pushing manoeuvres: pull behind spreader, snow clearing blade, etc.</li><li>Use in challenging conditions: mud, sand, etc.</li></ul> <p> </p></body> </html>","       The Sport Utility upgrade kit is the solution to upgrade, preserve and provide a lasting replacement for some of the consumable components of your clutch. The kit provides:  Improved acceleration from low RPM and through the midrangeFaster gear shiftsReduced residual power lossReduced drive belt friction (slip) and therefore reduces clutch heatingExtended clutch service life  This kit is recommended in particular for:  Machines fitted with large diameter wheels or widening kitsA high-performance exhaustIncreases the power output and responsiveness of the machinePulling or pushing manoeuvres: pull behind spreader, snow clearing blade, etc.Use in challenging conditions: mud, sand, etc.   ",VEHICLE PARTS & ACCESSORIES,ENGINE PARTS,ENG. CLUTCH,4649,1265,246,175,108,https://api.mybihr.com/medias/1021176-1-800Wx800H?context=bWFzdGVyfHJvb3R8MTQ2MjMyfGltYWdlL2pwZWd8YURkaUwyaG1OaTg0T1RNNE5qSXpPVEkyTXpBeUx6RXdNakV4TnpZdE1WODRNREJYZURnd01FZ3xiNTRhMzJiMzhiNjRlMzg4MGIwOGNmNmEzNTdmODAxNzdmODg2NGM1MzkyMmZlNjYwZDg0YmZhNTUxNDg1NGFh,https://static.bihr.pro/eBihr/Pictures/EPI-pictures.zip,France Warehouse (Parts)
1021191,,775475S,EPI,EPI SPAREPARTS ADJUSTABLE WEIGHTS,EPI Sport Utility Clutch Upgrade Kit Yamaha Kodiak 700,411.40,340.00,221.00,129053,1,8708939090,0,1,"<html> <head> <meta http-equiv=""Content-Type"" content=""text/html; charset=utf-8""><title> </title> <style type=""text/css"">.cs95E872D0{text-align:left;margin:0pt 0pt 0pt 0pt;}.csA7555675{color:#000;background-color:transparent;font-weight:normal;font-style:normal;}.csC57700C4{color:#000;background-color:transparent;font-weight:bold;font-style:normal;}.cs4FC7BF42{text-align:left;margin:0pt 0pt 0pt 0pt;list-style-type:disc;color:#000;background-color:transparent;font-weight:normal;font-style:normal;}</style> </head> <body> <p>The Sport Utility upgrade kit is the solution to upgrade, preserve and provide a lasting replacement for some of the consumable components of your clutch.</p><p> </p><p>The kit provides:</p><p> </p><ul start=""1""> <li>Improved acceleration from low RPM and through the midrange</li><li>Faster gear shifts</li><li>Reduced residual power loss</li><li>Reduced drive belt friction (slip) and therefore reduces clutch heating</li><li>Extended clutch service life</li></ul> <p> </p><p>This kit is recommended in particular for:</p><p> </p><ul start=""1""> <li>Machines fitted with large diameter wheels or widening kits</li><li>A high-performance exhaust</li><li>Increases the power output and responsiveness of the machine</li><li>Pulling or pushing manoeuvres: pull behind spreader, snow clearing blade, etc.</li><li>Use in challenging conditions: mud, sand, etc.</li></ul> <p> </p></body> </html>","       The Sport Utility upgrade kit is the solution to upgrade, preserve and provide a lasting replacement for some of the consumable components of your clutch. The kit provides:  Improved acceleration from low RPM and through the midrangeFaster gear shiftsReduced residual power lossReduced drive belt friction (slip) and therefore reduces clutch heatingExtended clutch service life  This kit is recommended in particular for:  Machines fitted with large diameter wheels or widening kitsA high-performance exhaustIncreases the power output and responsiveness of the machinePulling or pushing manoeuvres: pull behind spreader, snow clearing blade, etc.Use in challenging conditions: mud, sand, etc.   ",VEHICLE PARTS & ACCESSORIES,ENGINE PARTS,ENG. CLUTCH,767,335,181,106,40,https://api.mybihr.com/medias/1021191-1-800Wx800H?context=bWFzdGVyfHJvb3R8MTQ2MjMyfGltYWdlL2pwZWd8YURaaEwyZzRNUzg0T1RBeE56WTRNelEzTmpjNEx6RXdNakV4T1RFdE1WODRNREJYZURnd01FZ3wyY2EwNjZjMzIzYTk4OWY5NTMwZjIxNjhhZThlZjY2ZWQ2ODg4MTdhY2ZhYWMzZjk1YzBmOTllMDc4YWM5ZDc1,https://static.bihr.pro/eBihr/Pictures/EPI-pictures.zip,France Warehouse (Parts)
1021142,,AW443150,EPI,EPI CLUTCH KIT SPORT UTILITY,EPI Sport Utility Kawasaki 750 BRUTE FORCE EFI/4 x4i clutch upgrade kit,399.30,330.00,198.00,AW443150,1,8708939090,0,1,"<p>The Sport Utility upgrade kit is the solution for optimising , preserving and providing a lasting replacement for some of the consumable components of your clutch.</p><p><strong>The kit provides:</strong><br></p><ul><li>Improved acceleration from low RPM and through the midrange</li><li>Faster gear shifts</li><li>Reduced residual power loss</li><li>Reduced drive belt friction (slip) and therefore reduces clutch heating</li><li>Extended clutch service life</li></ul><p><strong>This kit is recommended in particular for:</strong></p><ul><li>Machines fitted with large diameter wheels or widening kits</li><li>A high-performance exhaust</li><li>Increase the power output and responsiveness of the machine</li><li>Pulling or pushing manoeuvres: pull behind spreader, snow clearing blade, etc.</li><li>Use in challenging conditions: mud, sand, etc.</li></ul>","
The Sport Utility upgrade kit is the solution for optimising , preserving and providing a lasting replacement for some of the consumable components of your clutch.
The kit provides:Improved acceleration from low RPM and through the midrangeFaster gear shiftsReduced residual power lossReduced drive belt friction (slip) and therefore reduces clutch heatingExtended clutch service life
This kit is recommended in particular for:Machines fitted with large diameter wheels or widening kitsA high-performance exhaustIncrease the power output and responsiveness of the machinePulling or pushing manoeuvres: pull behind spreader, snow clearing blade, etc.Use in challenging conditions: mud, sand, etc.",VEHICLE PARTS & ACCESSORIES,ENGINE PARTS,ENG. CLUTCH,4489,695,242,175,106,https://api.mybihr.com/medias/1021142-1-800Wx800H?context=bWFzdGVyfHJvb3R8NTUwNTF8aW1hZ2UvanBlZ3xhR1EzTDJnMlpDODRPVFV6TWpZNE9UazBNRGM0THpFd01qRXhOREl0TVY4NE1EQlhlRGd3TUVnfDYxN2U2M2I5MWJhNGZjNzdiNjQzYjEwZWNiZmY2ZDAyMTZiZjZjMTNmNWZkMGE5YmM4NTExZWQxNzU2NWU0NWQ,https://static.bihr.pro/eBihr/Pictures/EPI-pictures.zip,France Warehouse (Parts)
1021149,,WE415082,EPI,EPI CLUTCH KIT SPORT UTILITY,EPI Sport Utility Polaris 500 SPORTSMAN HO Carb 4x4 clutch upgrade kit,484.00,400.00,260.00,WE415082,2,8708939090,0,1,"<p>The Sport Utility upgrade kit is the solution for optimising , preserving and providing a lasting replacement for some of the consumable components of your clutch.</p><p><strong>The kit provides:</strong><br></p><ul><li>Improved acceleration from low RPM and through the midrange</li><li>Faster gear shifts</li><li>Reduced residual power loss</li><li>Reduced drive belt friction (slip) and therefore reduces clutch heating</li><li>Extended clutch service life</li></ul><p><strong>This kit is recommended in particular for:</strong></p><ul><li>Machines fitted with large diameter wheels or widening kits</li><li>A high-performance exhaust</li><li>Increase the power output and responsiveness of the machine</li><li>Pulling or pushing manoeuvres: pull behind spreader, snow clearing blade, etc.</li><li>Use in challenging conditions: mud, sand, etc.</li></ul>","
The Sport Utility upgrade kit is the solution for optimising , preserving and providing a lasting replacement for some of the consumable components of your clutch.
The kit provides:Improved acceleration from low RPM and through the midrangeFaster gear shiftsReduced residual power lossReduced drive belt friction (slip) and therefore reduces clutch heatingExtended clutch service life
This kit is recommended in particular for:Machines fitted with large diameter wheels or widening kitsA high-performance exhaustIncrease the power output and responsiveness of the machinePulling or pushing manoeuvres: pull behind spreader, snow clearing blade, etc.Use in challenging conditions: mud, sand, etc.",VEHICLE PARTS & ACCESSORIES,ENGINE PARTS,ENG. CLUTCH,4508,1222,243,175,106,https://api.mybihr.com/medias/1021149-1-800Wx800H?context=bWFzdGVyfHJvb3R8NTUwNTF8aW1hZ2UvanBlZ3xhRGM0TDJnelpDODRPVE0wTnpjMk56WTJORGswTHpFd01qRXhORGt0TVY4NE1EQlhlRGd3TUVnfGExOGUzZjhjNjQyZjQ3MTY3ZDNhZjUwMmVmZjdkZjU2NGNkMzIzYjdiOWRmOGY1YmJiNjM5YmQ2Y2Q4NDcwYjk,https://static.bihr.pro/eBihr/Pictures/EPI-pictures.zip,France Warehouse (Parts)
1021182,,WE437437,EPI,EPI CLUTCH KIT SPORT UTILITY,EPI Sport Utility Clutch Upgrade Kit Polaris Sportsman,508.20,420.00,252.00,WE437437,2,8708939090,0,1,"<html> <head> <meta http-equiv=""Content-Type"" content=""text/html; charset=utf-8""><title> </title> <style type=""text/css"">.cs95E872D0{text-align:left;margin:0pt 0pt 0pt 0pt;}.csA7555675{color:#000;background-color:transparent;font-weight:normal;font-style:normal;}.csC57700C4{color:#000;background-color:transparent;font-weight:bold;font-style:normal;}.cs4FC7BF42{text-align:left;margin:0pt 0pt 0pt 0pt;list-style-type:disc;color:#000;background-color:transparent;font-weight:normal;font-style:normal;}</style> </head> <body> <p>The Sport Utility upgrade kit is the solution to upgrade, preserve and provide a lasting replacement for some of the consumable components of your clutch.</p><p> </p><p>The kit provides:</p><p> </p><ul start=""1""> <li>Improved acceleration from low RPM and through the midrange</li><li>Faster gear shifts</li><li>Reduced residual power loss</li><li>Reduced drive belt friction (slip) and therefore reduces clutch heating</li><li>Extended clutch service life</li></ul> <p> </p><p>This kit is recommended in particular for:</p><p> </p><ul start=""1""> <li>Machines fitted with large diameter wheels or widening kits</li><li>A high-performance exhaust</li><li>Increases the power output and responsiveness of the machine</li><li>Pulling or pushing manoeuvres: pull behind spreader, snow clearing blade, etc.</li><li>Use in challenging conditions: mud, sand, etc.</li></ul> <p> </p></body> </html>","       The Sport Utility upgrade kit is the solution to upgrade, preserve and provide a lasting replacement for some of the consumable components of your clutch. The kit provides:  Improved acceleration from low RPM and through the midrangeFaster gear shiftsReduced residual power lossReduced drive belt friction (slip) and therefore reduces clutch heatingExtended clutch service life  This kit is recommended in particular for:  Machines fitted with large diameter wheels or widening kitsA high-performance exhaustIncreases the power output and responsiveness of the machinePulling or pushing manoeuvres: pull behind spreader, snow clearing blade, etc.Use in challenging conditions: mud, sand, etc.   ",VEHICLE PARTS & ACCESSORIES,ENGINE PARTS,ENG. CLUTCH,4600,1386,248,175,106,https://api.mybihr.com/medias/1021182-1-800Wx800H?context=bWFzdGVyfHJvb3R8NTA3OTJ8aW1hZ2UvanBlZ3xhR0ZoTDJobVl5ODRPVEE1TmpjeU5qUTBOak00THpFd01qRXhPREl0TVY4NE1EQlhlRGd3TUVnfDZkNTllZWM1OTVkYThkNDIzZDExYzZhNzY2M2QwNzkwMjYwZmE3OTcwMTZhZWExNWIwNjNlZmVjZjYwZGMzYjQ,https://static.bihr.pro/eBihr/Pictures/EPI-pictures.zip,France Warehouse (Parts)
1021153,,WE436522,EPI,EPI CLUTCH KIT SPORT UTILITY,OUTLANDEREPI Sport Utility Can -Am 800-EFI clutch upgrade kit,484.00,400.00,260.00,WE436522,1,8708939090,0,1,"<p>The Sport Utility upgrade kit is the solution for optimising , preserving and providing a lasting replacement for some of the consumable components of your clutch.</p><p>The kit provides:</p><ul><li>Improved acceleration from low RPM and through the midrange</li><li>Faster gear shifts</li><li>Reduced residual power loss</li><li>Reduced drive belt friction (slip) and therefore reduces clutch heating</li><li>Extended clutch service life</li></ul><p>This kit is recommended in particular for:</p><ul><li>Machines fitted with large diameter wheels or widening kits</li><li>A high-performance exhaust</li><li>Increase the power output and responsiveness of the machine</li><li>Pulling or pushing manoeuvres: pull behind spreader, snow clearing blade, etc.</li><li>Use in challenging conditions: mud, sand, etc.</li></ul><p> </p>","
The Sport Utility upgrade kit is the solution for optimising , preserving and providing a lasting replacement for some of the consumable components of your clutch.
The kit provides:Improved acceleration from low RPM and through the midrangeFaster gear shiftsReduced residual power lossReduced drive belt friction (slip) and therefore reduces clutch heatingExtended clutch service life
This kit is recommended in particular for:Machines fitted with large diameter wheels or widening kitsA high-performance exhaustIncrease the power output and responsiveness of the machinePulling or pushing manoeuvres: pull behind spreader, snow clearing blade, etc.Use in challenging conditions: mud, sand, etc.
 ",VEHICLE PARTS & ACCESSORIES,ENGINE PARTS,ENG. CLUTCH,4452,735,240,175,106,https://api.mybihr.com/medias/1021153-1-800Wx800H?context=bWFzdGVyfHJvb3R8NTcxNDR8aW1hZ2UvanBlZ3xhRGN6TDJoak1pODRPVFExTnprNE5EUTNNVE0wTHpFd01qRXhOVE10TVY4NE1EQlhlRGd3TUVnfDc3Yzk3YmZhMTVhY2Y5NmM1Mzg4MmNkMTZhMzc1ZTZmYzAyNmVjZTFhODg4OWY2ZGI1MDNiMGRjMjE1OThjMmE,https://static.bihr.pro/eBihr/Pictures/EPI-pictures.zip,France Warehouse (Parts)
